#
# A fatal error has been detected by the Java Runtime Environment:
#
#  EXCEPTION_ACCESS_VIOLATION (0xc0000005) at pc=0x00007ffdc717e3b9, pid=6080, tid=3804
#
# JRE version: OpenJDK Runtime Environment JBR-17.0.14+1-1367.22-nomod (17.0.14+1) (build 17.0.14+1-b1367.22)
# Java VM: OpenJDK 64-Bit Server VM JBR-17.0.14+1-1367.22-nomod (17.0.14+1-b1367.22, mixed mode, sharing, tiered, compressed oops, compressed class ptrs, g1 gc, windows-amd64)
# Problematic frame:
# V  [jvm.dll+0x30e3b9]  G1ParScanThreadState::trim_queue_to_threshold+0x3d9
#
# No core dump will be written. Minidumps are not enabled by default on client versions of Windows
#
# If you would like to submit a bug report, please visit:
#   https://youtrack.jetbrains.com/issues/JBR
#

---------------  S U M M A R Y ------------

Command Line: --add-opens=java.base/java.util=ALL-UNNAMED --add-opens=java.base/java.lang=ALL-UNNAMED --add-opens=java.base/java.lang.invoke=ALL-UNNAMED --add-opens=java.prefs/java.util.prefs=ALL-UNNAMED --add-exports=jdk.compiler/com.sun.tools.javac.api=ALL-UNNAMED --add-exports=jdk.compiler/com.sun.tools.javac.util=ALL-UNNAMED --add-opens=java.base/java.nio.charset=ALL-UNNAMED --add-opens=java.base/java.net=ALL-UNNAMED --add-opens=java.base/java.util.concurrent.atomic=ALL-UNNAMED -Xmx4096m -Dfile.encoding=UTF-8 -Duser.country=US -Duser.language=en -Duser.variant -javaagent:C:\Users\prasa\.gradle\wrapper\dists\gradle-8.10.2-bin\a04bxjujx95o3nb99gddekhwo\gradle-8.10.2\lib\agents\gradle-instrumentation-agent-8.10.2.jar org.gradle.launcher.daemon.bootstrap.GradleDaemon 8.10.2

Host: AMD A4-4300M APU with Radeon(tm) HD Graphics   , 2 cores, 7G,  Windows 10 , 64 bit Build 19041 (10.0.19041.5915)
Time: Sun May 10 08:59:58 2026 India Standard Time elapsed time: 3917.639731 seconds (0d 1h 5m 17s)

---------------  T H R E A D  ---------------

Current thread (0x000001efe1847b00):  GCTaskThread "GC Thread#0" [stack: 0x00000001ef000000,0x00000001ef100000] [id=3804]

Stack: [0x00000001ef000000,0x00000001ef100000],  sp=0x00000001ef0ff6a0,  free space=1021k
Native frames: (J=compiled Java code, j=interpreted, Vv=VM code, C=native code)
V  [jvm.dll+0x30e3b9]  G1ParScanThreadState::trim_queue_to_threshold+0x3d9  (g1ParScanThreadState.cpp:296)
V  [jvm.dll+0x30b19e]  G1ParScanThreadState::trim_queue_partially+0x5e  (g1ParScanThreadState.inline.hpp:55)
V  [jvm.dll+0x3197c3]  G1ScanHRForRegionClosure::do_claimed_block+0xc3  (g1RemSet.cpp:817)
V  [jvm.dll+0x31b75e]  G1ScanHRForRegionClosure::scan_heap_roots+0x35e  (g1RemSet.cpp:853)
V  [jvm.dll+0x319ddd]  G1ScanHRForRegionClosure::do_heap_region+0x4d  (g1RemSet.cpp:899)
V  [jvm.dll+0x31b2fa]  G1RemSet::scan_heap_roots+0xda  (g1RemSet.cpp:917)
V  [jvm.dll+0x2e4f43]  G1EvacuateRegionsTask::scan_roots+0x53  (g1CollectedHeap.cpp:3687)
V  [jvm.dll+0x2e69cb]  G1EvacuateRegionsBaseTask::work+0x9b  (g1CollectedHeap.cpp:3673)
V  [jvm.dll+0x87356b]  GangWorker::loop+0x5b  (workgroup.cpp:260)
V  [jvm.dll+0x8735b6]  GangWorker::run+0x16  (workgroup.cpp:227)
V  [jvm.dll+0x7f3a1c]  Thread::call_run+0x8c  (thread.cpp:405)
V  [jvm.dll+0x68a7c7]  thread_native_entry+0x77  (os_windows.cpp:551)
C  [ucrtbase.dll+0x21bb2]
C  [KERNEL32.DLL+0x17374]
C  [ntdll.dll+0x4cc91]


siginfo: EXCEPTION_ACCESS_VIOLATION (0xc0000005), reading address 0x0000000000100000


Registers:
RAX=0x0000000000000000, RBX=0x0000000733a4a0bd, RCX=0x0000000000000015, RDX=0x0000000000000000
RSP=0x00000001ef0ff6a0, RBP=0x0000000000006f7b, RSI=0x0000000733a4a0bc, RDI=0x000001efc7ae0280
R8 =0x00000007a935cdf8, R9 =0x00007ffdc79a1fc8, R10=0x0000000000100000, R11=0xfffffffffc72da7a
R12=0x00000001ef0ff900, R13=0x000001efe17db7b0, R14=0x0000000000000040, R15=0x0000000000000000
RIP=0x00007ffdc717e3b9, EFLAGS=0x0000000000010246


Register to memory mapping:

RIP=0x00007ffdc717e3b9 jvm.dll::G1ParScanThreadState::trim_queue_to_threshold + 0x3d9
RAX=0x0 is NULL
RBX=0x0000000733a4a0bd is pointing into object: [Ljava.util.concurrent.ConcurrentHashMap$Node; 
{0x0000000733a00000} - klass: 'java/util/concurrent/ConcurrentHashMap$Node'[]
 - length: 524288
RCX=0x0000000000000015 is an unknown value
RDX=0x0 is NULL
RSP=0x00000001ef0ff6a0 points into unknown readable memory: 0x000000000019d44f | 4f d4 19 00 00 00 00 00
RBP=0x0000000000006f7b is an unknown value
RSI=0x0000000733a4a0bc is pointing into object: [Ljava.util.concurrent.ConcurrentHashMap$Node; 
{0x0000000733a00000} - klass: 'java/util/concurrent/ConcurrentHashMap$Node'[]
 - length: 524288
RDI=0x000001efc7ae0280 points into unknown readable memory: 0x00007ffdc77dbe38 | 38 be 7d c7 fd 7f 00 00
R8 =0x00000007a935cdf8 is an oop: com.android.tools.r8.graph.I2 
{0x00000007a935cdf8} - klass: 'com/android/tools/r8/graph/I2'
 - ---- fields (total size 3 words):
 - public volatile 'b' 'I' @12  1619674902 (608a4716)
 - public final 'e' 'I' @16  157 (9d)
 - public final 'f' '[B' @20  [B{0x00000007a935ce10} (f526b9c2)
R9 =0x00007ffdc79a1fc8 jvm.dll::OopOopIterateBackwardsDispatch<G1ScanEvacuatedObjClosure>::_table + 0x0
R10=0x0000000000100000 is an unknown value
R11=0xfffffffffc72da7a is an unknown value
R12=0x00000001ef0ff900 points into unknown readable memory: 0x00007ffdc77dcef0 | f0 ce 7d c7 fd 7f 00 00
R13=0x000001efe17db7b0 points into unknown readable memory: 0x0000000000000800 | 00 08 00 00 00 00 00 00
R14=0x0000000000000040 is an unknown value
R15=0x0 is NULL


Top of Stack: (sp=0x00000001ef0ff6a0)
0x00000001ef0ff6a0:   000000000019d44f 000000000399d44f
0x00000001ef0ff6b0:   0000000000000008 0000000000000001
0x00000001ef0ff6c0:   000001eff4944800 0000000000000001
0x00000001ef0ff6d0:   0000000000000040 00000001ef0ff900
0x00000001ef0ff6e0:   000000072e903400 00007ffdc717b19e
0x00000001ef0ff6f0:   00000001ef0ff7a0 000001efc7ae0280
0x00000001ef0ff700:   000001eff4944800 0000000000000001
0x00000001ef0ff710:   000000091ea68185 0000000000000000
0x00000001ef0ff720:   00000001ef0ff900 000000072e903400
0x00000001ef0ff730:   000000072e903608 00007ffdc71897c3
0x00000001ef0ff740:   000000072e903400 00000001ef0ff760
0x00000001ef0ff750:   00000001ef0ff770 000001efe1848070
0x00000001ef0ff760:   000000072e903400 0000000000000040
0x00000001ef0ff770:   00007ffdc77dcd08 0000000000000000
0x00000001ef0ff780:   000001efe17eec20 000001efc7ae0280
0x00000001ef0ff790:   000001eff4944840 00007ffdc718b75e
0x00000001ef0ff7a0:   000000000017481a 000001eff494481c
0x00000001ef0ff7b0:   000000000000001b 0000000000000001
0x00000001ef0ff7c0:   000001efd972c910 00000000000083b0
0x00000001ef0ff7d0:   000001efd972dcb0 000001efd97348f8
0x00000001ef0ff7e0:   0000000000000000 0000000000000000
0x00000001ef0ff7f0:   0000001c85000000 0000000000000000
0x00000001ef0ff800:   00000001ef0ff880 00007ffdc7172e82
0x00000001ef0ff810:   00000001ef0ff958 0000000000000001
0x00000001ef0ff820:   0000000000000070 000001efe17dc230
0x00000001ef0ff830:   000000000000000f 000001efd05279c0
0x00000001ef0ff840:   000001efe17db7b0 00000001ef0ff969
0x00000001ef0ff850:   00000001ef0ff900 00007ffdc7189ddd
0x00000001ef0ff860:   0000000100000174 000001efdf6a7ca0
0x00000001ef0ff870:   0000000000174800 0000000000000174
0x00000001ef0ff880:   000001efc7ae0280 000000091ea6816c
0x00000001ef0ff890:   0000000000000000 00000001ef0ff958 

Instructions: (pc=0x00007ffdc717e3b9)
0x00007ffdc717e2b9:   ff 48 8d 53 fe 48 8b cf e8 5a f4 ff ff e9 35 fd
0x00007ffdc717e2c9:   ff ff 0f 1f 44 00 00 48 8b 77 10 8b ae 80 00 00
0x00007ffdc717e2d9:   00 8b cd 8b 86 00 01 00 00 2b c8 81 e1 ff ff 01
0x00007ffdc717e2e9:   00 41 3b ce 0f 86 e9 02 00 00 ff cd 81 e5 ff ff
0x00007ffdc717e2f9:   01 00 89 ae 80 00 00 00 e8 9a e6 36 00 90 8b d5
0x00007ffdc717e309:   8b 86 00 01 00 00 8b cd 48 8b 9e 80 01 00 00 2b
0x00007ffdc717e319:   c8 81 e1 ff ff 01 00 81 f9 ff ff 01 00 48 8b 1c
0x00007ffdc717e329:   eb 41 0f 44 cf 85 c9 75 3d 90 89 6c 24 50 48 8b
0x00007ffdc717e339:   86 00 01 00 00 48 8b c8 48 c1 e9 20 ff c1 89 4c
0x00007ffdc717e349:   24 54 3b e8 0f 85 77 02 00 00 48 c1 e1 20 48 0b
0x00007ffdc717e359:   ca f0 48 0f b1 8e 00 01 00 00 0f 85 61 02 00 00
0x00007ffdc717e369:   8b 86 00 01 00 00 f6 c3 01 0f 84 2f 01 00 00 8b
0x00007ffdc717e379:   0d 7a 2f 82 00 48 8d 73 ff 48 8b 47 08 44 8b 16
0x00007ffdc717e389:   49 d3 e2 4c 03 15 5d 2f 82 00 8b 88 b0 05 00 00
0x00007ffdc717e399:   49 8b d2 48 8b 80 a0 05 00 00 48 d3 ea 0f b7 14
0x00007ffdc717e3a9:   50 0f b7 c2 66 c1 e8 08 84 c0 0f 88 17 ff ff ff
0x00007ffdc717e3b9:   4d 8b 02 41 0f b6 c0 24 03 3c 03 75 1e 44 38 3d
0x00007ffdc717e3c9:   45 f6 88 00 74 0f 41 0f b6 c0 24 07 3c 05 75 05
0x00007ffdc717e3d9:   4d 8b c7 eb 17 49 83 e0 fc eb 11 4d 8b c8 48 8b
0x00007ffdc717e3e9:   cf 4d 8b c2 e8 1e ef ff ff 4c 8b c0 8b 0d fd 2e
0x00007ffdc717e3f9:   82 00 49 8b d0 48 2b 15 eb 2e 82 00 48 d3 ea 89
0x00007ffdc717e409:   16 49 8b d0 8b 0d 7d fe 88 00 48 33 d6 48 d3 ea
0x00007ffdc717e419:   48 85 d2 0f 84 ae fe ff ff 48 8b 47 08 48 8b d6
0x00007ffdc717e429:   8b 88 c0 01 00 00 48 8b 80 b0 01 00 00 48 d3 ea
0x00007ffdc717e439:   48 8b 0c d0 8b 81 98 00 00 00 d1 e8 a8 01 0f 85
0x00007ffdc717e449:   83 fe ff ff 48 8b 47 08 8b 88 b0 05 00 00 48 8b
0x00007ffdc717e459:   80 a0 05 00 00 49 d3 e8 46 38 3c 40 0f 84 65 fe
0x00007ffdc717e469:   ff ff 48 8b 47 60 48 c1 ee 09 48 8b 58 40 48 8b
0x00007ffdc717e479:   48 38 48 03 de 48 2b d9 48 39 9f b0 01 00 00 0f
0x00007ffdc717e489:   84 42 fe ff ff 48 8d 14 0b 48 8d 4f 18 e8 d5 40
0x00007ffdc717e499:   00 00 48 89 9f b0 01 00 00 e9 29 fe ff ff f6 c3
0x00007ffdc717e4a9:   03 0f 85 09 01 00 00 48 8b 47 08 4c 8b 13 49 8b 


Stack slot to memory mapping:
stack at sp + 0 slots: 0x000000000019d44f is an unknown value
stack at sp + 1 slots: 0x000000000399d44f is an unknown value
stack at sp + 2 slots: 0x0000000000000008 is an unknown value
stack at sp + 3 slots: 0x0000000000000001 is an unknown value
stack at sp + 4 slots: 0x000001eff4944800 points into unknown readable memory: 0xffffffffffffffff | ff ff ff ff ff ff ff ff
stack at sp + 5 slots: 0x0000000000000001 is an unknown value
stack at sp + 6 slots: 0x0000000000000040 is an unknown value
stack at sp + 7 slots: 0x00000001ef0ff900 points into unknown readable memory: 0x00007ffdc77dcef0 | f0 ce 7d c7 fd 7f 00 00


---------------  P R O C E S S  ---------------

Threads class SMR info:
_java_thread_list=0x000001efcb070710, length=67, elements={
0x000001efe17dc410, 0x000001efff96d010, 0x000001efff96dda0, 0x000001efff981100,
0x000001efff983df0, 0x000001efff9846c0, 0x000001efff984f90, 0x000001efff985d80,
0x000001efff995230, 0x000001efffb27fd0, 0x000001efff958ca0, 0x000001efffd0b3a0,
0x000001efc6550250, 0x000001efc6482420, 0x000001efc5899c00, 0x000001efc67b93d0,
0x000001efc67ba300, 0x000001efc67b7a80, 0x000001efc67b9df0, 0x000001efc67b7570,
0x000001efc712ab50, 0x000001efc712bf90, 0x000001efc712e810, 0x000001efc7130160,
0x000001efc9e29d70, 0x000001efc9e25180, 0x000001efc9e26ad0, 0x000001efc9e27a00,
0x000001efc9e28420, 0x000001efc9e28930, 0x000001efc9e23830, 0x000001efc9e29350,
0x000001efc9e23d40, 0x000001efc9e24760, 0x000001efc9e24c70, 0x000001efc7130670,
0x000001efc712e300, 0x000001efc712d3d0, 0x000001efc712a130, 0x000001efc712b060,
0x000001efc712c4a0, 0x000001efc7129c20, 0x000001efc712a640, 0x000001efc712cec0,
0x000001efc67b8ec0, 0x000001efc67b98e0, 0x000001efc67b7060, 0x000001efc97909a0,
0x000001efc978ff80, 0x000001efc9792800, 0x000001efc97913c0, 0x000001efc978f050,
0x000001efc9791de0, 0x000001efc67ba810, 0x000001efd005f280, 0x000001efd0064380,
0x000001efd0062f40, 0x000001efd0062010, 0x000001efd00610e0, 0x000001efd0062520,
0x000001efd00601b0, 0x000001efd0064da0, 0x000001efd7c73210, 0x000001efd7c75070,
0x000001efd6e05dc0, 0x000001efd6e08b50, 0x000001efd6e0a9b0
}

Java Threads: ( => current thread )
  0x000001efe17dc410 JavaThread "main" [_thread_blocked, id=7784, stack(0x00000001eef00000,0x00000001ef000000)]
  0x000001efff96d010 JavaThread "Reference Handler" daemon [_thread_blocked, id=2748, stack(0x00000001ef600000,0x00000001ef700000)]
  0x000001efff96dda0 JavaThread "Finalizer" daemon [_thread_blocked, id=5800, stack(0x00000001ef700000,0x00000001ef800000)]
  0x000001efff981100 JavaThread "Signal Dispatcher" daemon [_thread_blocked, id=2940, stack(0x00000001ef800000,0x00000001ef900000)]
  0x000001efff983df0 JavaThread "Attach Listener" daemon [_thread_blocked, id=184, stack(0x00000001ef900000,0x00000001efa00000)]
  0x000001efff9846c0 JavaThread "Service Thread" daemon [_thread_blocked, id=5776, stack(0x00000001efa00000,0x00000001efb00000)]
  0x000001efff984f90 JavaThread "Monitor Deflation Thread" daemon [_thread_blocked, id=2400, stack(0x00000001efb00000,0x00000001efc00000)]
  0x000001efff985d80 JavaThread "C2 CompilerThread0" daemon [_thread_blocked, id=1252, stack(0x00000001efc00000,0x00000001efd00000)]
  0x000001efff995230 JavaThread "C1 CompilerThread0" daemon [_thread_blocked, id=6880, stack(0x00000001efd00000,0x00000001efe00000)]
  0x000001efffb27fd0 JavaThread "Sweeper thread" daemon [_thread_blocked, id=180, stack(0x00000001efe00000,0x00000001eff00000)]
  0x000001efff958ca0 JavaThread "Common-Cleaner" daemon [_thread_blocked, id=8936, stack(0x00000001eff00000,0x00000001f0000000)]
  0x000001efffd0b3a0 JavaThread "Notification Thread" daemon [_thread_blocked, id=8720, stack(0x00000001f0000000,0x00000001f0100000)]
  0x000001efc6550250 JavaThread "Daemon health stats" [_thread_blocked, id=6320, stack(0x00000001f0300000,0x00000001f0400000)]
  0x000001efc6482420 JavaThread "Incoming local TCP Connector on port 65157" [_thread_in_native, id=6372, stack(0x00000001f0400000,0x00000001f0500000)]
  0x000001efc5899c00 JavaThread "Daemon periodic checks" [_thread_blocked, id=2616, stack(0x00000001f0500000,0x00000001f0600000)]
  0x000001efc67b93d0 JavaThread "Cache worker for journal cache (C:\Users\prasa\.gradle\caches\journal-1)" [_thread_blocked, id=2168, stack(0x00000001f0d00000,0x00000001f0e00000)]
  0x000001efc67ba300 JavaThread "File lock request listener" [_thread_in_native, id=7100, stack(0x00000001f0e00000,0x00000001f0f00000)]
  0x000001efc67b7a80 JavaThread "Cache worker for file hash cache (C:\Users\prasa\.gradle\caches\8.10.2\fileHashes)" [_thread_blocked, id=7888, stack(0x00000001f0f00000,0x00000001f1000000)]
  0x000001efc67b9df0 JavaThread "File watcher server" daemon [_thread_blocked, id=6648, stack(0x00000001f1200000,0x00000001f1300000)]
  0x000001efc67b7570 JavaThread "File watcher consumer" daemon [_thread_blocked, id=1044, stack(0x00000001f1300000,0x00000001f1400000)]
  0x000001efc712ab50 JavaThread "jar transforms" [_thread_blocked, id=7180, stack(0x00000001f1400000,0x00000001f1500000)]
  0x000001efc712bf90 JavaThread "jar transforms Thread 2" [_thread_blocked, id=976, stack(0x00000001f1500000,0x00000001f1600000)]
  0x000001efc712e810 JavaThread "Cache worker for file content cache (C:\Users\prasa\.gradle\caches\8.10.2\fileContent)" [_thread_blocked, id=8188, stack(0x00000001f1800000,0x00000001f1900000)]
  0x000001efc7130160 JavaThread "Memory manager" [_thread_blocked, id=8316, stack(0x00000001f2500000,0x00000001f2600000)]
  0x000001efc9e29d70 JavaThread "Daemon Thread 2" [_thread_blocked, id=7932, stack(0x00000001eed00000,0x00000001eee00000)]
  0x000001efc9e25180 JavaThread "Handler for socket connection from /127.0.0.1:65157 to /127.0.0.1:61942" [_thread_in_native, id=8644, stack(0x00000001eee00000,0x00000001eef00000)]
  0x000001efc9e26ad0 JavaThread "Cancel handler" [_thread_blocked, id=3656, stack(0x00000001f0600000,0x00000001f0700000)]
  0x000001efc9e27a00 JavaThread "Daemon worker Thread 2" [_thread_blocked, id=2012, stack(0x00000001f0700000,0x00000001f0800000)]
  0x000001efc9e28420 JavaThread "Asynchronous log dispatcher for DefaultDaemonConnection: socket connection from /127.0.0.1:65157 to /127.0.0.1:61942" [_thread_blocked, id=1772, stack(0x00000001f0800000,0x00000001f0900000)]
  0x000001efc9e28930 JavaThread "Stdin handler" [_thread_blocked, id=4916, stack(0x00000001f0900000,0x00000001f0a00000)]
  0x000001efc9e23830 JavaThread "Daemon client event forwarder" [_thread_blocked, id=1712, stack(0x00000001f0a00000,0x00000001f0b00000)]
  0x000001efc9e29350 JavaThread "Cache worker for file hash cache (D:\Beatraxus\.gradle\8.10.2\fileHashes)" [_thread_blocked, id=2232, stack(0x00000001f0b00000,0x00000001f0c00000)]
  0x000001efc9e23d40 JavaThread "Cache worker for Build Output Cleanup Cache (D:\Beatraxus\.gradle\buildOutputCleanup)" [_thread_blocked, id=8864, stack(0x00000001f0c00000,0x00000001f0d00000)]
  0x000001efc9e24760 JavaThread "Cache worker for checksums cache (D:\Beatraxus\.gradle\8.10.2\checksums)" [_thread_blocked, id=4700, stack(0x00000001f1000000,0x00000001f1100000)]
  0x000001efc9e24c70 JavaThread "Cache worker for cache directory md-rule (C:\Users\prasa\.gradle\caches\8.10.2\md-rule)" [_thread_blocked, id=9092, stack(0x00000001f1100000,0x00000001f1200000)]
  0x000001efc7130670 JavaThread "Cache worker for cache directory md-supplier (C:\Users\prasa\.gradle\caches\8.10.2\md-supplier)" [_thread_blocked, id=6588, stack(0x00000001f1700000,0x00000001f1800000)]
  0x000001efc712e300 JavaThread "Unconstrained build operations" [_thread_blocked, id=7396, stack(0x00000001f1900000,0x00000001f1a00000)]
  0x000001efc712d3d0 JavaThread "Unconstrained build operations Thread 2" [_thread_blocked, id=5544, stack(0x00000001f1a00000,0x00000001f1b00000)]
  0x000001efc712a130 JavaThread "Unconstrained build operations Thread 3" [_thread_blocked, id=9052, stack(0x00000001f1b00000,0x00000001f1c00000)]
  0x000001efc712b060 JavaThread "Unconstrained build operations Thread 4" [_thread_blocked, id=8848, stack(0x00000001f1c00000,0x00000001f1d00000)]
  0x000001efc712c4a0 JavaThread "Unconstrained build operations Thread 5" [_thread_blocked, id=9100, stack(0x00000001f1d00000,0x00000001f1e00000)]
  0x000001efc7129c20 JavaThread "Unconstrained build operations Thread 6" [_thread_blocked, id=1132, stack(0x00000001f1e00000,0x00000001f1f00000)]
  0x000001efc712a640 JavaThread "build event listener" [_thread_blocked, id=7680, stack(0x00000001f1f00000,0x00000001f2000000)]
  0x000001efc712cec0 JavaThread "build event listener" [_thread_blocked, id=2368, stack(0x00000001f2000000,0x00000001f2100000)]
  0x000001efc67b8ec0 JavaThread "included builds" [_thread_blocked, id=8480, stack(0x00000001f2100000,0x00000001f2200000)]
  0x000001efc67b98e0 JavaThread "Execution worker" [_thread_blocked, id=8944, stack(0x00000001f2200000,0x00000001f2300000)]
  0x000001efc67b7060 JavaThread "Cache worker for execution history cache (D:\Beatraxus\.gradle\8.10.2\executionHistory)" [_thread_blocked, id=8708, stack(0x00000001f2300000,0x00000001f2400000)]
  0x000001efc97909a0 JavaThread "Unconstrained build operations Thread 7" [_thread_blocked, id=4468, stack(0x00000001f2400000,0x00000001f2500000)]
  0x000001efc978ff80 JavaThread "Unconstrained build operations Thread 8" [_thread_blocked, id=8536, stack(0x00000001f2600000,0x00000001f2700000)]
  0x000001efc9792800 JavaThread "Unconstrained build operations Thread 9" [_thread_blocked, id=8624, stack(0x00000001f2700000,0x00000001f2800000)]
  0x000001efc97913c0 JavaThread "Unconstrained build operations Thread 10" [_thread_blocked, id=8508, stack(0x00000001f2800000,0x00000001f2900000)]
  0x000001efc978f050 JavaThread "Unconstrained build operations Thread 11" [_thread_blocked, id=8972, stack(0x00000001f2900000,0x00000001f2a00000)]
  0x000001efc9791de0 JavaThread "Unconstrained build operations Thread 12" [_thread_blocked, id=440, stack(0x00000001f2a00000,0x00000001f2b00000)]
  0x000001efc67ba810 JavaThread "Unconstrained build operations Thread 13" [_thread_blocked, id=6032, stack(0x00000001f2b00000,0x00000001f2c00000)]
  0x000001efd005f280 JavaThread "Unconstrained build operations Thread 14" [_thread_blocked, id=7372, stack(0x00000001f2c00000,0x00000001f2d00000)]
  0x000001efd0064380 JavaThread "Unconstrained build operations Thread 15" [_thread_blocked, id=7868, stack(0x00000001f2d00000,0x00000001f2e00000)]
  0x000001efd0062f40 JavaThread "Unconstrained build operations Thread 16" [_thread_blocked, id=4172, stack(0x00000001f2e00000,0x00000001f2f00000)]
  0x000001efd0062010 JavaThread "Unconstrained build operations Thread 17" [_thread_blocked, id=5060, stack(0x00000001f2f00000,0x00000001f3000000)]
  0x000001efd00610e0 JavaThread "Unconstrained build operations Thread 18" [_thread_blocked, id=8108, stack(0x00000001f3000000,0x00000001f3100000)]
  0x000001efd0062520 JavaThread "Unconstrained build operations Thread 19" [_thread_blocked, id=2448, stack(0x00000001f3100000,0x00000001f3200000)]
  0x000001efd00601b0 JavaThread "Unconstrained build operations Thread 20" [_thread_blocked, id=7596, stack(0x00000001f3200000,0x00000001f3300000)]
  0x000001efd0064da0 JavaThread "WorkerExecutor Queue" [_thread_blocked, id=7572, stack(0x00000001f3300000,0x00000001f3400000)]
  0x000001efd7c73210 JavaThread "Java2D Disposer" daemon [_thread_blocked, id=6740, stack(0x00000001f3700000,0x00000001f3800000)]
  0x000001efd7c75070 JavaThread "AWT-Windows" daemon [_thread_in_native, id=1676, stack(0x00000001f3900000,0x00000001f3a00000)]
  0x000001efd6e05dc0 JavaThread "ForkJoinPool-1-worker-3" daemon [_thread_blocked, id=4220, stack(0x00000001f3500000,0x00000001f3600000)]
  0x000001efd6e08b50 JavaThread "ForkJoinPool-1-worker-4" daemon [_thread_blocked, id=7652, stack(0x00000001f3600000,0x00000001f3700000)]
  0x000001efd6e0a9b0 JavaThread "WorkerExecutor Queue Thread 4" [_thread_blocked, id=4104, stack(0x00000001f3a00000,0x00000001f3b00000)]

Other Threads:
  0x000001efff9691b0 VMThread "VM Thread" [stack: 0x00000001ef500000,0x00000001ef600000] [id=1908]
  0x000001efffcf3c00 WatcherThread [stack: 0x00000001f0100000,0x00000001f0200000] [id=3584]
=>0x000001efe1847b00 GCTaskThread "GC Thread#0" [stack: 0x00000001ef000000,0x00000001ef100000] [id=3804]
  0x000001efffd1b090 GCTaskThread "GC Thread#1" [stack: 0x00000001f0200000,0x00000001f0300000] [id=5848]
  0x000001efe1859970 ConcurrentGCThread "G1 Main Marker" [stack: 0x00000001ef100000,0x00000001ef200000] [id=576]
  0x000001efe185ba50 ConcurrentGCThread "G1 Conc#0" [stack: 0x00000001ef200000,0x00000001ef300000] [id=3728]
  0x000001efff8343b0 ConcurrentGCThread "G1 Refine#0" [stack: 0x00000001ef300000,0x00000001ef400000] [id=3560]
  0x000001efc7aa1340 ConcurrentGCThread "G1 Refine#1" [stack: 0x00000001f1600000,0x00000001f1700000] [id=5344]
  0x000001efe188a970 ConcurrentGCThread "G1 Service" [stack: 0x00000001ef400000,0x00000001ef500000] [id=4844]

Threads with active compile tasks:
C2 CompilerThread0  3917852 89992       4       com.android.tools.r8.internal.eD::b (853 bytes)

VM state: at safepoint (normal execution)

VM Mutex/Monitor currently owned by a thread:  ([mutex/lock_event])
[0x000001efe17d7d90] Threads_lock - owner thread: 0x000001efff9691b0
[0x000001efe17d84e0] Heap_lock - owner thread: 0x000001efd6e05dc0

Heap address: 0x0000000700000000, size: 4096 MB, Compressed Oops mode: Zero based, Oop shift amount: 3

CDS archive(s) mapped at: [0x000001ef80000000-0x000001ef80c00000-0x000001ef80c00000), size 12582912, SharedBaseAddress: 0x000001ef80000000, ArchiveRelocationMode: 1.
Compressed class space mapped at: 0x000001ef81000000-0x000001efc1000000, reserved size: 1073741824
Narrow klass base: 0x000001ef80000000, Narrow klass shift: 0, Narrow klass range: 0x100000000

GC Precious Log:
 CPUs: 2 total, 2 available
 Memory: 7602M
 Large Page Support: Disabled
 NUMA Support: Disabled
 Compressed Oops: Enabled (Zero based)
 Heap Region Size: 2M
 Heap Min Capacity: 8M
 Heap Initial Capacity: 120M
 Heap Max Capacity: 4G
 Pre-touch: Disabled
 Parallel Workers: 2
 Concurrent Workers: 1
 Concurrent Refinement Workers: 2
 Periodic GC: Disabled

Heap:
 garbage-first heap   total 3469312K, used 1869337K [0x0000000700000000, 0x0000000800000000)
  region size 2048K, 340 young (696320K), 7 survivors (14336K)
 Metaspace       used 261286K, committed 262848K, reserved 1310720K
  class space    used 33541K, committed 34240K, reserved 1048576K

Heap Regions: E=young(eden), S=young(survivor), O=old, HS=humongous(starts), HC=humongous(continues), CS=collection set, F=free, OA=open archive, CA=closed archive, TAMS=top-at-mark-start (previous, next)
|   0|0x0000000700000000, 0x0000000700200000, 0x0000000700200000|100%| O|  |TAMS 0x0000000700200000, 0x0000000700000000| Untracked 
|   1|0x0000000700200000, 0x0000000700400000, 0x0000000700400000|100%|HS|  |TAMS 0x0000000700400000, 0x0000000700200000| Complete 
|   2|0x0000000700400000, 0x0000000700600000, 0x0000000700600000|100%|HC|  |TAMS 0x0000000700600000, 0x0000000700400000| Complete 
|   3|0x0000000700600000, 0x0000000700800000, 0x0000000700800000|100%| O|  |TAMS 0x0000000700800000, 0x0000000700600000| Untracked 
|   4|0x0000000700800000, 0x0000000700a00000, 0x0000000700a00000|100%| O|  |TAMS 0x0000000700a00000, 0x0000000700800000| Untracked 
|   5|0x0000000700a00000, 0x0000000700c00000, 0x0000000700c00000|100%| O|  |TAMS 0x0000000700c00000, 0x0000000700a00000| Untracked 
|   6|0x0000000700c00000, 0x0000000700e00000, 0x0000000700e00000|100%| O|  |TAMS 0x0000000700e00000, 0x0000000700c00000| Untracked 
|   7|0x0000000700e00000, 0x0000000701000000, 0x0000000701000000|100%| O|  |TAMS 0x0000000701000000, 0x0000000700e00000| Untracked 
|   8|0x0000000701000000, 0x0000000701200000, 0x0000000701200000|100%|HS|  |TAMS 0x0000000701200000, 0x0000000701000000| Complete 
|   9|0x0000000701200000, 0x0000000701400000, 0x0000000701400000|100%|HS|  |TAMS 0x0000000701400000, 0x0000000701200000| Complete 
|  10|0x0000000701400000, 0x0000000701600000, 0x0000000701600000|100%|HC|  |TAMS 0x0000000701600000, 0x0000000701400000| Complete 
|  11|0x0000000701600000, 0x0000000701800000, 0x0000000701800000|100%|HC|  |TAMS 0x0000000701800000, 0x0000000701600000| Complete 
|  12|0x0000000701800000, 0x0000000701a00000, 0x0000000701a00000|100%|HS|  |TAMS 0x0000000701a00000, 0x0000000701800000| Complete 
|  13|0x0000000701a00000, 0x0000000701c00000, 0x0000000701c00000|100%|HS|  |TAMS 0x0000000701c00000, 0x0000000701a00000| Complete 
|  14|0x0000000701c00000, 0x0000000701e00000, 0x0000000701e00000|100%|HC|  |TAMS 0x0000000701e00000, 0x0000000701c00000| Complete 
|  15|0x0000000701e00000, 0x0000000702000000, 0x0000000702000000|100%|HC|  |TAMS 0x0000000702000000, 0x0000000701e00000| Complete 
|  16|0x0000000702000000, 0x0000000702200000, 0x0000000702200000|100%|HS|  |TAMS 0x0000000702200000, 0x0000000702000000| Complete 
|  17|0x0000000702200000, 0x0000000702400000, 0x0000000702400000|100%| O|  |TAMS 0x0000000702400000, 0x0000000702200000| Untracked 
|  18|0x0000000702400000, 0x0000000702600000, 0x0000000702600000|100%| O|  |TAMS 0x0000000702600000, 0x0000000702400000| Untracked 
|  19|0x0000000702600000, 0x0000000702800000, 0x0000000702800000|100%| O|  |TAMS 0x0000000702800000, 0x0000000702600000| Untracked 
|  20|0x0000000702800000, 0x0000000702a00000, 0x0000000702a00000|100%| O|  |TAMS 0x0000000702a00000, 0x0000000702800000| Untracked 
|  21|0x0000000702a00000, 0x0000000702c00000, 0x0000000702c00000|100%| O|  |TAMS 0x0000000702c00000, 0x0000000702a00000| Untracked 
|  22|0x0000000702c00000, 0x0000000702e00000, 0x0000000702e00000|100%| O|  |TAMS 0x0000000702e00000, 0x0000000702c00000| Untracked 
|  23|0x0000000702e00000, 0x0000000703000000, 0x0000000703000000|100%| O|  |TAMS 0x0000000703000000, 0x0000000702e00000| Untracked 
|  24|0x0000000703000000, 0x0000000703200000, 0x0000000703200000|100%| O|  |TAMS 0x0000000703200000, 0x0000000703000000| Untracked 
|  25|0x0000000703200000, 0x0000000703400000, 0x0000000703400000|100%| O|  |TAMS 0x0000000703400000, 0x0000000703200000| Untracked 
|  26|0x0000000703400000, 0x0000000703600000, 0x0000000703600000|100%| O|  |TAMS 0x0000000703600000, 0x0000000703400000| Untracked 
|  27|0x0000000703600000, 0x0000000703800000, 0x0000000703800000|100%| O|  |TAMS 0x0000000703800000, 0x0000000703600000| Untracked 
|  28|0x0000000703800000, 0x0000000703a00000, 0x0000000703a00000|100%|HS|  |TAMS 0x0000000703a00000, 0x0000000703800000| Complete 
|  29|0x0000000703a00000, 0x0000000703c00000, 0x0000000703c00000|100%|HS|  |TAMS 0x0000000703c00000, 0x0000000703a00000| Complete 
|  30|0x0000000703c00000, 0x0000000703e00000, 0x0000000703e00000|100%|HS|  |TAMS 0x0000000703c00000, 0x0000000703c00000| Complete 
|  31|0x0000000703e00000, 0x0000000704000000, 0x0000000704000000|100%| O|  |TAMS 0x0000000704000000, 0x0000000703e00000| Untracked 
|  32|0x0000000704000000, 0x0000000704200000, 0x0000000704200000|100%| O|  |TAMS 0x0000000704200000, 0x0000000704000000| Untracked 
|  33|0x0000000704200000, 0x0000000704400000, 0x0000000704400000|100%| O|  |TAMS 0x0000000704200000, 0x0000000704200000| Untracked 
|  34|0x0000000704400000, 0x0000000704600000, 0x0000000704600000|100%| O|  |TAMS 0x0000000704600000, 0x0000000704400000| Untracked 
|  35|0x0000000704600000, 0x0000000704800000, 0x0000000704800000|100%| O|  |TAMS 0x0000000704800000, 0x0000000704600000| Untracked 
|  36|0x0000000704800000, 0x0000000704a00000, 0x0000000704a00000|100%|HS|  |TAMS 0x0000000704800000, 0x0000000704800000| Complete 
|  37|0x0000000704a00000, 0x0000000704c00000, 0x0000000704c00000|100%|HS|  |TAMS 0x0000000704a00000, 0x0000000704a00000| Complete 
|  38|0x0000000704c00000, 0x0000000704e00000, 0x0000000704e00000|100%| O|  |TAMS 0x0000000704e00000, 0x0000000704c00000| Untracked 
|  39|0x0000000704e00000, 0x0000000705000000, 0x0000000705000000|100%| O|  |TAMS 0x0000000705000000, 0x0000000704e00000| Untracked 
|  40|0x0000000705000000, 0x0000000705200000, 0x0000000705200000|100%|HS|  |TAMS 0x0000000705200000, 0x0000000705000000| Complete 
|  41|0x0000000705200000, 0x0000000705400000, 0x0000000705400000|100%|HS|  |TAMS 0x0000000705400000, 0x0000000705200000| Complete 
|  42|0x0000000705400000, 0x0000000705600000, 0x0000000705600000|100%|HC|  |TAMS 0x0000000705600000, 0x0000000705400000| Complete 
|  43|0x0000000705600000, 0x0000000705800000, 0x0000000705800000|100%| O|  |TAMS 0x0000000705800000, 0x0000000705600000| Untracked 
|  44|0x0000000705800000, 0x0000000705a00000, 0x0000000705a00000|100%| O|  |TAMS 0x0000000705a00000, 0x0000000705800000| Untracked 
|  45|0x0000000705a00000, 0x0000000705c00000, 0x0000000705c00000|100%| O|  |TAMS 0x0000000705c00000, 0x0000000705a00000| Untracked 
|  46|0x0000000705c00000, 0x0000000705e00000, 0x0000000705e00000|100%| O|  |TAMS 0x0000000705e00000, 0x0000000705c00000| Untracked 
|  47|0x0000000705e00000, 0x0000000706000000, 0x0000000706000000|100%| O|  |TAMS 0x0000000706000000, 0x0000000705e00000| Untracked 
|  48|0x0000000706000000, 0x0000000706200000, 0x0000000706200000|100%| O|  |TAMS 0x0000000706200000, 0x0000000706000000| Untracked 
|  49|0x0000000706200000, 0x0000000706400000, 0x0000000706400000|100%| O|  |TAMS 0x0000000706400000, 0x0000000706200000| Untracked 
|  50|0x0000000706400000, 0x0000000706600000, 0x0000000706600000|100%| O|  |TAMS 0x0000000706600000, 0x0000000706400000| Untracked 
|  51|0x0000000706600000, 0x0000000706800000, 0x0000000706800000|100%|HS|  |TAMS 0x0000000706800000, 0x0000000706600000| Complete 
|  52|0x0000000706800000, 0x0000000706a00000, 0x0000000706a00000|100%|HC|  |TAMS 0x0000000706a00000, 0x0000000706800000| Complete 
|  53|0x0000000706a00000, 0x0000000706c00000, 0x0000000706c00000|100%| O|  |TAMS 0x0000000706a00000, 0x0000000706a00000| Untracked 
|  54|0x0000000706c00000, 0x0000000706e00000, 0x0000000706e00000|100%| O|  |TAMS 0x0000000706e00000, 0x0000000706c00000| Untracked 
|  55|0x0000000706e00000, 0x0000000707000000, 0x0000000707000000|100%| O|  |TAMS 0x0000000706e00000, 0x0000000706e00000| Untracked 
|  56|0x0000000707000000, 0x0000000707200000, 0x0000000707200000|100%| O|  |TAMS 0x0000000707200000, 0x0000000707000000| Untracked 
|  57|0x0000000707200000, 0x0000000707400000, 0x0000000707400000|100%| O|  |TAMS 0x0000000707400000, 0x0000000707200000| Untracked 
|  58|0x0000000707400000, 0x0000000707600000, 0x0000000707600000|100%| O|  |TAMS 0x0000000707600000, 0x0000000707400000| Untracked 
|  59|0x0000000707600000, 0x0000000707800000, 0x0000000707800000|100%| O|  |TAMS 0x0000000707600000, 0x0000000707600000| Untracked 
|  60|0x0000000707800000, 0x0000000707a00000, 0x0000000707a00000|100%| O|  |TAMS 0x0000000707a00000, 0x0000000707800000| Untracked 
|  61|0x0000000707a00000, 0x0000000707c00000, 0x0000000707c00000|100%| O|  |TAMS 0x0000000707c00000, 0x0000000707a00000| Untracked 
|  62|0x0000000707c00000, 0x0000000707e00000, 0x0000000707e00000|100%| O|  |TAMS 0x0000000707e00000, 0x0000000707c00000| Untracked 
|  63|0x0000000707e00000, 0x0000000708000000, 0x0000000708000000|100%| O|  |TAMS 0x0000000708000000, 0x0000000707e00000| Untracked 
|  64|0x0000000708000000, 0x0000000708200000, 0x0000000708200000|100%| O|  |TAMS 0x0000000708200000, 0x0000000708000000| Untracked 
|  65|0x0000000708200000, 0x0000000708400000, 0x0000000708400000|100%| O|  |TAMS 0x0000000708400000, 0x0000000708200000| Untracked 
|  66|0x0000000708400000, 0x0000000708600000, 0x0000000708600000|100%| O|  |TAMS 0x0000000708600000, 0x0000000708400000| Untracked 
|  67|0x0000000708600000, 0x0000000708800000, 0x0000000708800000|100%|HS|  |TAMS 0x0000000708600000, 0x0000000708600000| Complete 
|  68|0x0000000708800000, 0x0000000708a00000, 0x0000000708a00000|100%| O|  |TAMS 0x0000000708a00000, 0x0000000708800000| Untracked 
|  69|0x0000000708a00000, 0x0000000708c00000, 0x0000000708c00000|100%| O|  |TAMS 0x0000000708c00000, 0x0000000708a00000| Untracked 
|  70|0x0000000708c00000, 0x0000000708e00000, 0x0000000708e00000|100%| O|  |TAMS 0x0000000708e00000, 0x0000000708c00000| Untracked 
|  71|0x0000000708e00000, 0x0000000709000000, 0x0000000709000000|100%| O|  |TAMS 0x0000000709000000, 0x0000000708e00000| Untracked 
|  72|0x0000000709000000, 0x0000000709200000, 0x0000000709200000|100%| O|  |TAMS 0x0000000709200000, 0x0000000709000000| Untracked 
|  73|0x0000000709200000, 0x0000000709400000, 0x0000000709400000|100%| O|  |TAMS 0x0000000709400000, 0x0000000709200000| Untracked 
|  74|0x0000000709400000, 0x0000000709600000, 0x0000000709600000|100%|HS|  |TAMS 0x0000000709400000, 0x0000000709400000| Complete 
|  75|0x0000000709600000, 0x0000000709800000, 0x0000000709800000|100%| O|  |TAMS 0x0000000709800000, 0x0000000709600000| Untracked 
|  76|0x0000000709800000, 0x0000000709a00000, 0x0000000709a00000|100%| O|  |TAMS 0x0000000709800000, 0x0000000709800000| Untracked 
|  77|0x0000000709a00000, 0x0000000709c00000, 0x0000000709c00000|100%| O|  |TAMS 0x0000000709a00000, 0x0000000709a00000| Untracked 
|  78|0x0000000709c00000, 0x0000000709e00000, 0x0000000709e00000|100%| O|  |TAMS 0x0000000709e00000, 0x0000000709c00000| Untracked 
|  79|0x0000000709e00000, 0x000000070a000000, 0x000000070a000000|100%| O|  |TAMS 0x0000000709e00000, 0x0000000709e00000| Untracked 
|  80|0x000000070a000000, 0x000000070a200000, 0x000000070a200000|100%| O|  |TAMS 0x000000070a200000, 0x000000070a000000| Untracked 
|  81|0x000000070a200000, 0x000000070a400000, 0x000000070a400000|100%| O|  |TAMS 0x000000070a400000, 0x000000070a200000| Untracked 
|  82|0x000000070a400000, 0x000000070a600000, 0x000000070a600000|100%| O|  |TAMS 0x000000070a600000, 0x000000070a400000| Untracked 
|  83|0x000000070a600000, 0x000000070a800000, 0x000000070a800000|100%| O|  |TAMS 0x000000070a800000, 0x000000070a600000| Untracked 
|  84|0x000000070a800000, 0x000000070aa00000, 0x000000070aa00000|100%| O|  |TAMS 0x000000070aa00000, 0x000000070a800000| Untracked 
|  85|0x000000070aa00000, 0x000000070ac00000, 0x000000070ac00000|100%|HS|  |TAMS 0x000000070ac00000, 0x000000070aa00000| Complete 
|  86|0x000000070ac00000, 0x000000070ae00000, 0x000000070ae00000|100%| O|  |TAMS 0x000000070ac00000, 0x000000070ac00000| Untracked 
|  87|0x000000070ae00000, 0x000000070b000000, 0x000000070b000000|100%| O|  |TAMS 0x000000070ae00000, 0x000000070ae00000| Untracked 
|  88|0x000000070b000000, 0x000000070b200000, 0x000000070b200000|100%| O|  |TAMS 0x000000070b200000, 0x000000070b000000| Untracked 
|  89|0x000000070b200000, 0x000000070b400000, 0x000000070b400000|100%| O|  |TAMS 0x000000070b400000, 0x000000070b200000| Untracked 
|  90|0x000000070b400000, 0x000000070b600000, 0x000000070b600000|100%| O|  |TAMS 0x000000070b600000, 0x000000070b400000| Untracked 
|  91|0x000000070b600000, 0x000000070b800000, 0x000000070b800000|100%| O|  |TAMS 0x000000070b600000, 0x000000070b600000| Untracked 
|  92|0x000000070b800000, 0x000000070ba00000, 0x000000070ba00000|100%| O|  |TAMS 0x000000070ba00000, 0x000000070b800000| Untracked 
|  93|0x000000070ba00000, 0x000000070bc00000, 0x000000070bc00000|100%| O|  |TAMS 0x000000070bc00000, 0x000000070ba00000| Untracked 
|  94|0x000000070bc00000, 0x000000070be00000, 0x000000070be00000|100%| O|  |TAMS 0x000000070be00000, 0x000000070bc00000| Untracked 
|  95|0x000000070be00000, 0x000000070c000000, 0x000000070c000000|100%| O|  |TAMS 0x000000070c000000, 0x000000070be00000| Untracked 
|  96|0x000000070c000000, 0x000000070c200000, 0x000000070c200000|100%| O|  |TAMS 0x000000070c200000, 0x000000070c000000| Untracked 
|  97|0x000000070c200000, 0x000000070c400000, 0x000000070c400000|100%| O|  |TAMS 0x000000070c400000, 0x000000070c200000| Untracked 
|  98|0x000000070c400000, 0x000000070c600000, 0x000000070c600000|100%| O|  |TAMS 0x000000070c600000, 0x000000070c400000| Untracked 
|  99|0x000000070c600000, 0x000000070c800000, 0x000000070c800000|100%| O|  |TAMS 0x000000070c800000, 0x000000070c600000| Untracked 
| 100|0x000000070c800000, 0x000000070ca00000, 0x000000070ca00000|100%| O|  |TAMS 0x000000070ca00000, 0x000000070c800000| Untracked 
| 101|0x000000070ca00000, 0x000000070cc00000, 0x000000070cc00000|100%| O|  |TAMS 0x000000070cc00000, 0x000000070ca00000| Untracked 
| 102|0x000000070cc00000, 0x000000070ce00000, 0x000000070ce00000|100%| O|  |TAMS 0x000000070ce00000, 0x000000070cc00000| Untracked 
| 103|0x000000070ce00000, 0x000000070d000000, 0x000000070d000000|100%| O|  |TAMS 0x000000070d000000, 0x000000070ce00000| Untracked 
| 104|0x000000070d000000, 0x000000070d200000, 0x000000070d200000|100%| O|  |TAMS 0x000000070d200000, 0x000000070d000000| Untracked 
| 105|0x000000070d200000, 0x000000070d400000, 0x000000070d400000|100%| O|  |TAMS 0x000000070d400000, 0x000000070d200000| Untracked 
| 106|0x000000070d400000, 0x000000070d600000, 0x000000070d600000|100%| O|  |TAMS 0x000000070d600000, 0x000000070d400000| Untracked 
| 107|0x000000070d600000, 0x000000070d800000, 0x000000070d800000|100%| O|  |TAMS 0x000000070d800000, 0x000000070d600000| Untracked 
| 108|0x000000070d800000, 0x000000070da00000, 0x000000070da00000|100%| O|  |TAMS 0x000000070d800000, 0x000000070d800000| Untracked 
| 109|0x000000070da00000, 0x000000070dc00000, 0x000000070dc00000|100%| O|  |TAMS 0x000000070dc00000, 0x000000070da00000| Untracked 
| 110|0x000000070dc00000, 0x000000070de00000, 0x000000070de00000|100%| O|  |TAMS 0x000000070dc00000, 0x000000070dc00000| Untracked 
| 111|0x000000070de00000, 0x000000070e000000, 0x000000070e000000|100%| O|  |TAMS 0x000000070e000000, 0x000000070de00000| Untracked 
| 112|0x000000070e000000, 0x000000070e200000, 0x000000070e200000|100%| O|  |TAMS 0x000000070e200000, 0x000000070e000000| Untracked 
| 113|0x000000070e200000, 0x000000070e400000, 0x000000070e400000|100%| O|  |TAMS 0x000000070e400000, 0x000000070e200000| Untracked 
| 114|0x000000070e400000, 0x000000070e600000, 0x000000070e600000|100%| O|  |TAMS 0x000000070e400000, 0x000000070e400000| Untracked 
| 115|0x000000070e600000, 0x000000070e800000, 0x000000070e800000|100%| O|  |TAMS 0x000000070e600000, 0x000000070e600000| Untracked 
| 116|0x000000070e800000, 0x000000070ea00000, 0x000000070ea00000|100%| O|  |TAMS 0x000000070e800000, 0x000000070e800000| Untracked 
| 117|0x000000070ea00000, 0x000000070ec00000, 0x000000070ec00000|100%| O|  |TAMS 0x000000070ea00000, 0x000000070ea00000| Untracked 
| 118|0x000000070ec00000, 0x000000070ee00000, 0x000000070ee00000|100%| O|  |TAMS 0x000000070ee00000, 0x000000070ec00000| Untracked 
| 119|0x000000070ee00000, 0x000000070f000000, 0x000000070f000000|100%| O|  |TAMS 0x000000070f000000, 0x000000070ee00000| Untracked 
| 120|0x000000070f000000, 0x000000070f200000, 0x000000070f200000|100%| O|  |TAMS 0x000000070f200000, 0x000000070f000000| Untracked 
| 121|0x000000070f200000, 0x000000070f400000, 0x000000070f400000|100%| O|  |TAMS 0x000000070f400000, 0x000000070f200000| Untracked 
| 122|0x000000070f400000, 0x000000070f600000, 0x000000070f600000|100%| O|  |TAMS 0x000000070f600000, 0x000000070f400000| Untracked 
| 123|0x000000070f600000, 0x000000070f800000, 0x000000070f800000|100%| O|  |TAMS 0x000000070f600000, 0x000000070f600000| Untracked 
| 124|0x000000070f800000, 0x000000070fa00000, 0x000000070fa00000|100%| O|  |TAMS 0x000000070fa00000, 0x000000070f800000| Untracked 
| 125|0x000000070fa00000, 0x000000070fc00000, 0x000000070fc00000|100%| O|  |TAMS 0x000000070fa00000, 0x000000070fa00000| Untracked 
| 126|0x000000070fc00000, 0x000000070fe00000, 0x000000070fe00000|100%| O|  |TAMS 0x000000070fc00000, 0x000000070fc00000| Untracked 
| 127|0x000000070fe00000, 0x0000000710000000, 0x0000000710000000|100%| O|  |TAMS 0x0000000710000000, 0x000000070fe00000| Untracked 
| 128|0x0000000710000000, 0x0000000710200000, 0x0000000710200000|100%| O|  |TAMS 0x0000000710200000, 0x0000000710000000| Untracked 
| 129|0x0000000710200000, 0x0000000710400000, 0x0000000710400000|100%| O|  |TAMS 0x0000000710400000, 0x0000000710200000| Untracked 
| 130|0x0000000710400000, 0x0000000710600000, 0x0000000710600000|100%| O|  |TAMS 0x0000000710600000, 0x0000000710400000| Untracked 
| 131|0x0000000710600000, 0x0000000710800000, 0x0000000710800000|100%| O|  |TAMS 0x0000000710600000, 0x0000000710600000| Untracked 
| 132|0x0000000710800000, 0x0000000710a00000, 0x0000000710a00000|100%| O|  |TAMS 0x0000000710a00000, 0x0000000710800000| Untracked 
| 133|0x0000000710a00000, 0x0000000710c00000, 0x0000000710c00000|100%| O|  |TAMS 0x0000000710c00000, 0x0000000710a00000| Untracked 
| 134|0x0000000710c00000, 0x0000000710e00000, 0x0000000710e00000|100%| O|  |TAMS 0x0000000710c00000, 0x0000000710c00000| Untracked 
| 135|0x0000000710e00000, 0x0000000711000000, 0x0000000711000000|100%| O|  |TAMS 0x0000000710e00000, 0x0000000710e00000| Untracked 
| 136|0x0000000711000000, 0x0000000711200000, 0x0000000711200000|100%| O|  |TAMS 0x0000000711000000, 0x0000000711000000| Untracked 
| 137|0x0000000711200000, 0x0000000711400000, 0x0000000711400000|100%| O|  |TAMS 0x0000000711200000, 0x0000000711200000| Untracked 
| 138|0x0000000711400000, 0x0000000711600000, 0x0000000711600000|100%| O|  |TAMS 0x0000000711400000, 0x0000000711400000| Untracked 
| 139|0x0000000711600000, 0x0000000711800000, 0x0000000711800000|100%| O|  |TAMS 0x0000000711600000, 0x0000000711600000| Untracked 
| 140|0x0000000711800000, 0x0000000711a00000, 0x0000000711a00000|100%| O|  |TAMS 0x0000000711800000, 0x0000000711800000| Untracked 
| 141|0x0000000711a00000, 0x0000000711c00000, 0x0000000711c00000|100%| O|  |TAMS 0x0000000711a00000, 0x0000000711a00000| Untracked 
| 142|0x0000000711c00000, 0x0000000711e00000, 0x0000000711e00000|100%| O|  |TAMS 0x0000000711c00000, 0x0000000711c00000| Untracked 
| 143|0x0000000711e00000, 0x0000000712000000, 0x0000000712000000|100%| O|  |TAMS 0x0000000711e00000, 0x0000000711e00000| Untracked 
| 144|0x0000000712000000, 0x0000000712200000, 0x0000000712200000|100%| O|  |TAMS 0x0000000712000000, 0x0000000712000000| Untracked 
| 145|0x0000000712200000, 0x0000000712400000, 0x0000000712400000|100%| O|  |TAMS 0x0000000712400000, 0x0000000712200000| Untracked 
| 146|0x0000000712400000, 0x0000000712600000, 0x0000000712600000|100%| O|  |TAMS 0x0000000712600000, 0x0000000712400000| Untracked 
| 147|0x0000000712600000, 0x0000000712800000, 0x0000000712800000|100%| O|  |TAMS 0x0000000712600000, 0x0000000712600000| Untracked 
| 148|0x0000000712800000, 0x0000000712a00000, 0x0000000712a00000|100%| O|  |TAMS 0x0000000712a00000, 0x0000000712800000| Untracked 
| 149|0x0000000712a00000, 0x0000000712c00000, 0x0000000712c00000|100%| O|  |TAMS 0x0000000712c00000, 0x0000000712a00000| Untracked 
| 150|0x0000000712c00000, 0x0000000712e00000, 0x0000000712e00000|100%| O|  |TAMS 0x0000000712e00000, 0x0000000712c00000| Untracked 
| 151|0x0000000712e00000, 0x0000000713000000, 0x0000000713000000|100%| O|  |TAMS 0x0000000712e00000, 0x0000000712e00000| Untracked 
| 152|0x0000000713000000, 0x0000000713200000, 0x0000000713200000|100%| O|  |TAMS 0x0000000713200000, 0x0000000713000000| Untracked 
| 153|0x0000000713200000, 0x0000000713400000, 0x0000000713400000|100%| O|  |TAMS 0x0000000713200000, 0x0000000713200000| Untracked 
| 154|0x0000000713400000, 0x0000000713600000, 0x0000000713600000|100%| O|  |TAMS 0x0000000713400000, 0x0000000713400000| Untracked 
| 155|0x0000000713600000, 0x0000000713800000, 0x0000000713800000|100%| O|  |TAMS 0x0000000713600000, 0x0000000713600000| Untracked 
| 156|0x0000000713800000, 0x0000000713a00000, 0x0000000713a00000|100%| O|  |TAMS 0x0000000713a00000, 0x0000000713800000| Untracked 
| 157|0x0000000713a00000, 0x0000000713c00000, 0x0000000713c00000|100%| O|  |TAMS 0x0000000713c00000, 0x0000000713a00000| Untracked 
| 158|0x0000000713c00000, 0x0000000713e00000, 0x0000000713e00000|100%| O|  |TAMS 0x0000000713e00000, 0x0000000713c00000| Untracked 
| 159|0x0000000713e00000, 0x0000000714000000, 0x0000000714000000|100%| O|  |TAMS 0x0000000714000000, 0x0000000713e00000| Untracked 
| 160|0x0000000714000000, 0x0000000714200000, 0x0000000714200000|100%| O|  |TAMS 0x0000000714200000, 0x0000000714000000| Untracked 
| 161|0x0000000714200000, 0x0000000714400000, 0x0000000714400000|100%| O|  |TAMS 0x0000000714200000, 0x0000000714200000| Untracked 
| 162|0x0000000714400000, 0x0000000714600000, 0x0000000714600000|100%| O|  |TAMS 0x0000000714400000, 0x0000000714400000| Untracked 
| 163|0x0000000714600000, 0x0000000714800000, 0x0000000714800000|100%| O|  |TAMS 0x0000000714800000, 0x0000000714600000| Untracked 
| 164|0x0000000714800000, 0x0000000714a00000, 0x0000000714a00000|100%| O|  |TAMS 0x0000000714a00000, 0x0000000714800000| Untracked 
| 165|0x0000000714a00000, 0x0000000714c00000, 0x0000000714c00000|100%| O|  |TAMS 0x0000000714a00000, 0x0000000714a00000| Untracked 
| 166|0x0000000714c00000, 0x0000000714e00000, 0x0000000714e00000|100%| O|  |TAMS 0x0000000714c00000, 0x0000000714c00000| Untracked 
| 167|0x0000000714e00000, 0x0000000715000000, 0x0000000715000000|100%| O|  |TAMS 0x0000000714e00000, 0x0000000714e00000| Untracked 
| 168|0x0000000715000000, 0x0000000715200000, 0x0000000715200000|100%| O|  |TAMS 0x0000000715200000, 0x0000000715000000| Untracked 
| 169|0x0000000715200000, 0x0000000715400000, 0x0000000715400000|100%| O|  |TAMS 0x0000000715200000, 0x0000000715200000| Untracked 
| 170|0x0000000715400000, 0x0000000715600000, 0x0000000715600000|100%| O|  |TAMS 0x0000000715600000, 0x0000000715400000| Untracked 
| 171|0x0000000715600000, 0x0000000715800000, 0x0000000715800000|100%| O|  |TAMS 0x0000000715800000, 0x0000000715600000| Untracked 
| 172|0x0000000715800000, 0x0000000715a00000, 0x0000000715a00000|100%| O|  |TAMS 0x0000000715a00000, 0x0000000715800000| Untracked 
| 173|0x0000000715a00000, 0x0000000715c00000, 0x0000000715c00000|100%| O|  |TAMS 0x0000000715c00000, 0x0000000715a00000| Untracked 
| 174|0x0000000715c00000, 0x0000000715e00000, 0x0000000715e00000|100%| O|  |TAMS 0x0000000715e00000, 0x0000000715c00000| Untracked 
| 175|0x0000000715e00000, 0x0000000716000000, 0x0000000716000000|100%| O|  |TAMS 0x0000000715e00000, 0x0000000715e00000| Untracked 
| 176|0x0000000716000000, 0x0000000716200000, 0x0000000716200000|100%| O|  |TAMS 0x0000000716200000, 0x0000000716000000| Untracked 
| 177|0x0000000716200000, 0x0000000716400000, 0x0000000716400000|100%| O|  |TAMS 0x0000000716400000, 0x0000000716200000| Untracked 
| 178|0x0000000716400000, 0x0000000716600000, 0x0000000716600000|100%| O|  |TAMS 0x0000000716600000, 0x0000000716400000| Untracked 
| 179|0x0000000716600000, 0x0000000716800000, 0x0000000716800000|100%| O|  |TAMS 0x0000000716600000, 0x0000000716600000| Untracked 
| 180|0x0000000716800000, 0x0000000716a00000, 0x0000000716a00000|100%| O|  |TAMS 0x0000000716a00000, 0x0000000716800000| Untracked 
| 181|0x0000000716a00000, 0x0000000716c00000, 0x0000000716c00000|100%| O|  |TAMS 0x0000000716c00000, 0x0000000716a00000| Untracked 
| 182|0x0000000716c00000, 0x0000000716e00000, 0x0000000716e00000|100%| O|  |TAMS 0x0000000716c00000, 0x0000000716c00000| Untracked 
| 183|0x0000000716e00000, 0x0000000717000000, 0x0000000717000000|100%| O|  |TAMS 0x0000000716e00000, 0x0000000716e00000| Untracked 
| 184|0x0000000717000000, 0x0000000717200000, 0x0000000717200000|100%| O|  |TAMS 0x0000000717000000, 0x0000000717000000| Untracked 
| 185|0x0000000717200000, 0x0000000717400000, 0x0000000717400000|100%| O|  |TAMS 0x0000000717400000, 0x0000000717200000| Untracked 
| 186|0x0000000717400000, 0x0000000717600000, 0x0000000717600000|100%| O|  |TAMS 0x0000000717600000, 0x0000000717400000| Untracked 
| 187|0x0000000717600000, 0x0000000717800000, 0x0000000717800000|100%| O|  |TAMS 0x0000000717600000, 0x0000000717600000| Untracked 
| 188|0x0000000717800000, 0x0000000717a00000, 0x0000000717a00000|100%| O|  |TAMS 0x0000000717a00000, 0x0000000717800000| Untracked 
| 189|0x0000000717a00000, 0x0000000717c00000, 0x0000000717c00000|100%| O|  |TAMS 0x0000000717a00000, 0x0000000717a00000| Untracked 
| 190|0x0000000717c00000, 0x0000000717e00000, 0x0000000717e00000|100%| O|  |TAMS 0x0000000717e00000, 0x0000000717c00000| Untracked 
| 191|0x0000000717e00000, 0x0000000718000000, 0x0000000718000000|100%| O|  |TAMS 0x0000000717e00000, 0x0000000717e00000| Untracked 
| 192|0x0000000718000000, 0x0000000718200000, 0x0000000718200000|100%| O|  |TAMS 0x0000000718200000, 0x0000000718000000| Untracked 
| 193|0x0000000718200000, 0x0000000718400000, 0x0000000718400000|100%| O|  |TAMS 0x0000000718400000, 0x0000000718200000| Untracked 
| 194|0x0000000718400000, 0x0000000718600000, 0x0000000718600000|100%| O|  |TAMS 0x0000000718400000, 0x0000000718400000| Untracked 
| 195|0x0000000718600000, 0x0000000718800000, 0x0000000718800000|100%| O|  |TAMS 0x0000000718800000, 0x0000000718600000| Untracked 
| 196|0x0000000718800000, 0x0000000718a00000, 0x0000000718a00000|100%| O|  |TAMS 0x0000000718a00000, 0x0000000718800000| Untracked 
| 197|0x0000000718a00000, 0x0000000718c00000, 0x0000000718c00000|100%| O|  |TAMS 0x0000000718c00000, 0x0000000718a00000| Untracked 
| 198|0x0000000718c00000, 0x0000000718e00000, 0x0000000718e00000|100%| O|  |TAMS 0x0000000718e00000, 0x0000000718c00000| Untracked 
| 199|0x0000000718e00000, 0x0000000719000000, 0x0000000719000000|100%| O|  |TAMS 0x0000000719000000, 0x0000000718e00000| Untracked 
| 200|0x0000000719000000, 0x0000000719200000, 0x0000000719200000|100%| O|  |TAMS 0x0000000719200000, 0x0000000719000000| Untracked 
| 201|0x0000000719200000, 0x0000000719400000, 0x0000000719400000|100%| O|  |TAMS 0x0000000719400000, 0x0000000719200000| Untracked 
| 202|0x0000000719400000, 0x0000000719600000, 0x0000000719600000|100%| O|  |TAMS 0x0000000719600000, 0x0000000719400000| Untracked 
| 203|0x0000000719600000, 0x0000000719800000, 0x0000000719800000|100%| O|  |TAMS 0x0000000719800000, 0x0000000719600000| Untracked 
| 204|0x0000000719800000, 0x0000000719a00000, 0x0000000719a00000|100%| O|  |TAMS 0x0000000719a00000, 0x0000000719800000| Untracked 
| 205|0x0000000719a00000, 0x0000000719c00000, 0x0000000719c00000|100%| O|  |TAMS 0x0000000719c00000, 0x0000000719a00000| Untracked 
| 206|0x0000000719c00000, 0x0000000719e00000, 0x0000000719e00000|100%| O|  |TAMS 0x0000000719e00000, 0x0000000719c00000| Untracked 
| 207|0x0000000719e00000, 0x000000071a000000, 0x000000071a000000|100%| O|  |TAMS 0x000000071a000000, 0x0000000719e00000| Untracked 
| 208|0x000000071a000000, 0x000000071a200000, 0x000000071a200000|100%| O|  |TAMS 0x000000071a200000, 0x000000071a000000| Untracked 
| 209|0x000000071a200000, 0x000000071a400000, 0x000000071a400000|100%| O|  |TAMS 0x000000071a400000, 0x000000071a200000| Untracked 
| 210|0x000000071a400000, 0x000000071a600000, 0x000000071a600000|100%| O|  |TAMS 0x000000071a600000, 0x000000071a400000| Untracked 
| 211|0x000000071a600000, 0x000000071a800000, 0x000000071a800000|100%| O|  |TAMS 0x000000071a800000, 0x000000071a600000| Untracked 
| 212|0x000000071a800000, 0x000000071aa00000, 0x000000071aa00000|100%| O|  |TAMS 0x000000071aa00000, 0x000000071a800000| Untracked 
| 213|0x000000071aa00000, 0x000000071ac00000, 0x000000071ac00000|100%| O|  |TAMS 0x000000071aa00000, 0x000000071aa00000| Untracked 
| 214|0x000000071ac00000, 0x000000071ae00000, 0x000000071ae00000|100%| O|  |TAMS 0x000000071ae00000, 0x000000071ac00000| Untracked 
| 215|0x000000071ae00000, 0x000000071b000000, 0x000000071b000000|100%| O|  |TAMS 0x000000071b000000, 0x000000071ae00000| Untracked 
| 216|0x000000071b000000, 0x000000071b200000, 0x000000071b200000|100%| O|  |TAMS 0x000000071b200000, 0x000000071b000000| Untracked 
| 217|0x000000071b200000, 0x000000071b400000, 0x000000071b400000|100%| O|  |TAMS 0x000000071b400000, 0x000000071b200000| Untracked 
| 218|0x000000071b400000, 0x000000071b600000, 0x000000071b600000|100%| O|  |TAMS 0x000000071b600000, 0x000000071b400000| Untracked 
| 219|0x000000071b600000, 0x000000071b800000, 0x000000071b800000|100%| O|  |TAMS 0x000000071b800000, 0x000000071b600000| Untracked 
| 220|0x000000071b800000, 0x000000071ba00000, 0x000000071ba00000|100%| O|  |TAMS 0x000000071ba00000, 0x000000071b800000| Untracked 
| 221|0x000000071ba00000, 0x000000071bc00000, 0x000000071bc00000|100%| O|  |TAMS 0x000000071ba00000, 0x000000071ba00000| Untracked 
| 222|0x000000071bc00000, 0x000000071be00000, 0x000000071be00000|100%| O|  |TAMS 0x000000071be00000, 0x000000071bc00000| Untracked 
| 223|0x000000071be00000, 0x000000071c000000, 0x000000071c000000|100%| O|  |TAMS 0x000000071c000000, 0x000000071be00000| Untracked 
| 224|0x000000071c000000, 0x000000071c200000, 0x000000071c200000|100%| O|  |TAMS 0x000000071c200000, 0x000000071c000000| Untracked 
| 225|0x000000071c200000, 0x000000071c400000, 0x000000071c400000|100%| O|  |TAMS 0x000000071c400000, 0x000000071c200000| Untracked 
| 226|0x000000071c400000, 0x000000071c600000, 0x000000071c600000|100%| O|  |TAMS 0x000000071c600000, 0x000000071c400000| Untracked 
| 227|0x000000071c600000, 0x000000071c800000, 0x000000071c800000|100%| O|  |TAMS 0x000000071c800000, 0x000000071c600000| Untracked 
| 228|0x000000071c800000, 0x000000071ca00000, 0x000000071ca00000|100%| O|  |TAMS 0x000000071ca00000, 0x000000071c800000| Untracked 
| 229|0x000000071ca00000, 0x000000071cc00000, 0x000000071cc00000|100%| O|  |TAMS 0x000000071cc00000, 0x000000071ca00000| Untracked 
| 230|0x000000071cc00000, 0x000000071ce00000, 0x000000071ce00000|100%| O|  |TAMS 0x000000071ce00000, 0x000000071cc00000| Untracked 
| 231|0x000000071ce00000, 0x000000071d000000, 0x000000071d000000|100%| O|  |TAMS 0x000000071d000000, 0x000000071ce00000| Untracked 
| 232|0x000000071d000000, 0x000000071d200000, 0x000000071d200000|100%| O|  |TAMS 0x000000071d200000, 0x000000071d000000| Untracked 
| 233|0x000000071d200000, 0x000000071d400000, 0x000000071d400000|100%| O|  |TAMS 0x000000071d400000, 0x000000071d200000| Untracked 
| 234|0x000000071d400000, 0x000000071d600000, 0x000000071d600000|100%| O|  |TAMS 0x000000071d600000, 0x000000071d400000| Untracked 
| 235|0x000000071d600000, 0x000000071d800000, 0x000000071d800000|100%| O|  |TAMS 0x000000071d800000, 0x000000071d600000| Untracked 
| 236|0x000000071d800000, 0x000000071da00000, 0x000000071da00000|100%| O|  |TAMS 0x000000071da00000, 0x000000071d800000| Untracked 
| 237|0x000000071da00000, 0x000000071dc00000, 0x000000071dc00000|100%| O|  |TAMS 0x000000071dc00000, 0x000000071da00000| Untracked 
| 238|0x000000071dc00000, 0x000000071de00000, 0x000000071de00000|100%| O|  |TAMS 0x000000071de00000, 0x000000071dc00000| Untracked 
| 239|0x000000071de00000, 0x000000071e000000, 0x000000071e000000|100%| O|  |TAMS 0x000000071e000000, 0x000000071de00000| Untracked 
| 240|0x000000071e000000, 0x000000071e200000, 0x000000071e200000|100%| O|  |TAMS 0x000000071e200000, 0x000000071e000000| Untracked 
| 241|0x000000071e200000, 0x000000071e400000, 0x000000071e400000|100%| O|  |TAMS 0x000000071e400000, 0x000000071e200000| Untracked 
| 242|0x000000071e400000, 0x000000071e600000, 0x000000071e600000|100%| O|  |TAMS 0x000000071e400000, 0x000000071e400000| Untracked 
| 243|0x000000071e600000, 0x000000071e800000, 0x000000071e800000|100%| O|  |TAMS 0x000000071e800000, 0x000000071e600000| Untracked 
| 244|0x000000071e800000, 0x000000071ea00000, 0x000000071ea00000|100%| O|  |TAMS 0x000000071ea00000, 0x000000071e800000| Untracked 
| 245|0x000000071ea00000, 0x000000071ec00000, 0x000000071ec00000|100%| O|  |TAMS 0x000000071ec00000, 0x000000071ea00000| Untracked 
| 246|0x000000071ec00000, 0x000000071ee00000, 0x000000071ee00000|100%| O|  |TAMS 0x000000071ee00000, 0x000000071ec00000| Untracked 
| 247|0x000000071ee00000, 0x000000071f000000, 0x000000071f000000|100%| O|  |TAMS 0x000000071f000000, 0x000000071ee00000| Untracked 
| 248|0x000000071f000000, 0x000000071f200000, 0x000000071f200000|100%| O|  |TAMS 0x000000071f200000, 0x000000071f000000| Untracked 
| 249|0x000000071f200000, 0x000000071f400000, 0x000000071f400000|100%| O|  |TAMS 0x000000071f200000, 0x000000071f200000| Untracked 
| 250|0x000000071f400000, 0x000000071f600000, 0x000000071f600000|100%| O|  |TAMS 0x000000071f600000, 0x000000071f400000| Untracked 
| 251|0x000000071f600000, 0x000000071f800000, 0x000000071f800000|100%| O|  |TAMS 0x000000071f800000, 0x000000071f600000| Untracked 
| 252|0x000000071f800000, 0x000000071fa00000, 0x000000071fa00000|100%| O|  |TAMS 0x000000071fa00000, 0x000000071f800000| Untracked 
| 253|0x000000071fa00000, 0x000000071fc00000, 0x000000071fc00000|100%| O|  |TAMS 0x000000071fc00000, 0x000000071fa00000| Untracked 
| 254|0x000000071fc00000, 0x000000071fe00000, 0x000000071fe00000|100%| O|  |TAMS 0x000000071fe00000, 0x000000071fc00000| Untracked 
| 255|0x000000071fe00000, 0x0000000720000000, 0x0000000720000000|100%| O|  |TAMS 0x0000000720000000, 0x000000071fe00000| Untracked 
| 256|0x0000000720000000, 0x0000000720200000, 0x0000000720200000|100%| O|  |TAMS 0x0000000720200000, 0x0000000720000000| Untracked 
| 257|0x0000000720200000, 0x0000000720400000, 0x0000000720400000|100%| O|  |TAMS 0x0000000720400000, 0x0000000720200000| Untracked 
| 258|0x0000000720400000, 0x0000000720600000, 0x0000000720600000|100%| O|  |TAMS 0x0000000720600000, 0x0000000720400000| Untracked 
| 259|0x0000000720600000, 0x0000000720800000, 0x0000000720800000|100%| O|  |TAMS 0x0000000720800000, 0x0000000720600000| Untracked 
| 260|0x0000000720800000, 0x0000000720a00000, 0x0000000720a00000|100%| O|  |TAMS 0x0000000720a00000, 0x0000000720800000| Untracked 
| 261|0x0000000720a00000, 0x0000000720c00000, 0x0000000720c00000|100%| O|  |TAMS 0x0000000720c00000, 0x0000000720a00000| Untracked 
| 262|0x0000000720c00000, 0x0000000720e00000, 0x0000000720e00000|100%| O|  |TAMS 0x0000000720e00000, 0x0000000720c00000| Untracked 
| 263|0x0000000720e00000, 0x0000000721000000, 0x0000000721000000|100%| O|  |TAMS 0x0000000721000000, 0x0000000720e00000| Untracked 
| 264|0x0000000721000000, 0x0000000721200000, 0x0000000721200000|100%| O|  |TAMS 0x0000000721200000, 0x0000000721000000| Untracked 
| 265|0x0000000721200000, 0x0000000721400000, 0x0000000721400000|100%| O|  |TAMS 0x0000000721400000, 0x0000000721200000| Untracked 
| 266|0x0000000721400000, 0x0000000721600000, 0x0000000721600000|100%| O|  |TAMS 0x0000000721600000, 0x0000000721400000| Untracked 
| 267|0x0000000721600000, 0x0000000721800000, 0x0000000721800000|100%| O|  |TAMS 0x0000000721800000, 0x0000000721600000| Untracked 
| 268|0x0000000721800000, 0x0000000721a00000, 0x0000000721a00000|100%| O|  |TAMS 0x0000000721a00000, 0x0000000721800000| Untracked 
| 269|0x0000000721a00000, 0x0000000721c00000, 0x0000000721c00000|100%| O|  |TAMS 0x0000000721c00000, 0x0000000721a00000| Untracked 
| 270|0x0000000721c00000, 0x0000000721e00000, 0x0000000721e00000|100%| O|  |TAMS 0x0000000721e00000, 0x0000000721c00000| Untracked 
| 271|0x0000000721e00000, 0x0000000722000000, 0x0000000722000000|100%| O|  |TAMS 0x0000000722000000, 0x0000000721e00000| Untracked 
| 272|0x0000000722000000, 0x0000000722200000, 0x0000000722200000|100%| O|  |TAMS 0x0000000722200000, 0x0000000722000000| Untracked 
| 273|0x0000000722200000, 0x0000000722400000, 0x0000000722400000|100%| O|  |TAMS 0x0000000722200000, 0x0000000722200000| Untracked 
| 274|0x0000000722400000, 0x0000000722600000, 0x0000000722600000|100%| O|  |TAMS 0x0000000722600000, 0x0000000722400000| Untracked 
| 275|0x0000000722600000, 0x0000000722800000, 0x0000000722800000|100%| O|  |TAMS 0x0000000722600000, 0x0000000722600000| Untracked 
| 276|0x0000000722800000, 0x0000000722a00000, 0x0000000722a00000|100%| O|  |TAMS 0x0000000722a00000, 0x0000000722800000| Untracked 
| 277|0x0000000722a00000, 0x0000000722c00000, 0x0000000722c00000|100%| O|  |TAMS 0x0000000722c00000, 0x0000000722a00000| Untracked 
| 278|0x0000000722c00000, 0x0000000722e00000, 0x0000000722e00000|100%| O|  |TAMS 0x0000000722c00000, 0x0000000722c00000| Untracked 
| 279|0x0000000722e00000, 0x0000000723000000, 0x0000000723000000|100%| O|  |TAMS 0x0000000722e00000, 0x0000000722e00000| Untracked 
| 280|0x0000000723000000, 0x0000000723200000, 0x0000000723200000|100%| O|  |TAMS 0x0000000723000000, 0x0000000723000000| Untracked 
| 281|0x0000000723200000, 0x0000000723400000, 0x0000000723400000|100%| O|  |TAMS 0x0000000723200000, 0x0000000723200000| Untracked 
| 282|0x0000000723400000, 0x0000000723600000, 0x0000000723600000|100%| O|  |TAMS 0x0000000723400000, 0x0000000723400000| Untracked 
| 283|0x0000000723600000, 0x0000000723800000, 0x0000000723800000|100%| O|  |TAMS 0x0000000723600000, 0x0000000723600000| Untracked 
| 284|0x0000000723800000, 0x0000000723a00000, 0x0000000723a00000|100%| O|  |TAMS 0x0000000723800000, 0x0000000723800000| Untracked 
| 285|0x0000000723a00000, 0x0000000723c00000, 0x0000000723c00000|100%| O|  |TAMS 0x0000000723a00000, 0x0000000723a00000| Untracked 
| 286|0x0000000723c00000, 0x0000000723e00000, 0x0000000723e00000|100%| O|  |TAMS 0x0000000723e00000, 0x0000000723c00000| Untracked 
| 287|0x0000000723e00000, 0x0000000724000000, 0x0000000724000000|100%| O|  |TAMS 0x0000000724000000, 0x0000000723e00000| Untracked 
| 288|0x0000000724000000, 0x0000000724200000, 0x0000000724200000|100%| O|  |TAMS 0x0000000724200000, 0x0000000724000000| Untracked 
| 289|0x0000000724200000, 0x0000000724400000, 0x0000000724400000|100%| O|  |TAMS 0x0000000724400000, 0x0000000724200000| Untracked 
| 290|0x0000000724400000, 0x0000000724600000, 0x0000000724600000|100%| O|  |TAMS 0x0000000724600000, 0x0000000724400000| Untracked 
| 291|0x0000000724600000, 0x0000000724800000, 0x0000000724800000|100%| O|  |TAMS 0x0000000724800000, 0x0000000724600000| Untracked 
| 292|0x0000000724800000, 0x0000000724a00000, 0x0000000724a00000|100%| O|  |TAMS 0x0000000724a00000, 0x0000000724800000| Untracked 
| 293|0x0000000724a00000, 0x0000000724c00000, 0x0000000724c00000|100%| O|  |TAMS 0x0000000724c00000, 0x0000000724a00000| Untracked 
| 294|0x0000000724c00000, 0x0000000724e00000, 0x0000000724e00000|100%| O|  |TAMS 0x0000000724e00000, 0x0000000724c00000| Untracked 
| 295|0x0000000724e00000, 0x0000000725000000, 0x0000000725000000|100%| O|  |TAMS 0x0000000725000000, 0x0000000724e00000| Untracked 
| 296|0x0000000725000000, 0x0000000725200000, 0x0000000725200000|100%| O|  |TAMS 0x0000000725200000, 0x0000000725000000| Untracked 
| 297|0x0000000725200000, 0x0000000725400000, 0x0000000725400000|100%| O|  |TAMS 0x0000000725400000, 0x0000000725200000| Untracked 
| 298|0x0000000725400000, 0x0000000725600000, 0x0000000725600000|100%| O|  |TAMS 0x0000000725600000, 0x0000000725400000| Untracked 
| 299|0x0000000725600000, 0x0000000725800000, 0x0000000725800000|100%|HS|  |TAMS 0x0000000725800000, 0x0000000725600000| Complete 
| 300|0x0000000725800000, 0x0000000725a00000, 0x0000000725a00000|100%|HC|  |TAMS 0x0000000725a00000, 0x0000000725800000| Complete 
| 301|0x0000000725a00000, 0x0000000725c00000, 0x0000000725c00000|100%|HS|  |TAMS 0x0000000725c00000, 0x0000000725a00000| Complete 
| 302|0x0000000725c00000, 0x0000000725e00000, 0x0000000725e00000|100%|HC|  |TAMS 0x0000000725e00000, 0x0000000725c00000| Complete 
| 303|0x0000000725e00000, 0x0000000726000000, 0x0000000726000000|100%| O|  |TAMS 0x0000000726000000, 0x0000000725e00000| Untracked 
| 304|0x0000000726000000, 0x0000000726200000, 0x0000000726200000|100%| O|  |TAMS 0x0000000726200000, 0x0000000726000000| Untracked 
| 305|0x0000000726200000, 0x0000000726400000, 0x0000000726400000|100%| O|  |TAMS 0x0000000726400000, 0x0000000726200000| Untracked 
| 306|0x0000000726400000, 0x0000000726600000, 0x0000000726600000|100%| O|  |TAMS 0x0000000726600000, 0x0000000726400000| Untracked 
| 307|0x0000000726600000, 0x0000000726800000, 0x0000000726800000|100%| O|  |TAMS 0x0000000726800000, 0x0000000726600000| Untracked 
| 308|0x0000000726800000, 0x0000000726a00000, 0x0000000726a00000|100%| O|  |TAMS 0x0000000726a00000, 0x0000000726800000| Untracked 
| 309|0x0000000726a00000, 0x0000000726c00000, 0x0000000726c00000|100%| O|  |TAMS 0x0000000726c00000, 0x0000000726a00000| Untracked 
| 310|0x0000000726c00000, 0x0000000726e00000, 0x0000000726e00000|100%| O|  |TAMS 0x0000000726c00000, 0x0000000726c00000| Untracked 
| 311|0x0000000726e00000, 0x0000000727000000, 0x0000000727000000|100%| O|  |TAMS 0x0000000726e00000, 0x0000000726e00000| Untracked 
| 312|0x0000000727000000, 0x0000000727200000, 0x0000000727200000|100%| O|  |TAMS 0x0000000727000000, 0x0000000727000000| Untracked 
| 313|0x0000000727200000, 0x0000000727400000, 0x0000000727400000|100%| O|  |TAMS 0x0000000727400000, 0x0000000727200000| Untracked 
| 314|0x0000000727400000, 0x0000000727600000, 0x0000000727600000|100%| O|  |TAMS 0x0000000727600000, 0x0000000727400000| Untracked 
| 315|0x0000000727600000, 0x0000000727800000, 0x0000000727800000|100%| O|  |TAMS 0x0000000727600000, 0x0000000727600000| Untracked 
| 316|0x0000000727800000, 0x0000000727a00000, 0x0000000727a00000|100%| O|  |TAMS 0x0000000727800000, 0x0000000727800000| Untracked 
| 317|0x0000000727a00000, 0x0000000727c00000, 0x0000000727c00000|100%| O|  |TAMS 0x0000000727a00000, 0x0000000727a00000| Untracked 
| 318|0x0000000727c00000, 0x0000000727e00000, 0x0000000727e00000|100%| O|  |TAMS 0x0000000727e00000, 0x0000000727c00000| Untracked 
| 319|0x0000000727e00000, 0x0000000728000000, 0x0000000728000000|100%| O|  |TAMS 0x0000000728000000, 0x0000000727e00000| Untracked 
| 320|0x0000000728000000, 0x0000000728200000, 0x0000000728200000|100%| O|  |TAMS 0x0000000728000000, 0x0000000728000000| Untracked 
| 321|0x0000000728200000, 0x0000000728400000, 0x0000000728400000|100%| O|  |TAMS 0x0000000728200000, 0x0000000728200000| Untracked 
| 322|0x0000000728400000, 0x0000000728600000, 0x0000000728600000|100%| O|  |TAMS 0x0000000728400000, 0x0000000728400000| Untracked 
| 323|0x0000000728600000, 0x0000000728800000, 0x0000000728800000|100%| O|  |TAMS 0x0000000728600000, 0x0000000728600000| Untracked 
| 324|0x0000000728800000, 0x0000000728a00000, 0x0000000728a00000|100%| O|  |TAMS 0x0000000728a00000, 0x0000000728800000| Untracked 
| 325|0x0000000728a00000, 0x0000000728c00000, 0x0000000728c00000|100%| O|  |TAMS 0x0000000728c00000, 0x0000000728a00000| Untracked 
| 326|0x0000000728c00000, 0x0000000728e00000, 0x0000000728e00000|100%| O|  |TAMS 0x0000000728e00000, 0x0000000728c00000| Untracked 
| 327|0x0000000728e00000, 0x0000000729000000, 0x0000000729000000|100%| O|  |TAMS 0x0000000729000000, 0x0000000728e00000| Untracked 
| 328|0x0000000729000000, 0x0000000729200000, 0x0000000729200000|100%| O|  |TAMS 0x0000000729200000, 0x0000000729000000| Untracked 
| 329|0x0000000729200000, 0x0000000729400000, 0x0000000729400000|100%| O|  |TAMS 0x0000000729400000, 0x0000000729200000| Untracked 
| 330|0x0000000729400000, 0x0000000729600000, 0x0000000729600000|100%| O|  |TAMS 0x0000000729600000, 0x0000000729400000| Untracked 
| 331|0x0000000729600000, 0x0000000729800000, 0x0000000729800000|100%| O|  |TAMS 0x0000000729800000, 0x0000000729600000| Untracked 
| 332|0x0000000729800000, 0x0000000729a00000, 0x0000000729a00000|100%| O|  |TAMS 0x0000000729a00000, 0x0000000729800000| Untracked 
| 333|0x0000000729a00000, 0x0000000729c00000, 0x0000000729c00000|100%| O|  |TAMS 0x0000000729c00000, 0x0000000729a00000| Untracked 
| 334|0x0000000729c00000, 0x0000000729e00000, 0x0000000729e00000|100%| O|  |TAMS 0x0000000729e00000, 0x0000000729c00000| Untracked 
| 335|0x0000000729e00000, 0x000000072a000000, 0x000000072a000000|100%| O|  |TAMS 0x0000000729e00000, 0x0000000729e00000| Untracked 
| 336|0x000000072a000000, 0x000000072a200000, 0x000000072a200000|100%| O|  |TAMS 0x000000072a000000, 0x000000072a000000| Untracked 
| 337|0x000000072a200000, 0x000000072a400000, 0x000000072a400000|100%| O|  |TAMS 0x000000072a400000, 0x000000072a200000| Untracked 
| 338|0x000000072a400000, 0x000000072a600000, 0x000000072a600000|100%| O|  |TAMS 0x000000072a600000, 0x000000072a400000| Untracked 
| 339|0x000000072a600000, 0x000000072a800000, 0x000000072a800000|100%| O|  |TAMS 0x000000072a600000, 0x000000072a600000| Untracked 
| 340|0x000000072a800000, 0x000000072aa00000, 0x000000072aa00000|100%| O|  |TAMS 0x000000072aa00000, 0x000000072a800000| Untracked 
| 341|0x000000072aa00000, 0x000000072ac00000, 0x000000072ac00000|100%| O|  |TAMS 0x000000072aa00000, 0x000000072aa00000| Untracked 
| 342|0x000000072ac00000, 0x000000072ae00000, 0x000000072ae00000|100%| O|  |TAMS 0x000000072ae00000, 0x000000072ac00000| Untracked 
| 343|0x000000072ae00000, 0x000000072b000000, 0x000000072b000000|100%| O|  |TAMS 0x000000072b000000, 0x000000072ae00000| Untracked 
| 344|0x000000072b000000, 0x000000072b200000, 0x000000072b200000|100%| O|  |TAMS 0x000000072b200000, 0x000000072b000000| Untracked 
| 345|0x000000072b200000, 0x000000072b400000, 0x000000072b400000|100%| O|  |TAMS 0x000000072b200000, 0x000000072b200000| Untracked 
| 346|0x000000072b400000, 0x000000072b600000, 0x000000072b600000|100%| O|  |TAMS 0x000000072b600000, 0x000000072b400000| Untracked 
| 347|0x000000072b600000, 0x000000072b800000, 0x000000072b800000|100%| O|  |TAMS 0x000000072b800000, 0x000000072b600000| Untracked 
| 348|0x000000072b800000, 0x000000072ba00000, 0x000000072ba00000|100%| O|  |TAMS 0x000000072ba00000, 0x000000072b800000| Untracked 
| 349|0x000000072ba00000, 0x000000072bc00000, 0x000000072bc00000|100%| O|  |TAMS 0x000000072bc00000, 0x000000072ba00000| Untracked 
| 350|0x000000072bc00000, 0x000000072be00000, 0x000000072be00000|100%| O|  |TAMS 0x000000072bc00000, 0x000000072bc00000| Untracked 
| 351|0x000000072be00000, 0x000000072c000000, 0x000000072c000000|100%| O|  |TAMS 0x000000072be00000, 0x000000072be00000| Untracked 
| 352|0x000000072c000000, 0x000000072c200000, 0x000000072c200000|100%| O|  |TAMS 0x000000072c200000, 0x000000072c000000| Untracked 
| 353|0x000000072c200000, 0x000000072c400000, 0x000000072c400000|100%| O|  |TAMS 0x000000072c400000, 0x000000072c200000| Untracked 
| 354|0x000000072c400000, 0x000000072c600000, 0x000000072c600000|100%| O|  |TAMS 0x000000072c600000, 0x000000072c400000| Untracked 
| 355|0x000000072c600000, 0x000000072c800000, 0x000000072c800000|100%| O|  |TAMS 0x000000072c600000, 0x000000072c600000| Untracked 
| 356|0x000000072c800000, 0x000000072ca00000, 0x000000072ca00000|100%| O|  |TAMS 0x000000072ca00000, 0x000000072c800000| Untracked 
| 357|0x000000072ca00000, 0x000000072cc00000, 0x000000072cc00000|100%| O|  |TAMS 0x000000072cc00000, 0x000000072ca00000| Untracked 
| 358|0x000000072cc00000, 0x000000072ce00000, 0x000000072ce00000|100%| O|  |TAMS 0x000000072ce00000, 0x000000072cc00000| Untracked 
| 359|0x000000072ce00000, 0x000000072d000000, 0x000000072d000000|100%| O|  |TAMS 0x000000072d000000, 0x000000072ce00000| Untracked 
| 360|0x000000072d000000, 0x000000072d200000, 0x000000072d200000|100%| O|  |TAMS 0x000000072d200000, 0x000000072d000000| Untracked 
| 361|0x000000072d200000, 0x000000072d400000, 0x000000072d400000|100%| O|  |TAMS 0x000000072d400000, 0x000000072d200000| Untracked 
| 362|0x000000072d400000, 0x000000072d600000, 0x000000072d600000|100%| O|  |TAMS 0x000000072d600000, 0x000000072d400000| Untracked 
| 363|0x000000072d600000, 0x000000072d800000, 0x000000072d800000|100%| O|  |TAMS 0x000000072d600000, 0x000000072d600000| Untracked 
| 364|0x000000072d800000, 0x000000072da00000, 0x000000072da00000|100%| O|  |TAMS 0x000000072da00000, 0x000000072d800000| Untracked 
| 365|0x000000072da00000, 0x000000072dc00000, 0x000000072dc00000|100%| O|  |TAMS 0x000000072dc00000, 0x000000072da00000| Untracked 
| 366|0x000000072dc00000, 0x000000072de00000, 0x000000072de00000|100%| O|  |TAMS 0x000000072de00000, 0x000000072dc00000| Untracked 
| 367|0x000000072de00000, 0x000000072e000000, 0x000000072e000000|100%| O|  |TAMS 0x000000072e000000, 0x000000072de00000| Untracked 
| 368|0x000000072e000000, 0x000000072e200000, 0x000000072e200000|100%| O|  |TAMS 0x000000072e200000, 0x000000072e000000| Untracked 
| 369|0x000000072e200000, 0x000000072e400000, 0x000000072e400000|100%| O|  |TAMS 0x000000072e400000, 0x000000072e200000| Untracked 
| 370|0x000000072e400000, 0x000000072e600000, 0x000000072e600000|100%| O|  |TAMS 0x000000072e400000, 0x000000072e400000| Untracked 
| 371|0x000000072e600000, 0x000000072e800000, 0x000000072e800000|100%| O|  |TAMS 0x000000072e800000, 0x000000072e600000| Untracked 
| 372|0x000000072e800000, 0x000000072ea00000, 0x000000072ea00000|100%| O|  |TAMS 0x000000072ea00000, 0x000000072e800000| Untracked 
| 373|0x000000072ea00000, 0x000000072ec00000, 0x000000072ec00000|100%| O|  |TAMS 0x000000072ea00000, 0x000000072ea00000| Untracked 
| 374|0x000000072ec00000, 0x000000072ee00000, 0x000000072ee00000|100%| O|  |TAMS 0x000000072ec00000, 0x000000072ec00000| Untracked 
| 375|0x000000072ee00000, 0x000000072f000000, 0x000000072f000000|100%| O|  |TAMS 0x000000072ee00000, 0x000000072ee00000| Untracked 
| 376|0x000000072f000000, 0x000000072f200000, 0x000000072f200000|100%| O|  |TAMS 0x000000072f000000, 0x000000072f000000| Untracked 
| 377|0x000000072f200000, 0x000000072f400000, 0x000000072f400000|100%| O|  |TAMS 0x000000072f200000, 0x000000072f200000| Untracked 
| 378|0x000000072f400000, 0x000000072f600000, 0x000000072f600000|100%| O|  |TAMS 0x000000072f600000, 0x000000072f400000| Untracked 
| 379|0x000000072f600000, 0x000000072f800000, 0x000000072f800000|100%| O|  |TAMS 0x000000072f800000, 0x000000072f600000| Untracked 
| 380|0x000000072f800000, 0x000000072fa00000, 0x000000072fa00000|100%| O|  |TAMS 0x000000072fa00000, 0x000000072f800000| Untracked 
| 381|0x000000072fa00000, 0x000000072fc00000, 0x000000072fc00000|100%| O|  |TAMS 0x000000072fa00000, 0x000000072fa00000| Untracked 
| 382|0x000000072fc00000, 0x000000072fe00000, 0x000000072fe00000|100%| O|  |TAMS 0x000000072fe00000, 0x000000072fc00000| Untracked 
| 383|0x000000072fe00000, 0x0000000730000000, 0x0000000730000000|100%| O|  |TAMS 0x0000000730000000, 0x000000072fe00000| Untracked 
| 384|0x0000000730000000, 0x0000000730200000, 0x0000000730200000|100%| O|  |TAMS 0x0000000730200000, 0x0000000730000000| Untracked 
| 385|0x0000000730200000, 0x0000000730400000, 0x0000000730400000|100%| O|  |TAMS 0x0000000730200000, 0x0000000730200000| Untracked 
| 386|0x0000000730400000, 0x0000000730600000, 0x0000000730600000|100%| O|  |TAMS 0x0000000730600000, 0x0000000730400000| Untracked 
| 387|0x0000000730600000, 0x0000000730800000, 0x0000000730800000|100%| O|  |TAMS 0x0000000730800000, 0x0000000730600000| Untracked 
| 388|0x0000000730800000, 0x0000000730a00000, 0x0000000730a00000|100%| O|  |TAMS 0x0000000730800000, 0x0000000730800000| Untracked 
| 389|0x0000000730a00000, 0x0000000730c00000, 0x0000000730c00000|100%| O|  |TAMS 0x0000000730a00000, 0x0000000730a00000| Untracked 
| 390|0x0000000730c00000, 0x0000000730e00000, 0x0000000730e00000|100%| O|  |TAMS 0x0000000730e00000, 0x0000000730c00000| Untracked 
| 391|0x0000000730e00000, 0x0000000731000000, 0x0000000731000000|100%| O|  |TAMS 0x0000000731000000, 0x0000000730e00000| Untracked 
| 392|0x0000000731000000, 0x0000000731200000, 0x0000000731200000|100%| O|  |TAMS 0x0000000731000000, 0x0000000731000000| Untracked 
| 393|0x0000000731200000, 0x0000000731400000, 0x0000000731400000|100%| O|  |TAMS 0x0000000731400000, 0x0000000731200000| Untracked 
| 394|0x0000000731400000, 0x0000000731600000, 0x0000000731600000|100%| O|  |TAMS 0x0000000731600000, 0x0000000731400000| Untracked 
| 395|0x0000000731600000, 0x0000000731800000, 0x0000000731800000|100%| O|  |TAMS 0x0000000731800000, 0x0000000731600000| Untracked 
| 396|0x0000000731800000, 0x0000000731a00000, 0x0000000731a00000|100%| O|  |TAMS 0x0000000731a00000, 0x0000000731800000| Untracked 
| 397|0x0000000731a00000, 0x0000000731c00000, 0x0000000731c00000|100%| O|  |TAMS 0x0000000731a00000, 0x0000000731a00000| Untracked 
| 398|0x0000000731c00000, 0x0000000731e00000, 0x0000000731e00000|100%| O|  |TAMS 0x0000000731e00000, 0x0000000731c00000| Untracked 
| 399|0x0000000731e00000, 0x0000000732000000, 0x0000000732000000|100%| O|  |TAMS 0x0000000731e00000, 0x0000000731e00000| Untracked 
| 400|0x0000000732000000, 0x0000000732200000, 0x0000000732200000|100%| O|  |TAMS 0x0000000732000000, 0x0000000732000000| Untracked 
| 401|0x0000000732200000, 0x0000000732400000, 0x0000000732400000|100%| O|  |TAMS 0x0000000732200000, 0x0000000732200000| Untracked 
| 402|0x0000000732400000, 0x0000000732600000, 0x0000000732600000|100%| O|  |TAMS 0x0000000732400000, 0x0000000732400000| Untracked 
| 403|0x0000000732600000, 0x0000000732800000, 0x0000000732800000|100%| O|  |TAMS 0x0000000732600000, 0x0000000732600000| Untracked 
| 404|0x0000000732800000, 0x0000000732a00000, 0x0000000732a00000|100%| O|  |TAMS 0x00000007328e2000, 0x0000000732800000| Untracked 
| 405|0x0000000732a00000, 0x0000000732c00000, 0x0000000732c00000|100%| O|  |TAMS 0x0000000732a00000, 0x0000000732a00000| Untracked 
| 406|0x0000000732c00000, 0x0000000732e00000, 0x0000000732e00000|100%| O|  |TAMS 0x0000000732e00000, 0x0000000732c00000| Untracked 
| 407|0x0000000732e00000, 0x0000000733000000, 0x0000000733000000|100%| O|  |TAMS 0x0000000732e00000, 0x0000000732e00000| Untracked 
| 408|0x0000000733000000, 0x0000000733200000, 0x0000000733200000|100%| O|  |TAMS 0x0000000733000000, 0x0000000733000000| Untracked 
| 409|0x0000000733200000, 0x0000000733400000, 0x0000000733400000|100%| O|  |TAMS 0x0000000733400000, 0x0000000733200000| Untracked 
| 410|0x0000000733400000, 0x0000000733600000, 0x0000000733600000|100%|HS|  |TAMS 0x0000000733600000, 0x0000000733400000| Complete 
| 411|0x0000000733600000, 0x0000000733800000, 0x0000000733800000|100%|HC|  |TAMS 0x0000000733800000, 0x0000000733600000| Complete 
| 412|0x0000000733800000, 0x0000000733a00000, 0x0000000733a00000|100%|HS|  |TAMS 0x0000000733a00000, 0x0000000733800000| Complete 
| 413|0x0000000733a00000, 0x0000000733c00000, 0x0000000733c00000|100%|HS|  |TAMS 0x0000000733c00000, 0x0000000733a00000| Complete 
| 414|0x0000000733c00000, 0x0000000733e00000, 0x0000000733e00000|100%|HC|  |TAMS 0x0000000733e00000, 0x0000000733c00000| Complete 
| 415|0x0000000733e00000, 0x0000000734000000, 0x0000000734000000|100%| O|  |TAMS 0x0000000733e00000, 0x0000000733e00000| Untracked 
| 416|0x0000000734000000, 0x0000000734200000, 0x0000000734200000|100%| O|  |TAMS 0x0000000734000000, 0x0000000734000000| Untracked 
| 417|0x0000000734200000, 0x0000000734400000, 0x0000000734400000|100%| O|  |TAMS 0x0000000734200000, 0x0000000734200000| Untracked 
| 418|0x0000000734400000, 0x0000000734600000, 0x0000000734600000|100%| O|  |TAMS 0x0000000734600000, 0x0000000734400000| Untracked 
| 419|0x0000000734600000, 0x0000000734800000, 0x0000000734800000|100%| O|  |TAMS 0x0000000734600000, 0x0000000734600000| Untracked 
| 420|0x0000000734800000, 0x0000000734a00000, 0x0000000734a00000|100%| O|  |TAMS 0x0000000734a00000, 0x0000000734800000| Untracked 
| 421|0x0000000734a00000, 0x0000000734c00000, 0x0000000734c00000|100%| O|  |TAMS 0x0000000734c00000, 0x0000000734a00000| Untracked 
| 422|0x0000000734c00000, 0x0000000734e00000, 0x0000000734e00000|100%| O|  |TAMS 0x0000000734e00000, 0x0000000734c00000| Untracked 
| 423|0x0000000734e00000, 0x0000000735000000, 0x0000000735000000|100%| O|  |TAMS 0x0000000735000000, 0x0000000734e00000| Untracked 
| 424|0x0000000735000000, 0x0000000735200000, 0x0000000735200000|100%| O|  |TAMS 0x0000000735000000, 0x0000000735000000| Untracked 
| 425|0x0000000735200000, 0x0000000735400000, 0x0000000735400000|100%| O|  |TAMS 0x0000000735400000, 0x0000000735200000| Untracked 
| 426|0x0000000735400000, 0x0000000735600000, 0x0000000735600000|100%| O|  |TAMS 0x0000000735600000, 0x0000000735400000| Untracked 
| 427|0x0000000735600000, 0x0000000735800000, 0x0000000735800000|100%| O|  |TAMS 0x0000000735800000, 0x0000000735600000| Untracked 
| 428|0x0000000735800000, 0x0000000735a00000, 0x0000000735a00000|100%| O|  |TAMS 0x0000000735a00000, 0x0000000735800000| Untracked 
| 429|0x0000000735a00000, 0x0000000735c00000, 0x0000000735c00000|100%| O|  |TAMS 0x0000000735c00000, 0x0000000735a00000| Untracked 
| 430|0x0000000735c00000, 0x0000000735e00000, 0x0000000735e00000|100%| O|  |TAMS 0x0000000735c00000, 0x0000000735c00000| Untracked 
| 431|0x0000000735e00000, 0x0000000736000000, 0x0000000736000000|100%| O|  |TAMS 0x0000000735e00000, 0x0000000735e00000| Untracked 
| 432|0x0000000736000000, 0x0000000736200000, 0x0000000736200000|100%| O|  |TAMS 0x0000000736200000, 0x0000000736000000| Untracked 
| 433|0x0000000736200000, 0x0000000736400000, 0x0000000736400000|100%| O|  |TAMS 0x0000000736200000, 0x0000000736200000| Untracked 
| 434|0x0000000736400000, 0x0000000736600000, 0x0000000736600000|100%| O|  |TAMS 0x0000000736600000, 0x0000000736400000| Untracked 
| 435|0x0000000736600000, 0x0000000736800000, 0x0000000736800000|100%| O|  |TAMS 0x0000000736600000, 0x0000000736600000| Untracked 
| 436|0x0000000736800000, 0x0000000736a00000, 0x0000000736a00000|100%| O|  |TAMS 0x0000000736a00000, 0x0000000736800000| Untracked 
| 437|0x0000000736a00000, 0x0000000736c00000, 0x0000000736c00000|100%| O|  |TAMS 0x0000000736c00000, 0x0000000736a00000| Untracked 
| 438|0x0000000736c00000, 0x0000000736e00000, 0x0000000736e00000|100%| O|  |TAMS 0x0000000736c00000, 0x0000000736c00000| Untracked 
| 439|0x0000000736e00000, 0x0000000737000000, 0x0000000737000000|100%| O|  |TAMS 0x0000000737000000, 0x0000000736e00000| Untracked 
| 440|0x0000000737000000, 0x0000000737200000, 0x0000000737200000|100%| O|  |TAMS 0x0000000737000000, 0x0000000737000000| Untracked 
| 441|0x0000000737200000, 0x0000000737400000, 0x0000000737400000|100%| O|  |TAMS 0x0000000737400000, 0x0000000737200000| Untracked 
| 442|0x0000000737400000, 0x0000000737600000, 0x0000000737600000|100%| O|  |TAMS 0x0000000737600000, 0x0000000737400000| Untracked 
| 443|0x0000000737600000, 0x0000000737800000, 0x0000000737800000|100%| O|  |TAMS 0x0000000737800000, 0x0000000737600000| Untracked 
| 444|0x0000000737800000, 0x0000000737a00000, 0x0000000737a00000|100%| O|  |TAMS 0x0000000737a00000, 0x0000000737800000| Untracked 
| 445|0x0000000737a00000, 0x0000000737c00000, 0x0000000737c00000|100%| O|  |TAMS 0x0000000737c00000, 0x0000000737a00000| Untracked 
| 446|0x0000000737c00000, 0x0000000737e00000, 0x0000000737e00000|100%| O|  |TAMS 0x0000000737e00000, 0x0000000737c00000| Untracked 
| 447|0x0000000737e00000, 0x0000000738000000, 0x0000000738000000|100%| O|  |TAMS 0x0000000738000000, 0x0000000737e00000| Untracked 
| 448|0x0000000738000000, 0x0000000738200000, 0x0000000738200000|100%| O|  |TAMS 0x0000000738000000, 0x0000000738000000| Untracked 
| 449|0x0000000738200000, 0x0000000738400000, 0x0000000738400000|100%| O|  |TAMS 0x0000000738200000, 0x0000000738200000| Untracked 
| 450|0x0000000738400000, 0x0000000738600000, 0x0000000738600000|100%| O|  |TAMS 0x0000000738600000, 0x0000000738400000| Untracked 
| 451|0x0000000738600000, 0x0000000738800000, 0x0000000738800000|100%| O|  |TAMS 0x0000000738800000, 0x0000000738600000| Untracked 
| 452|0x0000000738800000, 0x0000000738a00000, 0x0000000738a00000|100%| O|  |TAMS 0x0000000738a00000, 0x0000000738800000| Untracked 
| 453|0x0000000738a00000, 0x0000000738c00000, 0x0000000738c00000|100%| O|  |TAMS 0x0000000738a00000, 0x0000000738a00000| Untracked 
| 454|0x0000000738c00000, 0x0000000738e00000, 0x0000000738e00000|100%| O|  |TAMS 0x0000000738e00000, 0x0000000738c00000| Untracked 
| 455|0x0000000738e00000, 0x0000000739000000, 0x0000000739000000|100%| O|  |TAMS 0x0000000739000000, 0x0000000738e00000| Untracked 
| 456|0x0000000739000000, 0x0000000739200000, 0x0000000739200000|100%| O|  |TAMS 0x0000000739000000, 0x0000000739000000| Untracked 
| 457|0x0000000739200000, 0x0000000739400000, 0x0000000739400000|100%| O|  |TAMS 0x0000000739400000, 0x0000000739200000| Untracked 
| 458|0x0000000739400000, 0x0000000739600000, 0x0000000739600000|100%| O|  |TAMS 0x0000000739600000, 0x0000000739400000| Untracked 
| 459|0x0000000739600000, 0x0000000739800000, 0x0000000739800000|100%|HS|  |TAMS 0x0000000739600000, 0x0000000739600000| Complete 
| 460|0x0000000739800000, 0x0000000739a00000, 0x0000000739a00000|100%| O|  |TAMS 0x0000000739800000, 0x0000000739800000| Untracked 
| 461|0x0000000739a00000, 0x0000000739c00000, 0x0000000739c00000|100%| O|  |TAMS 0x0000000739a00000, 0x0000000739a00000| Untracked 
| 462|0x0000000739c00000, 0x0000000739e00000, 0x0000000739e00000|100%| O|  |TAMS 0x0000000739c00000, 0x0000000739c00000| Untracked 
| 463|0x0000000739e00000, 0x000000073a000000, 0x000000073a000000|100%| O|  |TAMS 0x000000073a000000, 0x0000000739e00000| Untracked 
| 464|0x000000073a000000, 0x000000073a200000, 0x000000073a200000|100%| O|  |TAMS 0x000000073a200000, 0x000000073a000000| Untracked 
| 465|0x000000073a200000, 0x000000073a400000, 0x000000073a400000|100%| O|  |TAMS 0x000000073a400000, 0x000000073a200000| Untracked 
| 466|0x000000073a400000, 0x000000073a600000, 0x000000073a600000|100%| O|  |TAMS 0x000000073a600000, 0x000000073a400000| Untracked 
| 467|0x000000073a600000, 0x000000073a800000, 0x000000073a800000|100%| O|  |TAMS 0x000000073a800000, 0x000000073a600000| Untracked 
| 468|0x000000073a800000, 0x000000073aa00000, 0x000000073aa00000|100%| O|  |TAMS 0x000000073aa00000, 0x000000073a800000| Untracked 
| 469|0x000000073aa00000, 0x000000073ac00000, 0x000000073ac00000|100%| O|  |TAMS 0x000000073aa00000, 0x000000073aa00000| Untracked 
| 470|0x000000073ac00000, 0x000000073ae00000, 0x000000073ae00000|100%| O|  |TAMS 0x000000073ac00000, 0x000000073ac00000| Untracked 
| 471|0x000000073ae00000, 0x000000073b000000, 0x000000073b000000|100%| O|  |TAMS 0x000000073ae00000, 0x000000073ae00000| Untracked 
| 472|0x000000073b000000, 0x000000073b200000, 0x000000073b200000|100%| O|  |TAMS 0x000000073b000000, 0x000000073b000000| Untracked 
| 473|0x000000073b200000, 0x000000073b400000, 0x000000073b400000|100%| O|  |TAMS 0x000000073b200000, 0x000000073b200000| Untracked 
| 474|0x000000073b400000, 0x000000073b600000, 0x000000073b600000|100%| O|  |TAMS 0x000000073b600000, 0x000000073b400000| Untracked 
| 475|0x000000073b600000, 0x000000073b800000, 0x000000073b800000|100%| O|  |TAMS 0x000000073b800000, 0x000000073b600000| Untracked 
| 476|0x000000073b800000, 0x000000073ba00000, 0x000000073ba00000|100%| O|  |TAMS 0x000000073ba00000, 0x000000073b800000| Untracked 
| 477|0x000000073ba00000, 0x000000073bc00000, 0x000000073bc00000|100%| O|  |TAMS 0x000000073bc00000, 0x000000073ba00000| Untracked 
| 478|0x000000073bc00000, 0x000000073be00000, 0x000000073be00000|100%| O|  |TAMS 0x000000073be00000, 0x000000073bc00000| Untracked 
| 479|0x000000073be00000, 0x000000073c000000, 0x000000073c000000|100%| O|  |TAMS 0x000000073c000000, 0x000000073be00000| Untracked 
| 480|0x000000073c000000, 0x000000073c200000, 0x000000073c200000|100%| O|  |TAMS 0x000000073c200000, 0x000000073c000000| Untracked 
| 481|0x000000073c200000, 0x000000073c400000, 0x000000073c400000|100%| O|  |TAMS 0x000000073c200000, 0x000000073c200000| Untracked 
| 482|0x000000073c400000, 0x000000073c600000, 0x000000073c600000|100%| O|  |TAMS 0x000000073c400000, 0x000000073c400000| Untracked 
| 483|0x000000073c600000, 0x000000073c800000, 0x000000073c800000|100%| O|  |TAMS 0x000000073c600000, 0x000000073c600000| Untracked 
| 484|0x000000073c800000, 0x000000073ca00000, 0x000000073ca00000|100%| O|  |TAMS 0x000000073c800000, 0x000000073c800000| Untracked 
| 485|0x000000073ca00000, 0x000000073cc00000, 0x000000073cc00000|100%| O|  |TAMS 0x000000073ca00000, 0x000000073ca00000| Untracked 
| 486|0x000000073cc00000, 0x000000073ce00000, 0x000000073ce00000|100%| O|  |TAMS 0x000000073cc00000, 0x000000073cc00000| Untracked 
| 487|0x000000073ce00000, 0x000000073d000000, 0x000000073d000000|100%| O|  |TAMS 0x000000073ce00000, 0x000000073ce00000| Untracked 
| 488|0x000000073d000000, 0x000000073d200000, 0x000000073d200000|100%|HS|  |TAMS 0x000000073d200000, 0x000000073d000000| Complete 
| 489|0x000000073d200000, 0x000000073d400000, 0x000000073d400000|100%|HC|  |TAMS 0x000000073d400000, 0x000000073d200000| Complete 
| 490|0x000000073d400000, 0x000000073d600000, 0x000000073d600000|100%|HC|  |TAMS 0x000000073d600000, 0x000000073d400000| Complete 
| 491|0x000000073d600000, 0x000000073d800000, 0x000000073d800000|100%|HC|  |TAMS 0x000000073d800000, 0x000000073d600000| Complete 
| 492|0x000000073d800000, 0x000000073da00000, 0x000000073da00000|100%| O|  |TAMS 0x000000073d800000, 0x000000073d800000| Untracked 
| 493|0x000000073da00000, 0x000000073dc00000, 0x000000073dc00000|100%| O|  |TAMS 0x000000073da00000, 0x000000073da00000| Untracked 
| 494|0x000000073dc00000, 0x000000073de00000, 0x000000073de00000|100%| O|  |TAMS 0x000000073de00000, 0x000000073dc00000| Untracked 
| 495|0x000000073de00000, 0x000000073e000000, 0x000000073e000000|100%| O|  |TAMS 0x000000073de00000, 0x000000073de00000| Untracked 
| 496|0x000000073e000000, 0x000000073e200000, 0x000000073e200000|100%| O|  |TAMS 0x000000073e000000, 0x000000073e000000| Untracked 
| 497|0x000000073e200000, 0x000000073e400000, 0x000000073e400000|100%| O|  |TAMS 0x000000073e200000, 0x000000073e200000| Untracked 
| 498|0x000000073e400000, 0x000000073e600000, 0x000000073e600000|100%| O|  |TAMS 0x000000073e400000, 0x000000073e400000| Untracked 
| 499|0x000000073e600000, 0x000000073e800000, 0x000000073e800000|100%| O|  |TAMS 0x000000073e600000, 0x000000073e600000| Untracked 
| 500|0x000000073e800000, 0x000000073ea00000, 0x000000073ea00000|100%| O|  |TAMS 0x000000073ea00000, 0x000000073e800000| Untracked 
| 501|0x000000073ea00000, 0x000000073ec00000, 0x000000073ec00000|100%| O|  |TAMS 0x000000073ea00000, 0x000000073ea00000| Untracked 
| 502|0x000000073ec00000, 0x000000073ee00000, 0x000000073ee00000|100%| O|  |TAMS 0x000000073ec00000, 0x000000073ec00000| Untracked 
| 503|0x000000073ee00000, 0x000000073f000000, 0x000000073f000000|100%| O|  |TAMS 0x000000073ee00000, 0x000000073ee00000| Untracked 
| 504|0x000000073f000000, 0x000000073f200000, 0x000000073f200000|100%| O|  |TAMS 0x000000073f000000, 0x000000073f000000| Untracked 
| 505|0x000000073f200000, 0x000000073f400000, 0x000000073f400000|100%| O|  |TAMS 0x000000073f200000, 0x000000073f200000| Untracked 
| 506|0x000000073f400000, 0x000000073f600000, 0x000000073f600000|100%| O|  |TAMS 0x000000073f400000, 0x000000073f400000| Untracked 
| 507|0x000000073f600000, 0x000000073f800000, 0x000000073f800000|100%|HS|  |TAMS 0x000000073f600000, 0x000000073f600000| Complete 
| 508|0x000000073f800000, 0x000000073fa00000, 0x000000073fa00000|100%| O|  |TAMS 0x000000073f800000, 0x000000073f800000| Untracked 
| 509|0x000000073fa00000, 0x000000073fc00000, 0x000000073fc00000|100%| O|  |TAMS 0x000000073fc00000, 0x000000073fa00000| Untracked 
| 510|0x000000073fc00000, 0x000000073fe00000, 0x000000073fe00000|100%| O|  |TAMS 0x000000073fc00000, 0x000000073fc00000| Untracked 
| 511|0x000000073fe00000, 0x0000000740000000, 0x0000000740000000|100%| O|  |TAMS 0x000000073fe00000, 0x000000073fe00000| Untracked 
| 512|0x0000000740000000, 0x0000000740200000, 0x0000000740200000|100%| O|  |TAMS 0x0000000740000000, 0x0000000740000000| Untracked 
| 513|0x0000000740200000, 0x0000000740400000, 0x0000000740400000|100%| O|  |TAMS 0x0000000740200000, 0x0000000740200000| Untracked 
| 514|0x0000000740400000, 0x0000000740600000, 0x0000000740600000|100%| O|  |TAMS 0x0000000740400000, 0x0000000740400000| Untracked 
| 515|0x0000000740600000, 0x0000000740800000, 0x0000000740800000|100%| O|  |TAMS 0x0000000740600000, 0x0000000740600000| Untracked 
| 516|0x0000000740800000, 0x0000000740a00000, 0x0000000740a00000|100%| O|  |TAMS 0x0000000740800000, 0x0000000740800000| Untracked 
| 517|0x0000000740a00000, 0x0000000740c00000, 0x0000000740c00000|100%| O|  |TAMS 0x0000000740a00000, 0x0000000740a00000| Untracked 
| 518|0x0000000740c00000, 0x0000000740e00000, 0x0000000740e00000|100%| O|  |TAMS 0x0000000740c00000, 0x0000000740c00000| Untracked 
| 519|0x0000000740e00000, 0x0000000741000000, 0x0000000741000000|100%| O|  |TAMS 0x0000000740e00000, 0x0000000740e00000| Untracked 
| 520|0x0000000741000000, 0x0000000741200000, 0x0000000741200000|100%| O|  |TAMS 0x0000000741000000, 0x0000000741000000| Untracked 
| 521|0x0000000741200000, 0x0000000741400000, 0x0000000741400000|100%| O|  |TAMS 0x0000000741200000, 0x0000000741200000| Untracked 
| 522|0x0000000741400000, 0x0000000741600000, 0x0000000741600000|100%| O|  |TAMS 0x0000000741400000, 0x0000000741400000| Untracked 
| 523|0x0000000741600000, 0x0000000741800000, 0x0000000741800000|100%| O|  |TAMS 0x0000000741600000, 0x0000000741600000| Untracked 
| 524|0x0000000741800000, 0x0000000741a00000, 0x0000000741a00000|100%| O|  |TAMS 0x0000000741800000, 0x0000000741800000| Untracked 
| 525|0x0000000741a00000, 0x0000000741c00000, 0x0000000741c00000|100%| O|  |TAMS 0x0000000741a00000, 0x0000000741a00000| Untracked 
| 526|0x0000000741c00000, 0x0000000741e00000, 0x0000000741e00000|100%| O|  |TAMS 0x0000000741e00000, 0x0000000741c00000| Untracked 
| 527|0x0000000741e00000, 0x0000000742000000, 0x0000000742000000|100%| O|  |TAMS 0x0000000741e00000, 0x0000000741e00000| Untracked 
| 528|0x0000000742000000, 0x0000000742200000, 0x0000000742200000|100%| O|  |TAMS 0x0000000742000000, 0x0000000742000000| Untracked 
| 529|0x0000000742200000, 0x0000000742400000, 0x0000000742400000|100%| O|  |TAMS 0x0000000742400000, 0x0000000742200000| Untracked 
| 530|0x0000000742400000, 0x0000000742600000, 0x0000000742600000|100%| O|  |TAMS 0x0000000742400000, 0x0000000742400000| Untracked 
| 531|0x0000000742600000, 0x0000000742800000, 0x0000000742800000|100%| O|  |TAMS 0x0000000742600000, 0x0000000742600000| Untracked 
| 532|0x0000000742800000, 0x0000000742a00000, 0x0000000742a00000|100%| O|  |TAMS 0x0000000742800000, 0x0000000742800000| Untracked 
| 533|0x0000000742a00000, 0x0000000742b1a000, 0x0000000742c00000| 55%| O|  |TAMS 0x0000000742a00000, 0x0000000742a00000| Untracked 
| 534|0x0000000742c00000, 0x0000000742c00000, 0x0000000742e00000|  0%| F|  |TAMS 0x0000000742c00000, 0x0000000742c00000| Untracked 
| 535|0x0000000742e00000, 0x0000000742e00000, 0x0000000743000000|  0%| F|  |TAMS 0x0000000742e00000, 0x0000000742e00000| Untracked 
| 536|0x0000000743000000, 0x0000000743000000, 0x0000000743200000|  0%| F|  |TAMS 0x0000000743000000, 0x0000000743000000| Untracked 
| 537|0x0000000743200000, 0x0000000743200000, 0x0000000743400000|  0%| F|  |TAMS 0x0000000743200000, 0x0000000743200000| Untracked 
| 538|0x0000000743400000, 0x0000000743400000, 0x0000000743600000|  0%| F|  |TAMS 0x0000000743400000, 0x0000000743400000| Untracked 
| 539|0x0000000743600000, 0x0000000743600000, 0x0000000743800000|  0%| F|  |TAMS 0x0000000743600000, 0x0000000743600000| Untracked 
| 540|0x0000000743800000, 0x0000000743800000, 0x0000000743a00000|  0%| F|  |TAMS 0x0000000743800000, 0x0000000743800000| Untracked 
| 541|0x0000000743a00000, 0x0000000743a00000, 0x0000000743c00000|  0%| F|  |TAMS 0x0000000743a00000, 0x0000000743a00000| Untracked 
| 542|0x0000000743c00000, 0x0000000743c00000, 0x0000000743e00000|  0%| F|  |TAMS 0x0000000743c00000, 0x0000000743c00000| Untracked 
| 543|0x0000000743e00000, 0x0000000743e00000, 0x0000000744000000|  0%| F|  |TAMS 0x0000000743e00000, 0x0000000743e00000| Untracked 
| 544|0x0000000744000000, 0x0000000744000000, 0x0000000744200000|  0%| F|  |TAMS 0x0000000744000000, 0x0000000744000000| Untracked 
| 545|0x0000000744200000, 0x0000000744200000, 0x0000000744400000|  0%| F|  |TAMS 0x0000000744200000, 0x0000000744200000| Untracked 
| 546|0x0000000744400000, 0x0000000744400000, 0x0000000744600000|  0%| F|  |TAMS 0x0000000744400000, 0x0000000744400000| Untracked 
| 547|0x0000000744600000, 0x0000000744600000, 0x0000000744800000|  0%| F|  |TAMS 0x0000000744600000, 0x0000000744600000| Untracked 
| 548|0x0000000744800000, 0x0000000744800000, 0x0000000744a00000|  0%| F|  |TAMS 0x0000000744800000, 0x0000000744800000| Untracked 
| 549|0x0000000744a00000, 0x0000000744a00000, 0x0000000744c00000|  0%| F|  |TAMS 0x0000000744a00000, 0x0000000744a00000| Untracked 
| 550|0x0000000744c00000, 0x0000000744c00000, 0x0000000744e00000|  0%| F|  |TAMS 0x0000000744c00000, 0x0000000744c00000| Untracked 
| 551|0x0000000744e00000, 0x0000000744e00000, 0x0000000745000000|  0%| F|  |TAMS 0x0000000744e00000, 0x0000000744e00000| Untracked 
| 552|0x0000000745000000, 0x0000000745200000, 0x0000000745200000|100%| O|  |TAMS 0x0000000745200000, 0x0000000745000000| Untracked 
| 553|0x0000000745200000, 0x0000000745200000, 0x0000000745400000|  0%| F|  |TAMS 0x0000000745200000, 0x0000000745200000| Untracked 
| 554|0x0000000745400000, 0x0000000745400000, 0x0000000745600000|  0%| F|  |TAMS 0x0000000745400000, 0x0000000745400000| Untracked 
| 555|0x0000000745600000, 0x0000000745800000, 0x0000000745800000|100%| O|  |TAMS 0x0000000745800000, 0x0000000745600000| Untracked 
| 556|0x0000000745800000, 0x0000000745800000, 0x0000000745a00000|  0%| F|  |TAMS 0x0000000745800000, 0x0000000745800000| Untracked 
| 557|0x0000000745a00000, 0x0000000745a00000, 0x0000000745c00000|  0%| F|  |TAMS 0x0000000745a00000, 0x0000000745a00000| Untracked 
| 558|0x0000000745c00000, 0x0000000745c00000, 0x0000000745e00000|  0%| F|  |TAMS 0x0000000745c00000, 0x0000000745c00000| Untracked 
| 559|0x0000000745e00000, 0x0000000745e00000, 0x0000000746000000|  0%| F|  |TAMS 0x0000000745e00000, 0x0000000745e00000| Untracked 
| 560|0x0000000746000000, 0x0000000746000000, 0x0000000746200000|  0%| F|  |TAMS 0x0000000746000000, 0x0000000746000000| Untracked 
| 561|0x0000000746200000, 0x0000000746200000, 0x0000000746400000|  0%| F|  |TAMS 0x0000000746200000, 0x0000000746200000| Untracked 
| 562|0x0000000746400000, 0x0000000746400000, 0x0000000746600000|  0%| F|  |TAMS 0x0000000746400000, 0x0000000746400000| Untracked 
| 563|0x0000000746600000, 0x0000000746600000, 0x0000000746800000|  0%| F|  |TAMS 0x0000000746600000, 0x0000000746600000| Untracked 
| 564|0x0000000746800000, 0x0000000746800000, 0x0000000746a00000|  0%| F|  |TAMS 0x0000000746800000, 0x0000000746800000| Untracked 
| 565|0x0000000746a00000, 0x0000000746a00000, 0x0000000746c00000|  0%| F|  |TAMS 0x0000000746a00000, 0x0000000746a00000| Untracked 
| 566|0x0000000746c00000, 0x0000000746c00000, 0x0000000746e00000|  0%| F|  |TAMS 0x0000000746c00000, 0x0000000746c00000| Untracked 
| 567|0x0000000746e00000, 0x0000000746e00000, 0x0000000747000000|  0%| F|  |TAMS 0x0000000746e00000, 0x0000000746e00000| Untracked 
| 568|0x0000000747000000, 0x0000000747000000, 0x0000000747200000|  0%| F|  |TAMS 0x0000000747000000, 0x0000000747000000| Untracked 
| 569|0x0000000747200000, 0x0000000747200000, 0x0000000747400000|  0%| F|  |TAMS 0x0000000747200000, 0x0000000747200000| Untracked 
| 570|0x0000000747400000, 0x0000000747400000, 0x0000000747600000|  0%| F|  |TAMS 0x0000000747400000, 0x0000000747400000| Untracked 
| 571|0x0000000747600000, 0x0000000747600000, 0x0000000747800000|  0%| F|  |TAMS 0x0000000747600000, 0x0000000747600000| Untracked 
| 572|0x0000000747800000, 0x0000000747a00000, 0x0000000747a00000|100%| O|  |TAMS 0x0000000747a00000, 0x0000000747800000| Untracked 
| 573|0x0000000747a00000, 0x0000000747c00000, 0x0000000747c00000|100%| O|  |TAMS 0x0000000747c00000, 0x0000000747a00000| Untracked 
| 574|0x0000000747c00000, 0x0000000747c00000, 0x0000000747e00000|  0%| F|  |TAMS 0x0000000747c00000, 0x0000000747c00000| Untracked 
| 575|0x0000000747e00000, 0x0000000747e00000, 0x0000000748000000|  0%| F|  |TAMS 0x0000000747e00000, 0x0000000747e00000| Untracked 
| 576|0x0000000748000000, 0x0000000748000000, 0x0000000748200000|  0%| F|  |TAMS 0x0000000748000000, 0x0000000748000000| Untracked 
| 577|0x0000000748200000, 0x0000000748200000, 0x0000000748400000|  0%| F|  |TAMS 0x0000000748200000, 0x0000000748200000| Untracked 
| 578|0x0000000748400000, 0x0000000748400000, 0x0000000748600000|  0%| F|  |TAMS 0x0000000748400000, 0x0000000748400000| Untracked 
| 579|0x0000000748600000, 0x0000000748600000, 0x0000000748800000|  0%| F|  |TAMS 0x0000000748600000, 0x0000000748600000| Untracked 
| 580|0x0000000748800000, 0x0000000748800000, 0x0000000748a00000|  0%| F|  |TAMS 0x0000000748800000, 0x0000000748800000| Untracked 
| 581|0x0000000748a00000, 0x0000000748a00000, 0x0000000748c00000|  0%| F|  |TAMS 0x0000000748a00000, 0x0000000748a00000| Untracked 
| 582|0x0000000748c00000, 0x0000000748c00000, 0x0000000748e00000|  0%| F|  |TAMS 0x0000000748c00000, 0x0000000748c00000| Untracked 
| 583|0x0000000748e00000, 0x0000000748e00000, 0x0000000749000000|  0%| F|  |TAMS 0x0000000748e00000, 0x0000000748e00000| Untracked 
| 584|0x0000000749000000, 0x0000000749000000, 0x0000000749200000|  0%| F|  |TAMS 0x0000000749000000, 0x0000000749000000| Untracked 
| 585|0x0000000749200000, 0x0000000749200000, 0x0000000749400000|  0%| F|  |TAMS 0x0000000749200000, 0x0000000749200000| Untracked 
| 586|0x0000000749400000, 0x0000000749600000, 0x0000000749600000|100%| O|  |TAMS 0x0000000749600000, 0x0000000749400000| Untracked 
| 587|0x0000000749600000, 0x0000000749600000, 0x0000000749800000|  0%| F|  |TAMS 0x0000000749600000, 0x0000000749600000| Untracked 
| 588|0x0000000749800000, 0x0000000749800000, 0x0000000749a00000|  0%| F|  |TAMS 0x0000000749800000, 0x0000000749800000| Untracked 
| 589|0x0000000749a00000, 0x0000000749a00000, 0x0000000749c00000|  0%| F|  |TAMS 0x0000000749a00000, 0x0000000749a00000| Untracked 
| 590|0x0000000749c00000, 0x0000000749c00000, 0x0000000749e00000|  0%| F|  |TAMS 0x0000000749c00000, 0x0000000749c00000| Untracked 
| 591|0x0000000749e00000, 0x0000000749e00000, 0x000000074a000000|  0%| F|  |TAMS 0x0000000749e00000, 0x0000000749e00000| Untracked 
| 592|0x000000074a000000, 0x000000074a200000, 0x000000074a200000|100%| O|  |TAMS 0x000000074a200000, 0x000000074a000000| Untracked 
| 593|0x000000074a200000, 0x000000074a200000, 0x000000074a400000|  0%| F|  |TAMS 0x000000074a200000, 0x000000074a200000| Untracked 
| 594|0x000000074a400000, 0x000000074a400000, 0x000000074a600000|  0%| F|  |TAMS 0x000000074a400000, 0x000000074a400000| Untracked 
| 595|0x000000074a600000, 0x000000074a800000, 0x000000074a800000|100%| O|  |TAMS 0x000000074a800000, 0x000000074a600000| Untracked 
| 596|0x000000074a800000, 0x000000074a800000, 0x000000074aa00000|  0%| F|  |TAMS 0x000000074a800000, 0x000000074a800000| Untracked 
| 597|0x000000074aa00000, 0x000000074aa00000, 0x000000074ac00000|  0%| F|  |TAMS 0x000000074aa00000, 0x000000074aa00000| Untracked 
| 598|0x000000074ac00000, 0x000000074ac00000, 0x000000074ae00000|  0%| F|  |TAMS 0x000000074ac00000, 0x000000074ac00000| Untracked 
| 599|0x000000074ae00000, 0x000000074ae00000, 0x000000074b000000|  0%| F|  |TAMS 0x000000074ae00000, 0x000000074ae00000| Untracked 
| 600|0x000000074b000000, 0x000000074b000000, 0x000000074b200000|  0%| F|  |TAMS 0x000000074b000000, 0x000000074b000000| Untracked 
| 601|0x000000074b200000, 0x000000074b200000, 0x000000074b400000|  0%| F|  |TAMS 0x000000074b200000, 0x000000074b200000| Untracked 
| 602|0x000000074b400000, 0x000000074b400000, 0x000000074b600000|  0%| F|  |TAMS 0x000000074b400000, 0x000000074b400000| Untracked 
| 603|0x000000074b600000, 0x000000074b600000, 0x000000074b800000|  0%| F|  |TAMS 0x000000074b600000, 0x000000074b600000| Untracked 
| 604|0x000000074b800000, 0x000000074b800000, 0x000000074ba00000|  0%| F|  |TAMS 0x000000074b800000, 0x000000074b800000| Untracked 
| 605|0x000000074ba00000, 0x000000074ba00000, 0x000000074bc00000|  0%| F|  |TAMS 0x000000074ba00000, 0x000000074ba00000| Untracked 
| 606|0x000000074bc00000, 0x000000074bc00000, 0x000000074be00000|  0%| F|  |TAMS 0x000000074bc00000, 0x000000074bc00000| Untracked 
| 607|0x000000074be00000, 0x000000074be00000, 0x000000074c000000|  0%| F|  |TAMS 0x000000074be00000, 0x000000074be00000| Untracked 
| 608|0x000000074c000000, 0x000000074c200000, 0x000000074c200000|100%| O|  |TAMS 0x000000074c200000, 0x000000074c000000| Untracked 
| 609|0x000000074c200000, 0x000000074c400000, 0x000000074c400000|100%| O|  |TAMS 0x000000074c400000, 0x000000074c200000| Untracked 
| 610|0x000000074c400000, 0x000000074c600000, 0x000000074c600000|100%| O|  |TAMS 0x000000074c600000, 0x000000074c400000| Untracked 
| 611|0x000000074c600000, 0x000000074c600000, 0x000000074c800000|  0%| F|  |TAMS 0x000000074c600000, 0x000000074c600000| Untracked 
| 612|0x000000074c800000, 0x000000074c800000, 0x000000074ca00000|  0%| F|  |TAMS 0x000000074c800000, 0x000000074c800000| Untracked 
| 613|0x000000074ca00000, 0x000000074ca00000, 0x000000074cc00000|  0%| F|  |TAMS 0x000000074ca00000, 0x000000074ca00000| Untracked 
| 614|0x000000074cc00000, 0x000000074cc00000, 0x000000074ce00000|  0%| F|  |TAMS 0x000000074cc00000, 0x000000074cc00000| Untracked 
| 615|0x000000074ce00000, 0x000000074ce00000, 0x000000074d000000|  0%| F|  |TAMS 0x000000074ce00000, 0x000000074ce00000| Untracked 
| 616|0x000000074d000000, 0x000000074d000000, 0x000000074d200000|  0%| F|  |TAMS 0x000000074d000000, 0x000000074d000000| Untracked 
| 617|0x000000074d200000, 0x000000074d200000, 0x000000074d400000|  0%| F|  |TAMS 0x000000074d200000, 0x000000074d200000| Untracked 
| 618|0x000000074d400000, 0x000000074d400000, 0x000000074d600000|  0%| F|  |TAMS 0x000000074d400000, 0x000000074d400000| Untracked 
| 619|0x000000074d600000, 0x000000074d600000, 0x000000074d800000|  0%| F|  |TAMS 0x000000074d600000, 0x000000074d600000| Untracked 
| 620|0x000000074d800000, 0x000000074da00000, 0x000000074da00000|100%| O|  |TAMS 0x000000074da00000, 0x000000074d800000| Untracked 
| 621|0x000000074da00000, 0x000000074da00000, 0x000000074dc00000|  0%| F|  |TAMS 0x000000074da00000, 0x000000074da00000| Untracked 
| 622|0x000000074dc00000, 0x000000074de00000, 0x000000074de00000|100%| O|  |TAMS 0x000000074de00000, 0x000000074dc00000| Untracked 
| 623|0x000000074de00000, 0x000000074e000000, 0x000000074e000000|100%| O|  |TAMS 0x000000074e000000, 0x000000074de00000| Untracked 
| 624|0x000000074e000000, 0x000000074e200000, 0x000000074e200000|100%| O|  |TAMS 0x000000074e200000, 0x000000074e000000| Untracked 
| 625|0x000000074e200000, 0x000000074e200000, 0x000000074e400000|  0%| F|  |TAMS 0x000000074e200000, 0x000000074e200000| Untracked 
| 626|0x000000074e400000, 0x000000074e600000, 0x000000074e600000|100%| O|  |TAMS 0x000000074e600000, 0x000000074e400000| Untracked 
| 627|0x000000074e600000, 0x000000074e600000, 0x000000074e800000|  0%| F|  |TAMS 0x000000074e600000, 0x000000074e600000| Untracked 
| 628|0x000000074e800000, 0x000000074e800000, 0x000000074ea00000|  0%| F|  |TAMS 0x000000074e800000, 0x000000074e800000| Untracked 
| 629|0x000000074ea00000, 0x000000074ea00000, 0x000000074ec00000|  0%| F|  |TAMS 0x000000074ea00000, 0x000000074ea00000| Untracked 
| 630|0x000000074ec00000, 0x000000074ee00000, 0x000000074ee00000|100%|HS|  |TAMS 0x000000074ee00000, 0x000000074ec00000| Complete 
| 631|0x000000074ee00000, 0x000000074f000000, 0x000000074f000000|100%| O|  |TAMS 0x000000074f000000, 0x000000074ee00000| Untracked 
| 632|0x000000074f000000, 0x000000074f200000, 0x000000074f200000|100%| O|  |TAMS 0x000000074f200000, 0x000000074f000000| Untracked 
| 633|0x000000074f200000, 0x000000074f200000, 0x000000074f400000|  0%| F|  |TAMS 0x000000074f200000, 0x000000074f200000| Untracked 
| 634|0x000000074f400000, 0x000000074f400000, 0x000000074f600000|  0%| F|  |TAMS 0x000000074f400000, 0x000000074f400000| Untracked 
| 635|0x000000074f600000, 0x000000074f600000, 0x000000074f800000|  0%| F|  |TAMS 0x000000074f600000, 0x000000074f600000| Untracked 
| 636|0x000000074f800000, 0x000000074f800000, 0x000000074fa00000|  0%| F|  |TAMS 0x000000074f800000, 0x000000074f800000| Untracked 
| 637|0x000000074fa00000, 0x000000074fa00000, 0x000000074fc00000|  0%| F|  |TAMS 0x000000074fa00000, 0x000000074fa00000| Untracked 
| 638|0x000000074fc00000, 0x000000074fe00000, 0x000000074fe00000|100%| O|  |TAMS 0x000000074fe00000, 0x000000074fc00000| Untracked 
| 639|0x000000074fe00000, 0x000000074fe00000, 0x0000000750000000|  0%| F|  |TAMS 0x000000074fe00000, 0x000000074fe00000| Untracked 
| 640|0x0000000750000000, 0x0000000750200000, 0x0000000750200000|100%| O|  |TAMS 0x0000000750200000, 0x0000000750000000| Untracked 
| 641|0x0000000750200000, 0x0000000750200000, 0x0000000750400000|  0%| F|  |TAMS 0x0000000750200000, 0x0000000750200000| Untracked 
| 642|0x0000000750400000, 0x0000000750400000, 0x0000000750600000|  0%| F|  |TAMS 0x0000000750400000, 0x0000000750400000| Untracked 
| 643|0x0000000750600000, 0x0000000750600000, 0x0000000750800000|  0%| F|  |TAMS 0x0000000750600000, 0x0000000750600000| Untracked 
| 644|0x0000000750800000, 0x0000000750a00000, 0x0000000750a00000|100%| O|  |TAMS 0x0000000750a00000, 0x0000000750800000| Untracked 
| 645|0x0000000750a00000, 0x0000000750a00000, 0x0000000750c00000|  0%| F|  |TAMS 0x0000000750a00000, 0x0000000750a00000| Untracked 
| 646|0x0000000750c00000, 0x0000000750c00000, 0x0000000750e00000|  0%| F|  |TAMS 0x0000000750c00000, 0x0000000750c00000| Untracked 
| 647|0x0000000750e00000, 0x0000000750e00000, 0x0000000751000000|  0%| F|  |TAMS 0x0000000750e00000, 0x0000000750e00000| Untracked 
| 648|0x0000000751000000, 0x0000000751000000, 0x0000000751200000|  0%| F|  |TAMS 0x0000000751000000, 0x0000000751000000| Untracked 
| 649|0x0000000751200000, 0x0000000751200000, 0x0000000751400000|  0%| F|  |TAMS 0x0000000751200000, 0x0000000751200000| Untracked 
| 650|0x0000000751400000, 0x0000000751400000, 0x0000000751600000|  0%| F|  |TAMS 0x0000000751400000, 0x0000000751400000| Untracked 
| 651|0x0000000751600000, 0x0000000751600000, 0x0000000751800000|  0%| F|  |TAMS 0x0000000751600000, 0x0000000751600000| Untracked 
| 652|0x0000000751800000, 0x0000000751800000, 0x0000000751a00000|  0%| F|  |TAMS 0x0000000751800000, 0x0000000751800000| Untracked 
| 653|0x0000000751a00000, 0x0000000751a00000, 0x0000000751c00000|  0%| F|  |TAMS 0x0000000751a00000, 0x0000000751a00000| Untracked 
| 654|0x0000000751c00000, 0x0000000751c00000, 0x0000000751e00000|  0%| F|  |TAMS 0x0000000751c00000, 0x0000000751c00000| Untracked 
| 655|0x0000000751e00000, 0x0000000751e00000, 0x0000000752000000|  0%| F|  |TAMS 0x0000000751e00000, 0x0000000751e00000| Untracked 
| 656|0x0000000752000000, 0x0000000752000000, 0x0000000752200000|  0%| F|  |TAMS 0x0000000752000000, 0x0000000752000000| Untracked 
| 657|0x0000000752200000, 0x0000000752200000, 0x0000000752400000|  0%| F|  |TAMS 0x0000000752200000, 0x0000000752200000| Untracked 
| 658|0x0000000752400000, 0x0000000752400000, 0x0000000752600000|  0%| F|  |TAMS 0x0000000752400000, 0x0000000752400000| Untracked 
| 659|0x0000000752600000, 0x0000000752800000, 0x0000000752800000|100%| O|  |TAMS 0x0000000752800000, 0x0000000752600000| Untracked 
| 660|0x0000000752800000, 0x0000000752800000, 0x0000000752a00000|  0%| F|  |TAMS 0x0000000752800000, 0x0000000752800000| Untracked 
| 661|0x0000000752a00000, 0x0000000752a00000, 0x0000000752c00000|  0%| F|  |TAMS 0x0000000752a00000, 0x0000000752a00000| Untracked 
| 662|0x0000000752c00000, 0x0000000752c00000, 0x0000000752e00000|  0%| F|  |TAMS 0x0000000752c00000, 0x0000000752c00000| Untracked 
| 663|0x0000000752e00000, 0x0000000753000000, 0x0000000753000000|100%| O|  |TAMS 0x0000000753000000, 0x0000000752e00000| Untracked 
| 664|0x0000000753000000, 0x0000000753000000, 0x0000000753200000|  0%| F|  |TAMS 0x0000000753000000, 0x0000000753000000| Untracked 
| 665|0x0000000753200000, 0x0000000753200000, 0x0000000753400000|  0%| F|  |TAMS 0x0000000753200000, 0x0000000753200000| Untracked 
| 666|0x0000000753400000, 0x0000000753400000, 0x0000000753600000|  0%| F|  |TAMS 0x0000000753400000, 0x0000000753400000| Untracked 
| 667|0x0000000753600000, 0x0000000753600000, 0x0000000753800000|  0%| F|  |TAMS 0x0000000753600000, 0x0000000753600000| Untracked 
| 668|0x0000000753800000, 0x0000000753800000, 0x0000000753a00000|  0%| F|  |TAMS 0x0000000753800000, 0x0000000753800000| Untracked 
| 669|0x0000000753a00000, 0x0000000753a00000, 0x0000000753c00000|  0%| F|  |TAMS 0x0000000753a00000, 0x0000000753a00000| Untracked 
| 670|0x0000000753c00000, 0x0000000753c00000, 0x0000000753e00000|  0%| F|  |TAMS 0x0000000753c00000, 0x0000000753c00000| Untracked 
| 671|0x0000000753e00000, 0x0000000753e00000, 0x0000000754000000|  0%| F|  |TAMS 0x0000000753e00000, 0x0000000753e00000| Untracked 
| 672|0x0000000754000000, 0x0000000754000000, 0x0000000754200000|  0%| F|  |TAMS 0x0000000754000000, 0x0000000754000000| Untracked 
| 673|0x0000000754200000, 0x0000000754200000, 0x0000000754400000|  0%| F|  |TAMS 0x0000000754200000, 0x0000000754200000| Untracked 
| 674|0x0000000754400000, 0x0000000754400000, 0x0000000754600000|  0%| F|  |TAMS 0x0000000754400000, 0x0000000754400000| Untracked 
| 675|0x0000000754600000, 0x0000000754600000, 0x0000000754800000|  0%| F|  |TAMS 0x0000000754600000, 0x0000000754600000| Untracked 
| 676|0x0000000754800000, 0x0000000754800000, 0x0000000754a00000|  0%| F|  |TAMS 0x0000000754800000, 0x0000000754800000| Untracked 
| 677|0x0000000754a00000, 0x0000000754a00000, 0x0000000754c00000|  0%| F|  |TAMS 0x0000000754a00000, 0x0000000754a00000| Untracked 
| 678|0x0000000754c00000, 0x0000000754e00000, 0x0000000754e00000|100%| O|  |TAMS 0x0000000754e00000, 0x0000000754c00000| Untracked 
| 679|0x0000000754e00000, 0x0000000754e00000, 0x0000000755000000|  0%| F|  |TAMS 0x0000000754e00000, 0x0000000754e00000| Untracked 
| 680|0x0000000755000000, 0x0000000755000000, 0x0000000755200000|  0%| F|  |TAMS 0x0000000755000000, 0x0000000755000000| Untracked 
| 681|0x0000000755200000, 0x0000000755200000, 0x0000000755400000|  0%| F|  |TAMS 0x0000000755200000, 0x0000000755200000| Untracked 
| 682|0x0000000755400000, 0x0000000755400000, 0x0000000755600000|  0%| F|  |TAMS 0x0000000755400000, 0x0000000755400000| Untracked 
| 683|0x0000000755600000, 0x0000000755600000, 0x0000000755800000|  0%| F|  |TAMS 0x0000000755600000, 0x0000000755600000| Untracked 
| 684|0x0000000755800000, 0x0000000755800000, 0x0000000755a00000|  0%| F|  |TAMS 0x0000000755800000, 0x0000000755800000| Untracked 
| 685|0x0000000755a00000, 0x0000000755a00000, 0x0000000755c00000|  0%| F|  |TAMS 0x0000000755a00000, 0x0000000755a00000| Untracked 
| 686|0x0000000755c00000, 0x0000000755c00000, 0x0000000755e00000|  0%| F|  |TAMS 0x0000000755c00000, 0x0000000755c00000| Untracked 
| 687|0x0000000755e00000, 0x0000000755e00000, 0x0000000756000000|  0%| F|  |TAMS 0x0000000755e00000, 0x0000000755e00000| Untracked 
| 688|0x0000000756000000, 0x0000000756000000, 0x0000000756200000|  0%| F|  |TAMS 0x0000000756000000, 0x0000000756000000| Untracked 
| 689|0x0000000756200000, 0x0000000756200000, 0x0000000756400000|  0%| F|  |TAMS 0x0000000756200000, 0x0000000756200000| Untracked 
| 690|0x0000000756400000, 0x0000000756400000, 0x0000000756600000|  0%| F|  |TAMS 0x0000000756400000, 0x0000000756400000| Untracked 
| 691|0x0000000756600000, 0x0000000756600000, 0x0000000756800000|  0%| F|  |TAMS 0x0000000756600000, 0x0000000756600000| Untracked 
| 692|0x0000000756800000, 0x0000000756800000, 0x0000000756a00000|  0%| F|  |TAMS 0x0000000756800000, 0x0000000756800000| Untracked 
| 693|0x0000000756a00000, 0x0000000756a00000, 0x0000000756c00000|  0%| F|  |TAMS 0x0000000756a00000, 0x0000000756a00000| Untracked 
| 694|0x0000000756c00000, 0x0000000756c00000, 0x0000000756e00000|  0%| F|  |TAMS 0x0000000756c00000, 0x0000000756c00000| Untracked 
| 695|0x0000000756e00000, 0x0000000757000000, 0x0000000757000000|100%| O|  |TAMS 0x0000000757000000, 0x0000000756e00000| Untracked 
| 696|0x0000000757000000, 0x0000000757000000, 0x0000000757200000|  0%| F|  |TAMS 0x0000000757000000, 0x0000000757000000| Untracked 
| 697|0x0000000757200000, 0x0000000757200000, 0x0000000757400000|  0%| F|  |TAMS 0x0000000757200000, 0x0000000757200000| Untracked 
| 698|0x0000000757400000, 0x0000000757400000, 0x0000000757600000|  0%| F|  |TAMS 0x0000000757400000, 0x0000000757400000| Untracked 
| 699|0x0000000757600000, 0x0000000757600000, 0x0000000757800000|  0%| F|  |TAMS 0x0000000757600000, 0x0000000757600000| Untracked 
| 700|0x0000000757800000, 0x0000000757800000, 0x0000000757a00000|  0%| F|  |TAMS 0x0000000757800000, 0x0000000757800000| Untracked 
| 701|0x0000000757a00000, 0x0000000757a00000, 0x0000000757c00000|  0%| F|  |TAMS 0x0000000757a00000, 0x0000000757a00000| Untracked 
| 702|0x0000000757c00000, 0x0000000757c00000, 0x0000000757e00000|  0%| F|  |TAMS 0x0000000757c00000, 0x0000000757c00000| Untracked 
| 703|0x0000000757e00000, 0x0000000757e00000, 0x0000000758000000|  0%| F|  |TAMS 0x0000000757e00000, 0x0000000757e00000| Untracked 
| 704|0x0000000758000000, 0x0000000758000000, 0x0000000758200000|  0%| F|  |TAMS 0x0000000758000000, 0x0000000758000000| Untracked 
| 705|0x0000000758200000, 0x0000000758200000, 0x0000000758400000|  0%| F|  |TAMS 0x0000000758200000, 0x0000000758200000| Untracked 
| 706|0x0000000758400000, 0x0000000758400000, 0x0000000758600000|  0%| F|  |TAMS 0x0000000758400000, 0x0000000758400000| Untracked 
| 707|0x0000000758600000, 0x0000000758600000, 0x0000000758800000|  0%| F|  |TAMS 0x0000000758600000, 0x0000000758600000| Untracked 
| 708|0x0000000758800000, 0x0000000758800000, 0x0000000758a00000|  0%| F|  |TAMS 0x0000000758800000, 0x0000000758800000| Untracked 
| 709|0x0000000758a00000, 0x0000000758a00000, 0x0000000758c00000|  0%| F|  |TAMS 0x0000000758a00000, 0x0000000758a00000| Untracked 
| 710|0x0000000758c00000, 0x0000000758c00000, 0x0000000758e00000|  0%| F|  |TAMS 0x0000000758c00000, 0x0000000758c00000| Untracked 
| 711|0x0000000758e00000, 0x0000000758e00000, 0x0000000759000000|  0%| F|  |TAMS 0x0000000758e00000, 0x0000000758e00000| Untracked 
| 712|0x0000000759000000, 0x0000000759000000, 0x0000000759200000|  0%| F|  |TAMS 0x0000000759000000, 0x0000000759000000| Untracked 
| 713|0x0000000759200000, 0x0000000759200000, 0x0000000759400000|  0%| F|  |TAMS 0x0000000759200000, 0x0000000759200000| Untracked 
| 714|0x0000000759400000, 0x0000000759400000, 0x0000000759600000|  0%| F|  |TAMS 0x0000000759400000, 0x0000000759400000| Untracked 
| 715|0x0000000759600000, 0x0000000759600000, 0x0000000759800000|  0%| F|  |TAMS 0x0000000759600000, 0x0000000759600000| Untracked 
| 716|0x0000000759800000, 0x0000000759800000, 0x0000000759a00000|  0%| F|  |TAMS 0x0000000759800000, 0x0000000759800000| Untracked 
| 717|0x0000000759a00000, 0x0000000759a00000, 0x0000000759c00000|  0%| F|  |TAMS 0x0000000759a00000, 0x0000000759a00000| Untracked 
| 718|0x0000000759c00000, 0x0000000759c00000, 0x0000000759e00000|  0%| F|  |TAMS 0x0000000759c00000, 0x0000000759c00000| Untracked 
| 719|0x0000000759e00000, 0x0000000759e00000, 0x000000075a000000|  0%| F|  |TAMS 0x0000000759e00000, 0x0000000759e00000| Untracked 
| 720|0x000000075a000000, 0x000000075a000000, 0x000000075a200000|  0%| F|  |TAMS 0x000000075a000000, 0x000000075a000000| Untracked 
| 721|0x000000075a200000, 0x000000075a200000, 0x000000075a400000|  0%| F|  |TAMS 0x000000075a200000, 0x000000075a200000| Untracked 
| 722|0x000000075a400000, 0x000000075a400000, 0x000000075a600000|  0%| F|  |TAMS 0x000000075a400000, 0x000000075a400000| Untracked 
| 723|0x000000075a600000, 0x000000075a600000, 0x000000075a800000|  0%| F|  |TAMS 0x000000075a600000, 0x000000075a600000| Untracked 
| 724|0x000000075a800000, 0x000000075a800000, 0x000000075aa00000|  0%| F|  |TAMS 0x000000075a800000, 0x000000075a800000| Untracked 
| 725|0x000000075aa00000, 0x000000075aa00000, 0x000000075ac00000|  0%| F|  |TAMS 0x000000075aa00000, 0x000000075aa00000| Untracked 
| 726|0x000000075ac00000, 0x000000075ac00000, 0x000000075ae00000|  0%| F|  |TAMS 0x000000075ac00000, 0x000000075ac00000| Untracked 
| 727|0x000000075ae00000, 0x000000075ae00000, 0x000000075b000000|  0%| F|  |TAMS 0x000000075ae00000, 0x000000075ae00000| Untracked 
| 728|0x000000075b000000, 0x000000075b200000, 0x000000075b200000|100%| O|  |TAMS 0x000000075b200000, 0x000000075b000000| Untracked 
| 729|0x000000075b200000, 0x000000075b400000, 0x000000075b400000|100%| O|  |TAMS 0x000000075b400000, 0x000000075b200000| Untracked 
| 730|0x000000075b400000, 0x000000075b400000, 0x000000075b600000|  0%| F|  |TAMS 0x000000075b400000, 0x000000075b400000| Untracked 
| 731|0x000000075b600000, 0x000000075b800000, 0x000000075b800000|100%| O|  |TAMS 0x000000075b800000, 0x000000075b600000| Untracked 
| 732|0x000000075b800000, 0x000000075b800000, 0x000000075ba00000|  0%| F|  |TAMS 0x000000075b800000, 0x000000075b800000| Untracked 
| 733|0x000000075ba00000, 0x000000075ba00000, 0x000000075bc00000|  0%| F|  |TAMS 0x000000075ba00000, 0x000000075ba00000| Untracked 
| 734|0x000000075bc00000, 0x000000075bc00000, 0x000000075be00000|  0%| F|  |TAMS 0x000000075bc00000, 0x000000075bc00000| Untracked 
| 735|0x000000075be00000, 0x000000075be00000, 0x000000075c000000|  0%| F|  |TAMS 0x000000075be00000, 0x000000075be00000| Untracked 
| 736|0x000000075c000000, 0x000000075c000000, 0x000000075c200000|  0%| F|  |TAMS 0x000000075c000000, 0x000000075c000000| Untracked 
| 737|0x000000075c200000, 0x000000075c400000, 0x000000075c400000|100%| O|  |TAMS 0x000000075c400000, 0x000000075c200000| Untracked 
| 738|0x000000075c400000, 0x000000075c600000, 0x000000075c600000|100%| O|  |TAMS 0x000000075c600000, 0x000000075c400000| Untracked 
| 739|0x000000075c600000, 0x000000075c800000, 0x000000075c800000|100%| O|  |TAMS 0x000000075c800000, 0x000000075c600000| Untracked 
| 740|0x000000075c800000, 0x000000075ca00000, 0x000000075ca00000|100%| O|  |TAMS 0x000000075ca00000, 0x000000075c800000| Untracked 
| 741|0x000000075ca00000, 0x000000075ca00000, 0x000000075cc00000|  0%| F|  |TAMS 0x000000075ca00000, 0x000000075ca00000| Untracked 
| 742|0x000000075cc00000, 0x000000075cc00000, 0x000000075ce00000|  0%| F|  |TAMS 0x000000075cc00000, 0x000000075cc00000| Untracked 
| 743|0x000000075ce00000, 0x000000075ce00000, 0x000000075d000000|  0%| F|  |TAMS 0x000000075ce00000, 0x000000075ce00000| Untracked 
| 744|0x000000075d000000, 0x000000075d000000, 0x000000075d200000|  0%| F|  |TAMS 0x000000075d000000, 0x000000075d000000| Untracked 
| 745|0x000000075d200000, 0x000000075d200000, 0x000000075d400000|  0%| F|  |TAMS 0x000000075d200000, 0x000000075d200000| Untracked 
| 746|0x000000075d400000, 0x000000075d400000, 0x000000075d600000|  0%| F|  |TAMS 0x000000075d400000, 0x000000075d400000| Untracked 
| 747|0x000000075d600000, 0x000000075d600000, 0x000000075d800000|  0%| F|  |TAMS 0x000000075d600000, 0x000000075d600000| Untracked 
| 748|0x000000075d800000, 0x000000075d800000, 0x000000075da00000|  0%| F|  |TAMS 0x000000075d800000, 0x000000075d800000| Untracked 
| 749|0x000000075da00000, 0x000000075da00000, 0x000000075dc00000|  0%| F|  |TAMS 0x000000075da00000, 0x000000075da00000| Untracked 
| 750|0x000000075dc00000, 0x000000075dc00000, 0x000000075de00000|  0%| F|  |TAMS 0x000000075dc00000, 0x000000075dc00000| Untracked 
| 751|0x000000075de00000, 0x000000075de00000, 0x000000075e000000|  0%| F|  |TAMS 0x000000075de00000, 0x000000075de00000| Untracked 
| 752|0x000000075e000000, 0x000000075e000000, 0x000000075e200000|  0%| F|  |TAMS 0x000000075e000000, 0x000000075e000000| Untracked 
| 753|0x000000075e200000, 0x000000075e200000, 0x000000075e400000|  0%| F|  |TAMS 0x000000075e200000, 0x000000075e200000| Untracked 
| 754|0x000000075e400000, 0x000000075e400000, 0x000000075e600000|  0%| F|  |TAMS 0x000000075e400000, 0x000000075e400000| Untracked 
| 755|0x000000075e600000, 0x000000075e600000, 0x000000075e800000|  0%| F|  |TAMS 0x000000075e600000, 0x000000075e600000| Untracked 
| 756|0x000000075e800000, 0x000000075e800000, 0x000000075ea00000|  0%| F|  |TAMS 0x000000075e800000, 0x000000075e800000| Untracked 
| 757|0x000000075ea00000, 0x000000075ea00000, 0x000000075ec00000|  0%| F|  |TAMS 0x000000075ea00000, 0x000000075ea00000| Untracked 
| 758|0x000000075ec00000, 0x000000075ec00000, 0x000000075ee00000|  0%| F|  |TAMS 0x000000075ec00000, 0x000000075ec00000| Untracked 
| 759|0x000000075ee00000, 0x000000075ee00000, 0x000000075f000000|  0%| F|  |TAMS 0x000000075ee00000, 0x000000075ee00000| Untracked 
| 760|0x000000075f000000, 0x000000075f000000, 0x000000075f200000|  0%| F|  |TAMS 0x000000075f000000, 0x000000075f000000| Untracked 
| 761|0x000000075f200000, 0x000000075f200000, 0x000000075f400000|  0%| F|  |TAMS 0x000000075f200000, 0x000000075f200000| Untracked 
| 762|0x000000075f400000, 0x000000075f400000, 0x000000075f600000|  0%| F|  |TAMS 0x000000075f400000, 0x000000075f400000| Untracked 
| 763|0x000000075f600000, 0x000000075f600000, 0x000000075f800000|  0%| F|  |TAMS 0x000000075f600000, 0x000000075f600000| Untracked 
| 764|0x000000075f800000, 0x000000075f800000, 0x000000075fa00000|  0%| F|  |TAMS 0x000000075f800000, 0x000000075f800000| Untracked 
| 765|0x000000075fa00000, 0x000000075fa00000, 0x000000075fc00000|  0%| F|  |TAMS 0x000000075fa00000, 0x000000075fa00000| Untracked 
| 766|0x000000075fc00000, 0x000000075fc00000, 0x000000075fe00000|  0%| F|  |TAMS 0x000000075fc00000, 0x000000075fc00000| Untracked 
| 767|0x000000075fe00000, 0x000000075fe00000, 0x0000000760000000|  0%| F|  |TAMS 0x000000075fe00000, 0x000000075fe00000| Untracked 
| 768|0x0000000760000000, 0x0000000760000000, 0x0000000760200000|  0%| F|  |TAMS 0x0000000760000000, 0x0000000760000000| Untracked 
| 769|0x0000000760200000, 0x0000000760200000, 0x0000000760400000|  0%| F|  |TAMS 0x0000000760200000, 0x0000000760200000| Untracked 
| 770|0x0000000760400000, 0x0000000760600000, 0x0000000760600000|100%| O|  |TAMS 0x0000000760600000, 0x0000000760400000| Untracked 
| 771|0x0000000760600000, 0x0000000760600000, 0x0000000760800000|  0%| F|  |TAMS 0x0000000760600000, 0x0000000760600000| Untracked 
| 772|0x0000000760800000, 0x0000000760a00000, 0x0000000760a00000|100%| O|  |TAMS 0x0000000760a00000, 0x0000000760800000| Untracked 
| 773|0x0000000760a00000, 0x0000000760c00000, 0x0000000760c00000|100%| O|  |TAMS 0x0000000760c00000, 0x0000000760a00000| Untracked 
| 774|0x0000000760c00000, 0x0000000760e00000, 0x0000000760e00000|100%| O|  |TAMS 0x0000000760e00000, 0x0000000760c00000| Untracked 
| 775|0x0000000760e00000, 0x0000000761000000, 0x0000000761000000|100%| O|  |TAMS 0x0000000761000000, 0x0000000760e00000| Untracked 
| 776|0x0000000761000000, 0x0000000761000000, 0x0000000761200000|  0%| F|  |TAMS 0x0000000761000000, 0x0000000761000000| Untracked 
| 777|0x0000000761200000, 0x0000000761200000, 0x0000000761400000|  0%| F|  |TAMS 0x0000000761200000, 0x0000000761200000| Untracked 
| 778|0x0000000761400000, 0x0000000761400000, 0x0000000761600000|  0%| F|  |TAMS 0x0000000761400000, 0x0000000761400000| Untracked 
| 779|0x0000000761600000, 0x0000000761600000, 0x0000000761800000|  0%| F|  |TAMS 0x0000000761600000, 0x0000000761600000| Untracked 
| 780|0x0000000761800000, 0x0000000761800000, 0x0000000761a00000|  0%| F|  |TAMS 0x0000000761800000, 0x0000000761800000| Untracked 
| 781|0x0000000761a00000, 0x0000000761a00000, 0x0000000761c00000|  0%| F|  |TAMS 0x0000000761a00000, 0x0000000761a00000| Untracked 
| 782|0x0000000761c00000, 0x0000000761e00000, 0x0000000761e00000|100%|HS|  |TAMS 0x0000000761e00000, 0x0000000761c00000| Complete 
| 783|0x0000000761e00000, 0x0000000762000000, 0x0000000762000000|100%|HC|  |TAMS 0x0000000762000000, 0x0000000761e00000| Complete 
| 784|0x0000000762000000, 0x0000000762200000, 0x0000000762200000|100%|HC|  |TAMS 0x0000000762200000, 0x0000000762000000| Complete 
| 785|0x0000000762200000, 0x0000000762200000, 0x0000000762400000|  0%| F|  |TAMS 0x0000000762200000, 0x0000000762200000| Untracked 
| 786|0x0000000762400000, 0x0000000762400000, 0x0000000762600000|  0%| F|  |TAMS 0x0000000762400000, 0x0000000762400000| Untracked 
| 787|0x0000000762600000, 0x0000000762600000, 0x0000000762800000|  0%| F|  |TAMS 0x0000000762600000, 0x0000000762600000| Untracked 
| 788|0x0000000762800000, 0x0000000762800000, 0x0000000762a00000|  0%| F|  |TAMS 0x0000000762800000, 0x0000000762800000| Untracked 
| 789|0x0000000762a00000, 0x0000000762a00000, 0x0000000762c00000|  0%| F|  |TAMS 0x0000000762a00000, 0x0000000762a00000| Untracked 
| 790|0x0000000762c00000, 0x0000000762c00000, 0x0000000762e00000|  0%| F|  |TAMS 0x0000000762c00000, 0x0000000762c00000| Untracked 
| 791|0x0000000762e00000, 0x0000000762e00000, 0x0000000763000000|  0%| F|  |TAMS 0x0000000762e00000, 0x0000000762e00000| Untracked 
| 792|0x0000000763000000, 0x0000000763000000, 0x0000000763200000|  0%| F|  |TAMS 0x0000000763000000, 0x0000000763000000| Untracked 
| 793|0x0000000763200000, 0x0000000763200000, 0x0000000763400000|  0%| F|  |TAMS 0x0000000763200000, 0x0000000763200000| Untracked 
| 794|0x0000000763400000, 0x0000000763400000, 0x0000000763600000|  0%| F|  |TAMS 0x0000000763400000, 0x0000000763400000| Untracked 
| 795|0x0000000763600000, 0x0000000763600000, 0x0000000763800000|  0%| F|  |TAMS 0x0000000763600000, 0x0000000763600000| Untracked 
| 796|0x0000000763800000, 0x0000000763800000, 0x0000000763a00000|  0%| F|  |TAMS 0x0000000763800000, 0x0000000763800000| Untracked 
| 797|0x0000000763a00000, 0x0000000763a00000, 0x0000000763c00000|  0%| F|  |TAMS 0x0000000763a00000, 0x0000000763a00000| Untracked 
| 798|0x0000000763c00000, 0x0000000763c00000, 0x0000000763e00000|  0%| F|  |TAMS 0x0000000763c00000, 0x0000000763c00000| Untracked 
| 799|0x0000000763e00000, 0x0000000763e00000, 0x0000000764000000|  0%| F|  |TAMS 0x0000000763e00000, 0x0000000763e00000| Untracked 
| 800|0x0000000764000000, 0x0000000764000000, 0x0000000764200000|  0%| F|  |TAMS 0x0000000764000000, 0x0000000764000000| Untracked 
| 801|0x0000000764200000, 0x0000000764200000, 0x0000000764400000|  0%| F|  |TAMS 0x0000000764200000, 0x0000000764200000| Untracked 
| 802|0x0000000764400000, 0x0000000764400000, 0x0000000764600000|  0%| F|  |TAMS 0x0000000764400000, 0x0000000764400000| Untracked 
| 803|0x0000000764600000, 0x0000000764600000, 0x0000000764800000|  0%| F|  |TAMS 0x0000000764600000, 0x0000000764600000| Untracked 
| 804|0x0000000764800000, 0x0000000764800000, 0x0000000764a00000|  0%| F|  |TAMS 0x0000000764800000, 0x0000000764800000| Untracked 
| 805|0x0000000764a00000, 0x0000000764a00000, 0x0000000764c00000|  0%| F|  |TAMS 0x0000000764a00000, 0x0000000764a00000| Untracked 
| 806|0x0000000764c00000, 0x0000000764c00000, 0x0000000764e00000|  0%| F|  |TAMS 0x0000000764c00000, 0x0000000764c00000| Untracked 
| 807|0x0000000764e00000, 0x0000000764e00000, 0x0000000765000000|  0%| F|  |TAMS 0x0000000764e00000, 0x0000000764e00000| Untracked 
| 808|0x0000000765000000, 0x0000000765000000, 0x0000000765200000|  0%| F|  |TAMS 0x0000000765000000, 0x0000000765000000| Untracked 
| 809|0x0000000765200000, 0x0000000765200000, 0x0000000765400000|  0%| F|  |TAMS 0x0000000765200000, 0x0000000765200000| Untracked 
| 810|0x0000000765400000, 0x0000000765400000, 0x0000000765600000|  0%| F|  |TAMS 0x0000000765400000, 0x0000000765400000| Untracked 
| 811|0x0000000765600000, 0x0000000765600000, 0x0000000765800000|  0%| F|  |TAMS 0x0000000765600000, 0x0000000765600000| Untracked 
| 812|0x0000000765800000, 0x0000000765800000, 0x0000000765a00000|  0%| F|  |TAMS 0x0000000765800000, 0x0000000765800000| Untracked 
| 813|0x0000000765a00000, 0x0000000765a00000, 0x0000000765c00000|  0%| F|  |TAMS 0x0000000765a00000, 0x0000000765a00000| Untracked 
| 814|0x0000000765c00000, 0x0000000765c00000, 0x0000000765e00000|  0%| F|  |TAMS 0x0000000765c00000, 0x0000000765c00000| Untracked 
| 815|0x0000000765e00000, 0x0000000765e00000, 0x0000000766000000|  0%| F|  |TAMS 0x0000000765e00000, 0x0000000765e00000| Untracked 
| 816|0x0000000766000000, 0x0000000766000000, 0x0000000766200000|  0%| F|  |TAMS 0x0000000766000000, 0x0000000766000000| Untracked 
| 817|0x0000000766200000, 0x0000000766200000, 0x0000000766400000|  0%| F|  |TAMS 0x0000000766200000, 0x0000000766200000| Untracked 
| 818|0x0000000766400000, 0x0000000766400000, 0x0000000766600000|  0%| F|  |TAMS 0x0000000766400000, 0x0000000766400000| Untracked 
| 819|0x0000000766600000, 0x0000000766600000, 0x0000000766800000|  0%| F|  |TAMS 0x0000000766600000, 0x0000000766600000| Untracked 
| 820|0x0000000766800000, 0x0000000766800000, 0x0000000766a00000|  0%| F|  |TAMS 0x0000000766800000, 0x0000000766800000| Untracked 
| 821|0x0000000766a00000, 0x0000000766a00000, 0x0000000766c00000|  0%| F|  |TAMS 0x0000000766a00000, 0x0000000766a00000| Untracked 
| 822|0x0000000766c00000, 0x0000000766c00000, 0x0000000766e00000|  0%| F|  |TAMS 0x0000000766c00000, 0x0000000766c00000| Untracked 
| 823|0x0000000766e00000, 0x0000000766e00000, 0x0000000767000000|  0%| F|  |TAMS 0x0000000766e00000, 0x0000000766e00000| Untracked 
| 824|0x0000000767000000, 0x0000000767000000, 0x0000000767200000|  0%| F|  |TAMS 0x0000000767000000, 0x0000000767000000| Untracked 
| 825|0x0000000767200000, 0x0000000767200000, 0x0000000767400000|  0%| F|  |TAMS 0x0000000767200000, 0x0000000767200000| Untracked 
| 826|0x0000000767400000, 0x0000000767400000, 0x0000000767600000|  0%| F|  |TAMS 0x0000000767400000, 0x0000000767400000| Untracked 
| 827|0x0000000767600000, 0x0000000767600000, 0x0000000767800000|  0%| F|  |TAMS 0x0000000767600000, 0x0000000767600000| Untracked 
| 828|0x0000000767800000, 0x0000000767800000, 0x0000000767a00000|  0%| F|  |TAMS 0x0000000767800000, 0x0000000767800000| Untracked 
| 829|0x0000000767a00000, 0x0000000767a00000, 0x0000000767c00000|  0%| F|  |TAMS 0x0000000767a00000, 0x0000000767a00000| Untracked 
| 830|0x0000000767c00000, 0x0000000767c00000, 0x0000000767e00000|  0%| F|  |TAMS 0x0000000767c00000, 0x0000000767c00000| Untracked 
| 831|0x0000000767e00000, 0x0000000767e00000, 0x0000000768000000|  0%| F|  |TAMS 0x0000000767e00000, 0x0000000767e00000| Untracked 
| 832|0x0000000768000000, 0x0000000768000000, 0x0000000768200000|  0%| F|  |TAMS 0x0000000768000000, 0x0000000768000000| Untracked 
| 833|0x0000000768200000, 0x0000000768200000, 0x0000000768400000|  0%| F|  |TAMS 0x0000000768200000, 0x0000000768200000| Untracked 
| 834|0x0000000768400000, 0x0000000768400000, 0x0000000768600000|  0%| F|  |TAMS 0x0000000768400000, 0x0000000768400000| Untracked 
| 835|0x0000000768600000, 0x0000000768600000, 0x0000000768800000|  0%| F|  |TAMS 0x0000000768600000, 0x0000000768600000| Untracked 
| 836|0x0000000768800000, 0x0000000768800000, 0x0000000768a00000|  0%| F|  |TAMS 0x0000000768800000, 0x0000000768800000| Untracked 
| 837|0x0000000768a00000, 0x0000000768a00000, 0x0000000768c00000|  0%| F|  |TAMS 0x0000000768a00000, 0x0000000768a00000| Untracked 
| 838|0x0000000768c00000, 0x0000000768c00000, 0x0000000768e00000|  0%| F|  |TAMS 0x0000000768c00000, 0x0000000768c00000| Untracked 
| 839|0x0000000768e00000, 0x0000000768e00000, 0x0000000769000000|  0%| F|  |TAMS 0x0000000768e00000, 0x0000000768e00000| Untracked 
| 840|0x0000000769000000, 0x0000000769000000, 0x0000000769200000|  0%| F|  |TAMS 0x0000000769000000, 0x0000000769000000| Untracked 
| 841|0x0000000769200000, 0x0000000769200000, 0x0000000769400000|  0%| F|  |TAMS 0x0000000769200000, 0x0000000769200000| Untracked 
| 842|0x0000000769400000, 0x0000000769400000, 0x0000000769600000|  0%| F|  |TAMS 0x0000000769400000, 0x0000000769400000| Untracked 
| 843|0x0000000769600000, 0x0000000769600000, 0x0000000769800000|  0%| F|  |TAMS 0x0000000769600000, 0x0000000769600000| Untracked 
| 844|0x0000000769800000, 0x0000000769800000, 0x0000000769a00000|  0%| F|  |TAMS 0x0000000769800000, 0x0000000769800000| Untracked 
| 845|0x0000000769a00000, 0x0000000769a00000, 0x0000000769c00000|  0%| F|  |TAMS 0x0000000769a00000, 0x0000000769a00000| Untracked 
| 846|0x0000000769c00000, 0x0000000769c00000, 0x0000000769e00000|  0%| F|  |TAMS 0x0000000769c00000, 0x0000000769c00000| Untracked 
| 847|0x0000000769e00000, 0x0000000769e00000, 0x000000076a000000|  0%| F|  |TAMS 0x0000000769e00000, 0x0000000769e00000| Untracked 
| 848|0x000000076a000000, 0x000000076a000000, 0x000000076a200000|  0%| F|  |TAMS 0x000000076a000000, 0x000000076a000000| Untracked 
| 849|0x000000076a200000, 0x000000076a200000, 0x000000076a400000|  0%| F|  |TAMS 0x000000076a200000, 0x000000076a200000| Untracked 
| 850|0x000000076a400000, 0x000000076a400000, 0x000000076a600000|  0%| F|  |TAMS 0x000000076a400000, 0x000000076a400000| Untracked 
| 851|0x000000076a600000, 0x000000076a600000, 0x000000076a800000|  0%| F|  |TAMS 0x000000076a600000, 0x000000076a600000| Untracked 
| 852|0x000000076a800000, 0x000000076a800000, 0x000000076aa00000|  0%| F|  |TAMS 0x000000076a800000, 0x000000076a800000| Untracked 
| 853|0x000000076aa00000, 0x000000076aa00000, 0x000000076ac00000|  0%| F|  |TAMS 0x000000076aa00000, 0x000000076aa00000| Untracked 
| 854|0x000000076ac00000, 0x000000076ac00000, 0x000000076ae00000|  0%| F|  |TAMS 0x000000076ac00000, 0x000000076ac00000| Untracked 
| 855|0x000000076ae00000, 0x000000076ae00000, 0x000000076b000000|  0%| F|  |TAMS 0x000000076ae00000, 0x000000076ae00000| Untracked 
| 856|0x000000076b000000, 0x000000076b000000, 0x000000076b200000|  0%| F|  |TAMS 0x000000076b000000, 0x000000076b000000| Untracked 
| 857|0x000000076b200000, 0x000000076b200000, 0x000000076b400000|  0%| F|  |TAMS 0x000000076b200000, 0x000000076b200000| Untracked 
| 858|0x000000076b400000, 0x000000076b400000, 0x000000076b600000|  0%| F|  |TAMS 0x000000076b400000, 0x000000076b400000| Untracked 
| 859|0x000000076b600000, 0x000000076b600000, 0x000000076b800000|  0%| F|  |TAMS 0x000000076b600000, 0x000000076b600000| Untracked 
| 860|0x000000076b800000, 0x000000076b800000, 0x000000076ba00000|  0%| F|  |TAMS 0x000000076b800000, 0x000000076b800000| Untracked 
| 861|0x000000076ba00000, 0x000000076ba00000, 0x000000076bc00000|  0%| F|  |TAMS 0x000000076ba00000, 0x000000076ba00000| Untracked 
| 862|0x000000076bc00000, 0x000000076bc00000, 0x000000076be00000|  0%| F|  |TAMS 0x000000076bc00000, 0x000000076bc00000| Untracked 
| 863|0x000000076be00000, 0x000000076be00000, 0x000000076c000000|  0%| F|  |TAMS 0x000000076be00000, 0x000000076be00000| Untracked 
| 864|0x000000076c000000, 0x000000076c000000, 0x000000076c200000|  0%| F|  |TAMS 0x000000076c000000, 0x000000076c000000| Untracked 
| 865|0x000000076c200000, 0x000000076c200000, 0x000000076c400000|  0%| F|  |TAMS 0x000000076c200000, 0x000000076c200000| Untracked 
| 866|0x000000076c400000, 0x000000076c400000, 0x000000076c600000|  0%| F|  |TAMS 0x000000076c400000, 0x000000076c400000| Untracked 
| 867|0x000000076c600000, 0x000000076c600000, 0x000000076c800000|  0%| F|  |TAMS 0x000000076c600000, 0x000000076c600000| Untracked 
| 868|0x000000076c800000, 0x000000076c800000, 0x000000076ca00000|  0%| F|  |TAMS 0x000000076c800000, 0x000000076c800000| Untracked 
| 869|0x000000076ca00000, 0x000000076ca00000, 0x000000076cc00000|  0%| F|  |TAMS 0x000000076ca00000, 0x000000076ca00000| Untracked 
| 870|0x000000076cc00000, 0x000000076cc00000, 0x000000076ce00000|  0%| F|  |TAMS 0x000000076cc00000, 0x000000076cc00000| Untracked 
| 871|0x000000076ce00000, 0x000000076ce00000, 0x000000076d000000|  0%| F|  |TAMS 0x000000076ce00000, 0x000000076ce00000| Untracked 
| 872|0x000000076d000000, 0x000000076d000000, 0x000000076d200000|  0%| F|  |TAMS 0x000000076d000000, 0x000000076d000000| Untracked 
| 873|0x000000076d200000, 0x000000076d200000, 0x000000076d400000|  0%| F|  |TAMS 0x000000076d200000, 0x000000076d200000| Untracked 
| 874|0x000000076d400000, 0x000000076d400000, 0x000000076d600000|  0%| F|  |TAMS 0x000000076d400000, 0x000000076d400000| Untracked 
| 875|0x000000076d600000, 0x000000076d600000, 0x000000076d800000|  0%| F|  |TAMS 0x000000076d600000, 0x000000076d600000| Untracked 
| 876|0x000000076d800000, 0x000000076d800000, 0x000000076da00000|  0%| F|  |TAMS 0x000000076d800000, 0x000000076d800000| Untracked 
| 877|0x000000076da00000, 0x000000076da00000, 0x000000076dc00000|  0%| F|  |TAMS 0x000000076da00000, 0x000000076da00000| Untracked 
| 878|0x000000076dc00000, 0x000000076dc00000, 0x000000076de00000|  0%| F|  |TAMS 0x000000076dc00000, 0x000000076dc00000| Untracked 
| 879|0x000000076de00000, 0x000000076de00000, 0x000000076e000000|  0%| F|  |TAMS 0x000000076de00000, 0x000000076de00000| Untracked 
| 880|0x000000076e000000, 0x000000076e000000, 0x000000076e200000|  0%| F|  |TAMS 0x000000076e000000, 0x000000076e000000| Untracked 
| 881|0x000000076e200000, 0x000000076e200000, 0x000000076e400000|  0%| F|  |TAMS 0x000000076e200000, 0x000000076e200000| Untracked 
| 882|0x000000076e400000, 0x000000076e400000, 0x000000076e600000|  0%| F|  |TAMS 0x000000076e400000, 0x000000076e400000| Untracked 
| 883|0x000000076e600000, 0x000000076e600000, 0x000000076e800000|  0%| F|  |TAMS 0x000000076e600000, 0x000000076e600000| Untracked 
| 884|0x000000076e800000, 0x000000076e800000, 0x000000076ea00000|  0%| F|  |TAMS 0x000000076e800000, 0x000000076e800000| Untracked 
| 885|0x000000076ea00000, 0x000000076ea00000, 0x000000076ec00000|  0%| F|  |TAMS 0x000000076ea00000, 0x000000076ea00000| Untracked 
| 886|0x000000076ec00000, 0x000000076ec00000, 0x000000076ee00000|  0%| F|  |TAMS 0x000000076ec00000, 0x000000076ec00000| Untracked 
| 887|0x000000076ee00000, 0x000000076ee00000, 0x000000076f000000|  0%| F|  |TAMS 0x000000076ee00000, 0x000000076ee00000| Untracked 
| 888|0x000000076f000000, 0x000000076f000000, 0x000000076f200000|  0%| F|  |TAMS 0x000000076f000000, 0x000000076f000000| Untracked 
| 889|0x000000076f200000, 0x000000076f200000, 0x000000076f400000|  0%| F|  |TAMS 0x000000076f200000, 0x000000076f200000| Untracked 
| 890|0x000000076f400000, 0x000000076f400000, 0x000000076f600000|  0%| F|  |TAMS 0x000000076f400000, 0x000000076f400000| Untracked 
| 891|0x000000076f600000, 0x000000076f600000, 0x000000076f800000|  0%| F|  |TAMS 0x000000076f600000, 0x000000076f600000| Untracked 
| 892|0x000000076f800000, 0x000000076f800000, 0x000000076fa00000|  0%| F|  |TAMS 0x000000076f800000, 0x000000076f800000| Untracked 
| 893|0x000000076fa00000, 0x000000076fa00000, 0x000000076fc00000|  0%| F|  |TAMS 0x000000076fa00000, 0x000000076fa00000| Untracked 
| 894|0x000000076fc00000, 0x000000076fc00000, 0x000000076fe00000|  0%| F|  |TAMS 0x000000076fc00000, 0x000000076fc00000| Untracked 
| 895|0x000000076fe00000, 0x000000076fe00000, 0x0000000770000000|  0%| F|  |TAMS 0x000000076fe00000, 0x000000076fe00000| Untracked 
| 896|0x0000000770000000, 0x0000000770000000, 0x0000000770200000|  0%| F|  |TAMS 0x0000000770000000, 0x0000000770000000| Untracked 
| 897|0x0000000770200000, 0x0000000770200000, 0x0000000770400000|  0%| F|  |TAMS 0x0000000770200000, 0x0000000770200000| Untracked 
| 898|0x0000000770400000, 0x0000000770400000, 0x0000000770600000|  0%| F|  |TAMS 0x0000000770400000, 0x0000000770400000| Untracked 
| 899|0x0000000770600000, 0x0000000770600000, 0x0000000770800000|  0%| F|  |TAMS 0x0000000770600000, 0x0000000770600000| Untracked 
| 900|0x0000000770800000, 0x0000000770800000, 0x0000000770a00000|  0%| F|  |TAMS 0x0000000770800000, 0x0000000770800000| Untracked 
| 901|0x0000000770a00000, 0x0000000770a00000, 0x0000000770c00000|  0%| F|  |TAMS 0x0000000770a00000, 0x0000000770a00000| Untracked 
| 902|0x0000000770c00000, 0x0000000770c00000, 0x0000000770e00000|  0%| F|  |TAMS 0x0000000770c00000, 0x0000000770c00000| Untracked 
| 903|0x0000000770e00000, 0x0000000770e00000, 0x0000000771000000|  0%| F|  |TAMS 0x0000000770e00000, 0x0000000770e00000| Untracked 
| 904|0x0000000771000000, 0x0000000771000000, 0x0000000771200000|  0%| F|  |TAMS 0x0000000771000000, 0x0000000771000000| Untracked 
| 905|0x0000000771200000, 0x0000000771200000, 0x0000000771400000|  0%| F|  |TAMS 0x0000000771200000, 0x0000000771200000| Untracked 
| 906|0x0000000771400000, 0x0000000771400000, 0x0000000771600000|  0%| F|  |TAMS 0x0000000771400000, 0x0000000771400000| Untracked 
| 907|0x0000000771600000, 0x0000000771600000, 0x0000000771800000|  0%| F|  |TAMS 0x0000000771600000, 0x0000000771600000| Untracked 
| 908|0x0000000771800000, 0x0000000771800000, 0x0000000771a00000|  0%| F|  |TAMS 0x0000000771800000, 0x0000000771800000| Untracked 
| 909|0x0000000771a00000, 0x0000000771a00000, 0x0000000771c00000|  0%| F|  |TAMS 0x0000000771a00000, 0x0000000771a00000| Untracked 
| 910|0x0000000771c00000, 0x0000000771c00000, 0x0000000771e00000|  0%| F|  |TAMS 0x0000000771c00000, 0x0000000771c00000| Untracked 
| 911|0x0000000771e00000, 0x0000000771e00000, 0x0000000772000000|  0%| F|  |TAMS 0x0000000771e00000, 0x0000000771e00000| Untracked 
| 912|0x0000000772000000, 0x0000000772000000, 0x0000000772200000|  0%| F|  |TAMS 0x0000000772000000, 0x0000000772000000| Untracked 
| 913|0x0000000772200000, 0x0000000772200000, 0x0000000772400000|  0%| F|  |TAMS 0x0000000772200000, 0x0000000772200000| Untracked 
| 914|0x0000000772400000, 0x0000000772400000, 0x0000000772600000|  0%| F|  |TAMS 0x0000000772400000, 0x0000000772400000| Untracked 
| 915|0x0000000772600000, 0x0000000772600000, 0x0000000772800000|  0%| F|  |TAMS 0x0000000772600000, 0x0000000772600000| Untracked 
| 916|0x0000000772800000, 0x0000000772800000, 0x0000000772a00000|  0%| F|  |TAMS 0x0000000772800000, 0x0000000772800000| Untracked 
| 917|0x0000000772a00000, 0x0000000772a00000, 0x0000000772c00000|  0%| F|  |TAMS 0x0000000772a00000, 0x0000000772a00000| Untracked 
| 918|0x0000000772c00000, 0x0000000772c00000, 0x0000000772e00000|  0%| F|  |TAMS 0x0000000772c00000, 0x0000000772c00000| Untracked 
| 919|0x0000000772e00000, 0x0000000772e00000, 0x0000000773000000|  0%| F|  |TAMS 0x0000000772e00000, 0x0000000772e00000| Untracked 
| 920|0x0000000773000000, 0x0000000773000000, 0x0000000773200000|  0%| F|  |TAMS 0x0000000773000000, 0x0000000773000000| Untracked 
| 921|0x0000000773200000, 0x0000000773200000, 0x0000000773400000|  0%| F|  |TAMS 0x0000000773200000, 0x0000000773200000| Untracked 
| 922|0x0000000773400000, 0x0000000773400000, 0x0000000773600000|  0%| F|  |TAMS 0x0000000773400000, 0x0000000773400000| Untracked 
| 923|0x0000000773600000, 0x0000000773600000, 0x0000000773800000|  0%| F|  |TAMS 0x0000000773600000, 0x0000000773600000| Untracked 
| 924|0x0000000773800000, 0x0000000773800000, 0x0000000773a00000|  0%| F|  |TAMS 0x0000000773800000, 0x0000000773800000| Untracked 
| 925|0x0000000773a00000, 0x0000000773a00000, 0x0000000773c00000|  0%| F|  |TAMS 0x0000000773a00000, 0x0000000773a00000| Untracked 
| 926|0x0000000773c00000, 0x0000000773c00000, 0x0000000773e00000|  0%| F|  |TAMS 0x0000000773c00000, 0x0000000773c00000| Untracked 
| 927|0x0000000773e00000, 0x0000000773e00000, 0x0000000774000000|  0%| F|  |TAMS 0x0000000773e00000, 0x0000000773e00000| Untracked 
| 928|0x0000000774000000, 0x0000000774000000, 0x0000000774200000|  0%| F|  |TAMS 0x0000000774000000, 0x0000000774000000| Untracked 
| 929|0x0000000774200000, 0x0000000774200000, 0x0000000774400000|  0%| F|  |TAMS 0x0000000774200000, 0x0000000774200000| Untracked 
| 930|0x0000000774400000, 0x0000000774400000, 0x0000000774600000|  0%| F|  |TAMS 0x0000000774400000, 0x0000000774400000| Untracked 
| 931|0x0000000774600000, 0x0000000774600000, 0x0000000774800000|  0%| F|  |TAMS 0x0000000774600000, 0x0000000774600000| Untracked 
| 932|0x0000000774800000, 0x0000000774800000, 0x0000000774a00000|  0%| F|  |TAMS 0x0000000774800000, 0x0000000774800000| Untracked 
| 933|0x0000000774a00000, 0x0000000774a00000, 0x0000000774c00000|  0%| F|  |TAMS 0x0000000774a00000, 0x0000000774a00000| Untracked 
| 934|0x0000000774c00000, 0x0000000774c00000, 0x0000000774e00000|  0%| F|  |TAMS 0x0000000774c00000, 0x0000000774c00000| Untracked 
| 935|0x0000000774e00000, 0x0000000774e00000, 0x0000000775000000|  0%| F|  |TAMS 0x0000000774e00000, 0x0000000774e00000| Untracked 
| 936|0x0000000775000000, 0x0000000775000000, 0x0000000775200000|  0%| F|  |TAMS 0x0000000775000000, 0x0000000775000000| Untracked 
| 937|0x0000000775200000, 0x0000000775200000, 0x0000000775400000|  0%| F|  |TAMS 0x0000000775200000, 0x0000000775200000| Untracked 
| 938|0x0000000775400000, 0x0000000775400000, 0x0000000775600000|  0%| F|  |TAMS 0x0000000775400000, 0x0000000775400000| Untracked 
| 939|0x0000000775600000, 0x0000000775600000, 0x0000000775800000|  0%| F|  |TAMS 0x0000000775600000, 0x0000000775600000| Untracked 
| 940|0x0000000775800000, 0x0000000775800000, 0x0000000775a00000|  0%| F|  |TAMS 0x0000000775800000, 0x0000000775800000| Untracked 
| 941|0x0000000775a00000, 0x0000000775a00000, 0x0000000775c00000|  0%| F|  |TAMS 0x0000000775a00000, 0x0000000775a00000| Untracked 
| 942|0x0000000775c00000, 0x0000000775c00000, 0x0000000775e00000|  0%| F|  |TAMS 0x0000000775c00000, 0x0000000775c00000| Untracked 
| 943|0x0000000775e00000, 0x0000000775e00000, 0x0000000776000000|  0%| F|  |TAMS 0x0000000775e00000, 0x0000000775e00000| Untracked 
| 944|0x0000000776000000, 0x0000000776000000, 0x0000000776200000|  0%| F|  |TAMS 0x0000000776000000, 0x0000000776000000| Untracked 
| 945|0x0000000776200000, 0x0000000776200000, 0x0000000776400000|  0%| F|  |TAMS 0x0000000776200000, 0x0000000776200000| Untracked 
| 946|0x0000000776400000, 0x0000000776400000, 0x0000000776600000|  0%| F|  |TAMS 0x0000000776400000, 0x0000000776400000| Untracked 
| 947|0x0000000776600000, 0x0000000776600000, 0x0000000776800000|  0%| F|  |TAMS 0x0000000776600000, 0x0000000776600000| Untracked 
| 948|0x0000000776800000, 0x0000000776800000, 0x0000000776a00000|  0%| F|  |TAMS 0x0000000776800000, 0x0000000776800000| Untracked 
| 949|0x0000000776a00000, 0x0000000776a00000, 0x0000000776c00000|  0%| F|  |TAMS 0x0000000776a00000, 0x0000000776a00000| Untracked 
| 950|0x0000000776c00000, 0x0000000776c00000, 0x0000000776e00000|  0%| F|  |TAMS 0x0000000776c00000, 0x0000000776c00000| Untracked 
| 951|0x0000000776e00000, 0x0000000776e00000, 0x0000000777000000|  0%| F|  |TAMS 0x0000000776e00000, 0x0000000776e00000| Untracked 
| 952|0x0000000777000000, 0x0000000777000000, 0x0000000777200000|  0%| F|  |TAMS 0x0000000777000000, 0x0000000777000000| Untracked 
| 953|0x0000000777200000, 0x0000000777200000, 0x0000000777400000|  0%| F|  |TAMS 0x0000000777200000, 0x0000000777200000| Untracked 
| 954|0x0000000777400000, 0x0000000777400000, 0x0000000777600000|  0%| F|  |TAMS 0x0000000777400000, 0x0000000777400000| Untracked 
| 955|0x0000000777600000, 0x0000000777600000, 0x0000000777800000|  0%| F|  |TAMS 0x0000000777600000, 0x0000000777600000| Untracked 
| 956|0x0000000777800000, 0x0000000777800000, 0x0000000777a00000|  0%| F|  |TAMS 0x0000000777800000, 0x0000000777800000| Untracked 
| 957|0x0000000777a00000, 0x0000000777a00000, 0x0000000777c00000|  0%| F|  |TAMS 0x0000000777a00000, 0x0000000777a00000| Untracked 
| 958|0x0000000777c00000, 0x0000000777c00000, 0x0000000777e00000|  0%| F|  |TAMS 0x0000000777c00000, 0x0000000777c00000| Untracked 
| 959|0x0000000777e00000, 0x0000000777e00000, 0x0000000778000000|  0%| F|  |TAMS 0x0000000777e00000, 0x0000000777e00000| Untracked 
| 960|0x0000000778000000, 0x0000000778000000, 0x0000000778200000|  0%| F|  |TAMS 0x0000000778000000, 0x0000000778000000| Untracked 
| 961|0x0000000778200000, 0x0000000778200000, 0x0000000778400000|  0%| F|  |TAMS 0x0000000778200000, 0x0000000778200000| Untracked 
| 962|0x0000000778400000, 0x0000000778400000, 0x0000000778600000|  0%| F|  |TAMS 0x0000000778400000, 0x0000000778400000| Untracked 
| 963|0x0000000778600000, 0x0000000778600000, 0x0000000778800000|  0%| F|  |TAMS 0x0000000778600000, 0x0000000778600000| Untracked 
| 964|0x0000000778800000, 0x0000000778800000, 0x0000000778a00000|  0%| F|  |TAMS 0x0000000778800000, 0x0000000778800000| Untracked 
| 965|0x0000000778a00000, 0x0000000778a00000, 0x0000000778c00000|  0%| F|  |TAMS 0x0000000778a00000, 0x0000000778a00000| Untracked 
| 966|0x0000000778c00000, 0x0000000778c00000, 0x0000000778e00000|  0%| F|  |TAMS 0x0000000778c00000, 0x0000000778c00000| Untracked 
| 967|0x0000000778e00000, 0x0000000778e00000, 0x0000000779000000|  0%| F|  |TAMS 0x0000000778e00000, 0x0000000778e00000| Untracked 
| 968|0x0000000779000000, 0x0000000779000000, 0x0000000779200000|  0%| F|  |TAMS 0x0000000779000000, 0x0000000779000000| Untracked 
| 969|0x0000000779200000, 0x0000000779200000, 0x0000000779400000|  0%| F|  |TAMS 0x0000000779200000, 0x0000000779200000| Untracked 
| 970|0x0000000779400000, 0x0000000779400000, 0x0000000779600000|  0%| F|  |TAMS 0x0000000779400000, 0x0000000779400000| Untracked 
| 971|0x0000000779600000, 0x0000000779600000, 0x0000000779800000|  0%| F|  |TAMS 0x0000000779600000, 0x0000000779600000| Untracked 
| 972|0x0000000779800000, 0x0000000779800000, 0x0000000779a00000|  0%| F|  |TAMS 0x0000000779800000, 0x0000000779800000| Untracked 
| 973|0x0000000779a00000, 0x0000000779a00000, 0x0000000779c00000|  0%| F|  |TAMS 0x0000000779a00000, 0x0000000779a00000| Untracked 
| 974|0x0000000779c00000, 0x0000000779c00000, 0x0000000779e00000|  0%| F|  |TAMS 0x0000000779c00000, 0x0000000779c00000| Untracked 
| 975|0x0000000779e00000, 0x0000000779e00000, 0x000000077a000000|  0%| F|  |TAMS 0x0000000779e00000, 0x0000000779e00000| Untracked 
| 976|0x000000077a000000, 0x000000077a000000, 0x000000077a200000|  0%| F|  |TAMS 0x000000077a000000, 0x000000077a000000| Untracked 
| 977|0x000000077a200000, 0x000000077a200000, 0x000000077a400000|  0%| F|  |TAMS 0x000000077a200000, 0x000000077a200000| Untracked 
| 978|0x000000077a400000, 0x000000077a400000, 0x000000077a600000|  0%| F|  |TAMS 0x000000077a400000, 0x000000077a400000| Untracked 
| 979|0x000000077a600000, 0x000000077a600000, 0x000000077a800000|  0%| F|  |TAMS 0x000000077a600000, 0x000000077a600000| Untracked 
| 980|0x000000077a800000, 0x000000077a800000, 0x000000077aa00000|  0%| F|  |TAMS 0x000000077a800000, 0x000000077a800000| Untracked 
| 981|0x000000077aa00000, 0x000000077aa00000, 0x000000077ac00000|  0%| F|  |TAMS 0x000000077aa00000, 0x000000077aa00000| Untracked 
| 982|0x000000077ac00000, 0x000000077ac00000, 0x000000077ae00000|  0%| F|  |TAMS 0x000000077ac00000, 0x000000077ac00000| Untracked 
| 983|0x000000077ae00000, 0x000000077ae00000, 0x000000077b000000|  0%| F|  |TAMS 0x000000077ae00000, 0x000000077ae00000| Untracked 
| 984|0x000000077b000000, 0x000000077b000000, 0x000000077b200000|  0%| F|  |TAMS 0x000000077b000000, 0x000000077b000000| Untracked 
| 985|0x000000077b200000, 0x000000077b200000, 0x000000077b400000|  0%| F|  |TAMS 0x000000077b200000, 0x000000077b200000| Untracked 
| 986|0x000000077b400000, 0x000000077b400000, 0x000000077b600000|  0%| F|  |TAMS 0x000000077b400000, 0x000000077b400000| Untracked 
| 987|0x000000077b600000, 0x000000077b600000, 0x000000077b800000|  0%| F|  |TAMS 0x000000077b600000, 0x000000077b600000| Untracked 
| 988|0x000000077b800000, 0x000000077b800000, 0x000000077ba00000|  0%| F|  |TAMS 0x000000077b800000, 0x000000077b800000| Untracked 
| 989|0x000000077ba00000, 0x000000077ba00000, 0x000000077bc00000|  0%| F|  |TAMS 0x000000077ba00000, 0x000000077ba00000| Untracked 
| 990|0x000000077bc00000, 0x000000077bc00000, 0x000000077be00000|  0%| F|  |TAMS 0x000000077bc00000, 0x000000077bc00000| Untracked 
| 991|0x000000077be00000, 0x000000077be00000, 0x000000077c000000|  0%| F|  |TAMS 0x000000077be00000, 0x000000077be00000| Untracked 
| 992|0x000000077c000000, 0x000000077c000000, 0x000000077c200000|  0%| F|  |TAMS 0x000000077c000000, 0x000000077c000000| Untracked 
| 993|0x000000077c200000, 0x000000077c200000, 0x000000077c400000|  0%| F|  |TAMS 0x000000077c200000, 0x000000077c200000| Untracked 
| 994|0x000000077c400000, 0x000000077c400000, 0x000000077c600000|  0%| F|  |TAMS 0x000000077c400000, 0x000000077c400000| Untracked 
| 995|0x000000077c600000, 0x000000077c600000, 0x000000077c800000|  0%| F|  |TAMS 0x000000077c600000, 0x000000077c600000| Untracked 
| 996|0x000000077c800000, 0x000000077c800000, 0x000000077ca00000|  0%| F|  |TAMS 0x000000077c800000, 0x000000077c800000| Untracked 
| 997|0x000000077ca00000, 0x000000077ca00000, 0x000000077cc00000|  0%| F|  |TAMS 0x000000077ca00000, 0x000000077ca00000| Untracked 
| 998|0x000000077cc00000, 0x000000077cc00000, 0x000000077ce00000|  0%| F|  |TAMS 0x000000077cc00000, 0x000000077cc00000| Untracked 
| 999|0x000000077ce00000, 0x000000077ce00000, 0x000000077d000000|  0%| F|  |TAMS 0x000000077ce00000, 0x000000077ce00000| Untracked 
|1000|0x000000077d000000, 0x000000077d000000, 0x000000077d200000|  0%| F|  |TAMS 0x000000077d000000, 0x000000077d000000| Untracked 
|1001|0x000000077d200000, 0x000000077d200000, 0x000000077d400000|  0%| F|  |TAMS 0x000000077d200000, 0x000000077d200000| Untracked 
|1002|0x000000077d400000, 0x000000077d400000, 0x000000077d600000|  0%| F|  |TAMS 0x000000077d400000, 0x000000077d400000| Untracked 
|1003|0x000000077d600000, 0x000000077d600000, 0x000000077d800000|  0%| F|  |TAMS 0x000000077d600000, 0x000000077d600000| Untracked 
|1004|0x000000077d800000, 0x000000077d800000, 0x000000077da00000|  0%| F|  |TAMS 0x000000077d800000, 0x000000077d800000| Untracked 
|1005|0x000000077da00000, 0x000000077da00000, 0x000000077dc00000|  0%| F|  |TAMS 0x000000077da00000, 0x000000077da00000| Untracked 
|1006|0x000000077dc00000, 0x000000077dc00000, 0x000000077de00000|  0%| F|  |TAMS 0x000000077dc00000, 0x000000077dc00000| Untracked 
|1007|0x000000077de00000, 0x000000077de00000, 0x000000077e000000|  0%| F|  |TAMS 0x000000077de00000, 0x000000077de00000| Untracked 
|1008|0x000000077e000000, 0x000000077e000000, 0x000000077e200000|  0%| F|  |TAMS 0x000000077e000000, 0x000000077e000000| Untracked 
|1009|0x000000077e200000, 0x000000077e200000, 0x000000077e400000|  0%| F|  |TAMS 0x000000077e200000, 0x000000077e200000| Untracked 
|1010|0x000000077e400000, 0x000000077e400000, 0x000000077e600000|  0%| F|  |TAMS 0x000000077e400000, 0x000000077e400000| Untracked 
|1011|0x000000077e600000, 0x000000077e600000, 0x000000077e800000|  0%| F|  |TAMS 0x000000077e600000, 0x000000077e600000| Untracked 
|1012|0x000000077e800000, 0x000000077e800000, 0x000000077ea00000|  0%| F|  |TAMS 0x000000077e800000, 0x000000077e800000| Untracked 
|1013|0x000000077ea00000, 0x000000077ea00000, 0x000000077ec00000|  0%| F|  |TAMS 0x000000077ea00000, 0x000000077ea00000| Untracked 
|1014|0x000000077ec00000, 0x000000077ec00000, 0x000000077ee00000|  0%| F|  |TAMS 0x000000077ec00000, 0x000000077ec00000| Untracked 
|1015|0x000000077ee00000, 0x000000077ee00000, 0x000000077f000000|  0%| F|  |TAMS 0x000000077ee00000, 0x000000077ee00000| Untracked 
|1016|0x000000077f000000, 0x000000077f000000, 0x000000077f200000|  0%| F|  |TAMS 0x000000077f000000, 0x000000077f000000| Untracked 
|1017|0x000000077f200000, 0x000000077f200000, 0x000000077f400000|  0%| F|  |TAMS 0x000000077f200000, 0x000000077f200000| Untracked 
|1018|0x000000077f400000, 0x000000077f400000, 0x000000077f600000|  0%| F|  |TAMS 0x000000077f400000, 0x000000077f400000| Untracked 
|1019|0x000000077f600000, 0x000000077f600000, 0x000000077f800000|  0%| F|  |TAMS 0x000000077f600000, 0x000000077f600000| Untracked 
|1020|0x000000077f800000, 0x000000077f800000, 0x000000077fa00000|  0%| F|  |TAMS 0x000000077f800000, 0x000000077f800000| Untracked 
|1021|0x000000077fa00000, 0x000000077fa00000, 0x000000077fc00000|  0%| F|  |TAMS 0x000000077fa00000, 0x000000077fa00000| Untracked 
|1022|0x000000077fc00000, 0x000000077fc00000, 0x000000077fe00000|  0%| F|  |TAMS 0x000000077fc00000, 0x000000077fc00000| Untracked 
|1023|0x000000077fe00000, 0x000000077fe00000, 0x0000000780000000|  0%| F|  |TAMS 0x000000077fe00000, 0x000000077fe00000| Untracked 
|1024|0x0000000780000000, 0x0000000780000000, 0x0000000780200000|  0%| F|  |TAMS 0x0000000780000000, 0x0000000780000000| Untracked 
|1025|0x0000000780200000, 0x0000000780200000, 0x0000000780400000|  0%| F|  |TAMS 0x0000000780200000, 0x0000000780200000| Untracked 
|1026|0x0000000780400000, 0x0000000780400000, 0x0000000780600000|  0%| F|  |TAMS 0x0000000780400000, 0x0000000780400000| Untracked 
|1027|0x0000000780600000, 0x0000000780600000, 0x0000000780800000|  0%| F|  |TAMS 0x0000000780600000, 0x0000000780600000| Untracked 
|1028|0x0000000780800000, 0x0000000780800000, 0x0000000780a00000|  0%| F|  |TAMS 0x0000000780800000, 0x0000000780800000| Untracked 
|1029|0x0000000780a00000, 0x0000000780a00000, 0x0000000780c00000|  0%| F|  |TAMS 0x0000000780a00000, 0x0000000780a00000| Untracked 
|1030|0x0000000780c00000, 0x0000000780c00000, 0x0000000780e00000|  0%| F|  |TAMS 0x0000000780c00000, 0x0000000780c00000| Untracked 
|1031|0x0000000780e00000, 0x0000000780e00000, 0x0000000781000000|  0%| F|  |TAMS 0x0000000780e00000, 0x0000000780e00000| Untracked 
|1032|0x0000000781000000, 0x0000000781000000, 0x0000000781200000|  0%| F|  |TAMS 0x0000000781000000, 0x0000000781000000| Untracked 
|1033|0x0000000781200000, 0x0000000781200000, 0x0000000781400000|  0%| F|  |TAMS 0x0000000781200000, 0x0000000781200000| Untracked 
|1034|0x0000000781400000, 0x0000000781400000, 0x0000000781600000|  0%| F|  |TAMS 0x0000000781400000, 0x0000000781400000| Untracked 
|1035|0x0000000781600000, 0x0000000781600000, 0x0000000781800000|  0%| F|  |TAMS 0x0000000781600000, 0x0000000781600000| Untracked 
|1036|0x0000000781800000, 0x0000000781800000, 0x0000000781a00000|  0%| F|  |TAMS 0x0000000781800000, 0x0000000781800000| Untracked 
|1037|0x0000000781a00000, 0x0000000781a00000, 0x0000000781c00000|  0%| F|  |TAMS 0x0000000781a00000, 0x0000000781a00000| Untracked 
|1038|0x0000000781c00000, 0x0000000781c00000, 0x0000000781e00000|  0%| F|  |TAMS 0x0000000781c00000, 0x0000000781c00000| Untracked 
|1039|0x0000000781e00000, 0x0000000781e00000, 0x0000000782000000|  0%| F|  |TAMS 0x0000000781e00000, 0x0000000781e00000| Untracked 
|1040|0x0000000782000000, 0x0000000782000000, 0x0000000782200000|  0%| F|  |TAMS 0x0000000782000000, 0x0000000782000000| Untracked 
|1041|0x0000000782200000, 0x0000000782200000, 0x0000000782400000|  0%| F|  |TAMS 0x0000000782200000, 0x0000000782200000| Untracked 
|1042|0x0000000782400000, 0x0000000782400000, 0x0000000782600000|  0%| F|  |TAMS 0x0000000782400000, 0x0000000782400000| Untracked 
|1043|0x0000000782600000, 0x0000000782600000, 0x0000000782800000|  0%| F|  |TAMS 0x0000000782600000, 0x0000000782600000| Untracked 
|1044|0x0000000782800000, 0x0000000782800000, 0x0000000782a00000|  0%| F|  |TAMS 0x0000000782800000, 0x0000000782800000| Untracked 
|1045|0x0000000782a00000, 0x0000000782a00000, 0x0000000782c00000|  0%| F|  |TAMS 0x0000000782a00000, 0x0000000782a00000| Untracked 
|1046|0x0000000782c00000, 0x0000000782c00000, 0x0000000782e00000|  0%| F|  |TAMS 0x0000000782c00000, 0x0000000782c00000| Untracked 
|1047|0x0000000782e00000, 0x0000000782e00000, 0x0000000783000000|  0%| F|  |TAMS 0x0000000782e00000, 0x0000000782e00000| Untracked 
|1048|0x0000000783000000, 0x0000000783000000, 0x0000000783200000|  0%| F|  |TAMS 0x0000000783000000, 0x0000000783000000| Untracked 
|1049|0x0000000783200000, 0x0000000783200000, 0x0000000783400000|  0%| F|  |TAMS 0x0000000783200000, 0x0000000783200000| Untracked 
|1050|0x0000000783400000, 0x0000000783400000, 0x0000000783600000|  0%| F|  |TAMS 0x0000000783400000, 0x0000000783400000| Untracked 
|1051|0x0000000783600000, 0x0000000783600000, 0x0000000783800000|  0%| F|  |TAMS 0x0000000783600000, 0x0000000783600000| Untracked 
|1052|0x0000000783800000, 0x0000000783800000, 0x0000000783a00000|  0%| F|  |TAMS 0x0000000783800000, 0x0000000783800000| Untracked 
|1053|0x0000000783a00000, 0x0000000783a00000, 0x0000000783c00000|  0%| F|  |TAMS 0x0000000783a00000, 0x0000000783a00000| Untracked 
|1054|0x0000000783c00000, 0x0000000783c00000, 0x0000000783e00000|  0%| F|  |TAMS 0x0000000783c00000, 0x0000000783c00000| Untracked 
|1055|0x0000000783e00000, 0x0000000783e00000, 0x0000000784000000|  0%| F|  |TAMS 0x0000000783e00000, 0x0000000783e00000| Untracked 
|1056|0x0000000784000000, 0x0000000784000000, 0x0000000784200000|  0%| F|  |TAMS 0x0000000784000000, 0x0000000784000000| Untracked 
|1057|0x0000000784200000, 0x0000000784200000, 0x0000000784400000|  0%| F|  |TAMS 0x0000000784200000, 0x0000000784200000| Untracked 
|1058|0x0000000784400000, 0x0000000784400000, 0x0000000784600000|  0%| F|  |TAMS 0x0000000784400000, 0x0000000784400000| Untracked 
|1059|0x0000000784600000, 0x0000000784600000, 0x0000000784800000|  0%| F|  |TAMS 0x0000000784600000, 0x0000000784600000| Untracked 
|1060|0x0000000784800000, 0x0000000784800000, 0x0000000784a00000|  0%| F|  |TAMS 0x0000000784800000, 0x0000000784800000| Untracked 
|1061|0x0000000784a00000, 0x0000000784a00000, 0x0000000784c00000|  0%| F|  |TAMS 0x0000000784a00000, 0x0000000784a00000| Untracked 
|1062|0x0000000784c00000, 0x0000000784c00000, 0x0000000784e00000|  0%| F|  |TAMS 0x0000000784c00000, 0x0000000784c00000| Untracked 
|1063|0x0000000784e00000, 0x0000000784e00000, 0x0000000785000000|  0%| F|  |TAMS 0x0000000784e00000, 0x0000000784e00000| Untracked 
|1064|0x0000000785000000, 0x0000000785000000, 0x0000000785200000|  0%| F|  |TAMS 0x0000000785000000, 0x0000000785000000| Untracked 
|1065|0x0000000785200000, 0x0000000785200000, 0x0000000785400000|  0%| F|  |TAMS 0x0000000785200000, 0x0000000785200000| Untracked 
|1066|0x0000000785400000, 0x0000000785400000, 0x0000000785600000|  0%| F|  |TAMS 0x0000000785400000, 0x0000000785400000| Untracked 
|1067|0x0000000785600000, 0x0000000785600000, 0x0000000785800000|  0%| F|  |TAMS 0x0000000785600000, 0x0000000785600000| Untracked 
|1068|0x0000000785800000, 0x0000000785800000, 0x0000000785a00000|  0%| F|  |TAMS 0x0000000785800000, 0x0000000785800000| Untracked 
|1069|0x0000000785a00000, 0x0000000785a00000, 0x0000000785c00000|  0%| F|  |TAMS 0x0000000785a00000, 0x0000000785a00000| Untracked 
|1070|0x0000000785c00000, 0x0000000785c00000, 0x0000000785e00000|  0%| F|  |TAMS 0x0000000785c00000, 0x0000000785c00000| Untracked 
|1071|0x0000000785e00000, 0x0000000785e00000, 0x0000000786000000|  0%| F|  |TAMS 0x0000000785e00000, 0x0000000785e00000| Untracked 
|1072|0x0000000786000000, 0x0000000786000000, 0x0000000786200000|  0%| F|  |TAMS 0x0000000786000000, 0x0000000786000000| Untracked 
|1073|0x0000000786200000, 0x0000000786200000, 0x0000000786400000|  0%| F|  |TAMS 0x0000000786200000, 0x0000000786200000| Untracked 
|1074|0x0000000786400000, 0x0000000786400000, 0x0000000786600000|  0%| F|  |TAMS 0x0000000786400000, 0x0000000786400000| Untracked 
|1075|0x0000000786600000, 0x0000000786600000, 0x0000000786800000|  0%| F|  |TAMS 0x0000000786600000, 0x0000000786600000| Untracked 
|1076|0x0000000786800000, 0x0000000786800000, 0x0000000786a00000|  0%| F|  |TAMS 0x0000000786800000, 0x0000000786800000| Untracked 
|1077|0x0000000786a00000, 0x0000000786a00000, 0x0000000786c00000|  0%| F|  |TAMS 0x0000000786a00000, 0x0000000786a00000| Untracked 
|1078|0x0000000786c00000, 0x0000000786c00000, 0x0000000786e00000|  0%| F|  |TAMS 0x0000000786c00000, 0x0000000786c00000| Untracked 
|1079|0x0000000786e00000, 0x0000000786e00000, 0x0000000787000000|  0%| F|  |TAMS 0x0000000786e00000, 0x0000000786e00000| Untracked 
|1080|0x0000000787000000, 0x0000000787000000, 0x0000000787200000|  0%| F|  |TAMS 0x0000000787000000, 0x0000000787000000| Untracked 
|1081|0x0000000787200000, 0x0000000787200000, 0x0000000787400000|  0%| F|  |TAMS 0x0000000787200000, 0x0000000787200000| Untracked 
|1082|0x0000000787400000, 0x0000000787400000, 0x0000000787600000|  0%| F|  |TAMS 0x0000000787400000, 0x0000000787400000| Untracked 
|1083|0x0000000787600000, 0x0000000787600000, 0x0000000787800000|  0%| F|  |TAMS 0x0000000787600000, 0x0000000787600000| Untracked 
|1084|0x0000000787800000, 0x0000000787800000, 0x0000000787a00000|  0%| F|  |TAMS 0x0000000787800000, 0x0000000787800000| Untracked 
|1085|0x0000000787a00000, 0x0000000787a00000, 0x0000000787c00000|  0%| F|  |TAMS 0x0000000787a00000, 0x0000000787a00000| Untracked 
|1086|0x0000000787c00000, 0x0000000787c00000, 0x0000000787e00000|  0%| F|  |TAMS 0x0000000787c00000, 0x0000000787c00000| Untracked 
|1087|0x0000000787e00000, 0x0000000787e00000, 0x0000000788000000|  0%| F|  |TAMS 0x0000000787e00000, 0x0000000787e00000| Untracked 
|1088|0x0000000788000000, 0x0000000788000000, 0x0000000788200000|  0%| F|  |TAMS 0x0000000788000000, 0x0000000788000000| Untracked 
|1089|0x0000000788200000, 0x0000000788200000, 0x0000000788400000|  0%| F|  |TAMS 0x0000000788200000, 0x0000000788200000| Untracked 
|1090|0x0000000788400000, 0x0000000788400000, 0x0000000788600000|  0%| F|  |TAMS 0x0000000788400000, 0x0000000788400000| Untracked 
|1091|0x0000000788600000, 0x0000000788600000, 0x0000000788800000|  0%| F|  |TAMS 0x0000000788600000, 0x0000000788600000| Untracked 
|1092|0x0000000788800000, 0x0000000788800000, 0x0000000788a00000|  0%| F|  |TAMS 0x0000000788800000, 0x0000000788800000| Untracked 
|1093|0x0000000788a00000, 0x0000000788a00000, 0x0000000788c00000|  0%| F|  |TAMS 0x0000000788a00000, 0x0000000788a00000| Untracked 
|1094|0x0000000788c00000, 0x0000000788c00000, 0x0000000788e00000|  0%| F|  |TAMS 0x0000000788c00000, 0x0000000788c00000| Untracked 
|1095|0x0000000788e00000, 0x0000000788e00000, 0x0000000789000000|  0%| F|  |TAMS 0x0000000788e00000, 0x0000000788e00000| Untracked 
|1096|0x0000000789000000, 0x0000000789000000, 0x0000000789200000|  0%| F|  |TAMS 0x0000000789000000, 0x0000000789000000| Untracked 
|1097|0x0000000789200000, 0x0000000789200000, 0x0000000789400000|  0%| F|  |TAMS 0x0000000789200000, 0x0000000789200000| Untracked 
|1098|0x0000000789400000, 0x0000000789400000, 0x0000000789600000|  0%| F|  |TAMS 0x0000000789400000, 0x0000000789400000| Untracked 
|1099|0x0000000789600000, 0x0000000789600000, 0x0000000789800000|  0%| F|  |TAMS 0x0000000789600000, 0x0000000789600000| Untracked 
|1100|0x0000000789800000, 0x0000000789800000, 0x0000000789a00000|  0%| F|  |TAMS 0x0000000789800000, 0x0000000789800000| Untracked 
|1101|0x0000000789a00000, 0x0000000789a00000, 0x0000000789c00000|  0%| F|  |TAMS 0x0000000789a00000, 0x0000000789a00000| Untracked 
|1102|0x0000000789c00000, 0x0000000789c00000, 0x0000000789e00000|  0%| F|  |TAMS 0x0000000789c00000, 0x0000000789c00000| Untracked 
|1103|0x0000000789e00000, 0x0000000789e00000, 0x000000078a000000|  0%| F|  |TAMS 0x0000000789e00000, 0x0000000789e00000| Untracked 
|1104|0x000000078a000000, 0x000000078a000000, 0x000000078a200000|  0%| F|  |TAMS 0x000000078a000000, 0x000000078a000000| Untracked 
|1105|0x000000078a200000, 0x000000078a200000, 0x000000078a400000|  0%| F|  |TAMS 0x000000078a200000, 0x000000078a200000| Untracked 
|1106|0x000000078a400000, 0x000000078a400000, 0x000000078a600000|  0%| F|  |TAMS 0x000000078a400000, 0x000000078a400000| Untracked 
|1107|0x000000078a600000, 0x000000078a600000, 0x000000078a800000|  0%| F|  |TAMS 0x000000078a600000, 0x000000078a600000| Untracked 
|1108|0x000000078a800000, 0x000000078a800000, 0x000000078aa00000|  0%| F|  |TAMS 0x000000078a800000, 0x000000078a800000| Untracked 
|1109|0x000000078aa00000, 0x000000078aa00000, 0x000000078ac00000|  0%| F|  |TAMS 0x000000078aa00000, 0x000000078aa00000| Untracked 
|1110|0x000000078ac00000, 0x000000078ac00000, 0x000000078ae00000|  0%| F|  |TAMS 0x000000078ac00000, 0x000000078ac00000| Untracked 
|1111|0x000000078ae00000, 0x000000078ae00000, 0x000000078b000000|  0%| F|  |TAMS 0x000000078ae00000, 0x000000078ae00000| Untracked 
|1112|0x000000078b000000, 0x000000078b000000, 0x000000078b200000|  0%| F|  |TAMS 0x000000078b000000, 0x000000078b000000| Untracked 
|1113|0x000000078b200000, 0x000000078b200000, 0x000000078b400000|  0%| F|  |TAMS 0x000000078b200000, 0x000000078b200000| Untracked 
|1114|0x000000078b400000, 0x000000078b400000, 0x000000078b600000|  0%| F|  |TAMS 0x000000078b400000, 0x000000078b400000| Untracked 
|1115|0x000000078b600000, 0x000000078b600000, 0x000000078b800000|  0%| F|  |TAMS 0x000000078b600000, 0x000000078b600000| Untracked 
|1116|0x000000078b800000, 0x000000078b800000, 0x000000078ba00000|  0%| F|  |TAMS 0x000000078b800000, 0x000000078b800000| Untracked 
|1117|0x000000078ba00000, 0x000000078ba00000, 0x000000078bc00000|  0%| F|  |TAMS 0x000000078ba00000, 0x000000078ba00000| Untracked 
|1118|0x000000078bc00000, 0x000000078bc00000, 0x000000078be00000|  0%| F|  |TAMS 0x000000078bc00000, 0x000000078bc00000| Untracked 
|1119|0x000000078be00000, 0x000000078be00000, 0x000000078c000000|  0%| F|  |TAMS 0x000000078be00000, 0x000000078be00000| Untracked 
|1120|0x000000078c000000, 0x000000078c000000, 0x000000078c200000|  0%| F|  |TAMS 0x000000078c000000, 0x000000078c000000| Untracked 
|1121|0x000000078c200000, 0x000000078c200000, 0x000000078c400000|  0%| F|  |TAMS 0x000000078c200000, 0x000000078c200000| Untracked 
|1122|0x000000078c400000, 0x000000078c400000, 0x000000078c600000|  0%| F|  |TAMS 0x000000078c400000, 0x000000078c400000| Untracked 
|1123|0x000000078c600000, 0x000000078c600000, 0x000000078c800000|  0%| F|  |TAMS 0x000000078c600000, 0x000000078c600000| Untracked 
|1124|0x000000078c800000, 0x000000078c800000, 0x000000078ca00000|  0%| F|  |TAMS 0x000000078c800000, 0x000000078c800000| Untracked 
|1125|0x000000078ca00000, 0x000000078ca00000, 0x000000078cc00000|  0%| F|  |TAMS 0x000000078ca00000, 0x000000078ca00000| Untracked 
|1126|0x000000078cc00000, 0x000000078cc00000, 0x000000078ce00000|  0%| F|  |TAMS 0x000000078cc00000, 0x000000078cc00000| Untracked 
|1127|0x000000078ce00000, 0x000000078ce00000, 0x000000078d000000|  0%| F|  |TAMS 0x000000078ce00000, 0x000000078ce00000| Untracked 
|1128|0x000000078d000000, 0x000000078d000000, 0x000000078d200000|  0%| F|  |TAMS 0x000000078d000000, 0x000000078d000000| Untracked 
|1129|0x000000078d200000, 0x000000078d200000, 0x000000078d400000|  0%| F|  |TAMS 0x000000078d200000, 0x000000078d200000| Untracked 
|1130|0x000000078d400000, 0x000000078d400000, 0x000000078d600000|  0%| F|  |TAMS 0x000000078d400000, 0x000000078d400000| Untracked 
|1131|0x000000078d600000, 0x000000078d600000, 0x000000078d800000|  0%| F|  |TAMS 0x000000078d600000, 0x000000078d600000| Untracked 
|1132|0x000000078d800000, 0x000000078d800000, 0x000000078da00000|  0%| F|  |TAMS 0x000000078d800000, 0x000000078d800000| Untracked 
|1133|0x000000078da00000, 0x000000078da00000, 0x000000078dc00000|  0%| F|  |TAMS 0x000000078da00000, 0x000000078da00000| Untracked 
|1134|0x000000078dc00000, 0x000000078dc00000, 0x000000078de00000|  0%| F|  |TAMS 0x000000078dc00000, 0x000000078dc00000| Untracked 
|1135|0x000000078de00000, 0x000000078de00000, 0x000000078e000000|  0%| F|  |TAMS 0x000000078de00000, 0x000000078de00000| Untracked 
|1136|0x000000078e000000, 0x000000078e000000, 0x000000078e200000|  0%| F|  |TAMS 0x000000078e000000, 0x000000078e000000| Untracked 
|1137|0x000000078e200000, 0x000000078e200000, 0x000000078e400000|  0%| F|  |TAMS 0x000000078e200000, 0x000000078e200000| Untracked 
|1138|0x000000078e400000, 0x000000078e400000, 0x000000078e600000|  0%| F|  |TAMS 0x000000078e400000, 0x000000078e400000| Untracked 
|1139|0x000000078e600000, 0x000000078e600000, 0x000000078e800000|  0%| F|  |TAMS 0x000000078e600000, 0x000000078e600000| Untracked 
|1140|0x000000078e800000, 0x000000078e800000, 0x000000078ea00000|  0%| F|  |TAMS 0x000000078e800000, 0x000000078e800000| Untracked 
|1141|0x000000078ea00000, 0x000000078ea00000, 0x000000078ec00000|  0%| F|  |TAMS 0x000000078ea00000, 0x000000078ea00000| Untracked 
|1142|0x000000078ec00000, 0x000000078ec00000, 0x000000078ee00000|  0%| F|  |TAMS 0x000000078ec00000, 0x000000078ec00000| Untracked 
|1143|0x000000078ee00000, 0x000000078ee00000, 0x000000078f000000|  0%| F|  |TAMS 0x000000078ee00000, 0x000000078ee00000| Untracked 
|1144|0x000000078f000000, 0x000000078f000000, 0x000000078f200000|  0%| F|  |TAMS 0x000000078f000000, 0x000000078f000000| Untracked 
|1145|0x000000078f200000, 0x000000078f200000, 0x000000078f400000|  0%| F|  |TAMS 0x000000078f200000, 0x000000078f200000| Untracked 
|1146|0x000000078f400000, 0x000000078f400000, 0x000000078f600000|  0%| F|  |TAMS 0x000000078f400000, 0x000000078f400000| Untracked 
|1147|0x000000078f600000, 0x000000078f600000, 0x000000078f800000|  0%| F|  |TAMS 0x000000078f600000, 0x000000078f600000| Untracked 
|1148|0x000000078f800000, 0x000000078f800000, 0x000000078fa00000|  0%| F|  |TAMS 0x000000078f800000, 0x000000078f800000| Untracked 
|1149|0x000000078fa00000, 0x000000078fa00000, 0x000000078fc00000|  0%| F|  |TAMS 0x000000078fa00000, 0x000000078fa00000| Untracked 
|1150|0x000000078fc00000, 0x000000078fc00000, 0x000000078fe00000|  0%| F|  |TAMS 0x000000078fc00000, 0x000000078fc00000| Untracked 
|1151|0x000000078fe00000, 0x000000078fe00000, 0x0000000790000000|  0%| F|  |TAMS 0x000000078fe00000, 0x000000078fe00000| Untracked 
|1152|0x0000000790000000, 0x0000000790000000, 0x0000000790200000|  0%| F|  |TAMS 0x0000000790000000, 0x0000000790000000| Untracked 
|1153|0x0000000790200000, 0x0000000790200000, 0x0000000790400000|  0%| F|  |TAMS 0x0000000790200000, 0x0000000790200000| Untracked 
|1154|0x0000000790400000, 0x0000000790400000, 0x0000000790600000|  0%| F|  |TAMS 0x0000000790400000, 0x0000000790400000| Untracked 
|1155|0x0000000790600000, 0x0000000790600000, 0x0000000790800000|  0%| F|  |TAMS 0x0000000790600000, 0x0000000790600000| Untracked 
|1156|0x0000000790800000, 0x0000000790800000, 0x0000000790a00000|  0%| F|  |TAMS 0x0000000790800000, 0x0000000790800000| Untracked 
|1157|0x0000000790a00000, 0x0000000790a00000, 0x0000000790c00000|  0%| F|  |TAMS 0x0000000790a00000, 0x0000000790a00000| Untracked 
|1158|0x0000000790c00000, 0x0000000790c00000, 0x0000000790e00000|  0%| F|  |TAMS 0x0000000790c00000, 0x0000000790c00000| Untracked 
|1159|0x0000000790e00000, 0x0000000790e00000, 0x0000000791000000|  0%| F|  |TAMS 0x0000000790e00000, 0x0000000790e00000| Untracked 
|1160|0x0000000791000000, 0x0000000791000000, 0x0000000791200000|  0%| F|  |TAMS 0x0000000791000000, 0x0000000791000000| Untracked 
|1161|0x0000000791200000, 0x0000000791200000, 0x0000000791400000|  0%| F|  |TAMS 0x0000000791200000, 0x0000000791200000| Untracked 
|1162|0x0000000791400000, 0x0000000791400000, 0x0000000791600000|  0%| F|  |TAMS 0x0000000791400000, 0x0000000791400000| Untracked 
|1163|0x0000000791600000, 0x0000000791600000, 0x0000000791800000|  0%| F|  |TAMS 0x0000000791600000, 0x0000000791600000| Untracked 
|1164|0x0000000791800000, 0x0000000791800000, 0x0000000791a00000|  0%| F|  |TAMS 0x0000000791800000, 0x0000000791800000| Untracked 
|1165|0x0000000791a00000, 0x0000000791a00000, 0x0000000791c00000|  0%| F|  |TAMS 0x0000000791a00000, 0x0000000791a00000| Untracked 
|1166|0x0000000791c00000, 0x0000000791c00000, 0x0000000791e00000|  0%| F|  |TAMS 0x0000000791c00000, 0x0000000791c00000| Untracked 
|1167|0x0000000791e00000, 0x0000000791e00000, 0x0000000792000000|  0%| F|  |TAMS 0x0000000791e00000, 0x0000000791e00000| Untracked 
|1168|0x0000000792000000, 0x0000000792000000, 0x0000000792200000|  0%| F|  |TAMS 0x0000000792000000, 0x0000000792000000| Untracked 
|1169|0x0000000792200000, 0x0000000792200000, 0x0000000792400000|  0%| F|  |TAMS 0x0000000792200000, 0x0000000792200000| Untracked 
|1170|0x0000000792400000, 0x0000000792400000, 0x0000000792600000|  0%| F|  |TAMS 0x0000000792400000, 0x0000000792400000| Untracked 
|1171|0x0000000792600000, 0x0000000792600000, 0x0000000792800000|  0%| F|  |TAMS 0x0000000792600000, 0x0000000792600000| Untracked 
|1172|0x0000000792800000, 0x0000000792800000, 0x0000000792a00000|  0%| F|  |TAMS 0x0000000792800000, 0x0000000792800000| Untracked 
|1173|0x0000000792a00000, 0x0000000792a00000, 0x0000000792c00000|  0%| F|  |TAMS 0x0000000792a00000, 0x0000000792a00000| Untracked 
|1174|0x0000000792c00000, 0x0000000792c00000, 0x0000000792e00000|  0%| F|  |TAMS 0x0000000792c00000, 0x0000000792c00000| Untracked 
|1175|0x0000000792e00000, 0x0000000792e00000, 0x0000000793000000|  0%| F|  |TAMS 0x0000000792e00000, 0x0000000792e00000| Untracked 
|1176|0x0000000793000000, 0x0000000793000000, 0x0000000793200000|  0%| F|  |TAMS 0x0000000793000000, 0x0000000793000000| Untracked 
|1177|0x0000000793200000, 0x0000000793200000, 0x0000000793400000|  0%| F|  |TAMS 0x0000000793200000, 0x0000000793200000| Untracked 
|1178|0x0000000793400000, 0x0000000793400000, 0x0000000793600000|  0%| F|  |TAMS 0x0000000793400000, 0x0000000793400000| Untracked 
|1179|0x0000000793600000, 0x0000000793600000, 0x0000000793800000|  0%| F|  |TAMS 0x0000000793600000, 0x0000000793600000| Untracked 
|1180|0x0000000793800000, 0x0000000793800000, 0x0000000793a00000|  0%| F|  |TAMS 0x0000000793800000, 0x0000000793800000| Untracked 
|1181|0x0000000793a00000, 0x0000000793a00000, 0x0000000793c00000|  0%| F|  |TAMS 0x0000000793a00000, 0x0000000793a00000| Untracked 
|1182|0x0000000793c00000, 0x0000000793c00000, 0x0000000793e00000|  0%| F|  |TAMS 0x0000000793c00000, 0x0000000793c00000| Untracked 
|1183|0x0000000793e00000, 0x0000000793e00000, 0x0000000794000000|  0%| F|  |TAMS 0x0000000793e00000, 0x0000000793e00000| Untracked 
|1184|0x0000000794000000, 0x0000000794000000, 0x0000000794200000|  0%| F|  |TAMS 0x0000000794000000, 0x0000000794000000| Untracked 
|1185|0x0000000794200000, 0x0000000794200000, 0x0000000794400000|  0%| F|  |TAMS 0x0000000794200000, 0x0000000794200000| Untracked 
|1186|0x0000000794400000, 0x0000000794400000, 0x0000000794600000|  0%| F|  |TAMS 0x0000000794400000, 0x0000000794400000| Untracked 
|1187|0x0000000794600000, 0x0000000794600000, 0x0000000794800000|  0%| F|  |TAMS 0x0000000794600000, 0x0000000794600000| Untracked 
|1188|0x0000000794800000, 0x0000000794800000, 0x0000000794a00000|  0%| F|  |TAMS 0x0000000794800000, 0x0000000794800000| Untracked 
|1189|0x0000000794a00000, 0x0000000794a00000, 0x0000000794c00000|  0%| F|  |TAMS 0x0000000794a00000, 0x0000000794a00000| Untracked 
|1190|0x0000000794c00000, 0x0000000794c00000, 0x0000000794e00000|  0%| F|  |TAMS 0x0000000794c00000, 0x0000000794c00000| Untracked 
|1191|0x0000000794e00000, 0x0000000794e00000, 0x0000000795000000|  0%| F|  |TAMS 0x0000000794e00000, 0x0000000794e00000| Untracked 
|1192|0x0000000795000000, 0x0000000795000000, 0x0000000795200000|  0%| F|  |TAMS 0x0000000795000000, 0x0000000795000000| Untracked 
|1193|0x0000000795200000, 0x0000000795200000, 0x0000000795400000|  0%| F|  |TAMS 0x0000000795200000, 0x0000000795200000| Untracked 
|1194|0x0000000795400000, 0x0000000795400000, 0x0000000795600000|  0%| F|  |TAMS 0x0000000795400000, 0x0000000795400000| Untracked 
|1195|0x0000000795600000, 0x0000000795600000, 0x0000000795800000|  0%| F|  |TAMS 0x0000000795600000, 0x0000000795600000| Untracked 
|1196|0x0000000795800000, 0x0000000795800000, 0x0000000795a00000|  0%| F|  |TAMS 0x0000000795800000, 0x0000000795800000| Untracked 
|1197|0x0000000795a00000, 0x0000000795a00000, 0x0000000795c00000|  0%| F|  |TAMS 0x0000000795a00000, 0x0000000795a00000| Untracked 
|1198|0x0000000795c00000, 0x0000000795c00000, 0x0000000795e00000|  0%| F|  |TAMS 0x0000000795c00000, 0x0000000795c00000| Untracked 
|1199|0x0000000795e00000, 0x0000000795e00000, 0x0000000796000000|  0%| F|  |TAMS 0x0000000795e00000, 0x0000000795e00000| Untracked 
|1200|0x0000000796000000, 0x0000000796000000, 0x0000000796200000|  0%| F|  |TAMS 0x0000000796000000, 0x0000000796000000| Untracked 
|1201|0x0000000796200000, 0x0000000796200000, 0x0000000796400000|  0%| F|  |TAMS 0x0000000796200000, 0x0000000796200000| Untracked 
|1202|0x0000000796400000, 0x0000000796400000, 0x0000000796600000|  0%| F|  |TAMS 0x0000000796400000, 0x0000000796400000| Untracked 
|1203|0x0000000796600000, 0x0000000796600000, 0x0000000796800000|  0%| F|  |TAMS 0x0000000796600000, 0x0000000796600000| Untracked 
|1204|0x0000000796800000, 0x0000000796800000, 0x0000000796a00000|  0%| F|  |TAMS 0x0000000796800000, 0x0000000796800000| Untracked 
|1205|0x0000000796a00000, 0x0000000796a00000, 0x0000000796c00000|  0%| F|  |TAMS 0x0000000796a00000, 0x0000000796a00000| Untracked 
|1206|0x0000000796c00000, 0x0000000796c00000, 0x0000000796e00000|  0%| F|  |TAMS 0x0000000796c00000, 0x0000000796c00000| Untracked 
|1207|0x0000000796e00000, 0x0000000796e00000, 0x0000000797000000|  0%| F|  |TAMS 0x0000000796e00000, 0x0000000796e00000| Untracked 
|1208|0x0000000797000000, 0x0000000797000000, 0x0000000797200000|  0%| F|  |TAMS 0x0000000797000000, 0x0000000797000000| Untracked 
|1209|0x0000000797200000, 0x0000000797200000, 0x0000000797400000|  0%| F|  |TAMS 0x0000000797200000, 0x0000000797200000| Untracked 
|1210|0x0000000797400000, 0x0000000797400000, 0x0000000797600000|  0%| F|  |TAMS 0x0000000797400000, 0x0000000797400000| Untracked 
|1211|0x0000000797600000, 0x0000000797600000, 0x0000000797800000|  0%| F|  |TAMS 0x0000000797600000, 0x0000000797600000| Untracked 
|1212|0x0000000797800000, 0x0000000797800000, 0x0000000797a00000|  0%| F|  |TAMS 0x0000000797800000, 0x0000000797800000| Untracked 
|1213|0x0000000797a00000, 0x0000000797a00000, 0x0000000797c00000|  0%| F|  |TAMS 0x0000000797a00000, 0x0000000797a00000| Untracked 
|1214|0x0000000797c00000, 0x0000000797c00000, 0x0000000797e00000|  0%| F|  |TAMS 0x0000000797c00000, 0x0000000797c00000| Untracked 
|1215|0x0000000797e00000, 0x0000000797e00000, 0x0000000798000000|  0%| F|  |TAMS 0x0000000797e00000, 0x0000000797e00000| Untracked 
|1216|0x0000000798000000, 0x0000000798000000, 0x0000000798200000|  0%| F|  |TAMS 0x0000000798000000, 0x0000000798000000| Untracked 
|1217|0x0000000798200000, 0x0000000798200000, 0x0000000798400000|  0%| F|  |TAMS 0x0000000798200000, 0x0000000798200000| Untracked 
|1218|0x0000000798400000, 0x0000000798400000, 0x0000000798600000|  0%| F|  |TAMS 0x0000000798400000, 0x0000000798400000| Untracked 
|1219|0x0000000798600000, 0x0000000798600000, 0x0000000798800000|  0%| F|  |TAMS 0x0000000798600000, 0x0000000798600000| Untracked 
|1220|0x0000000798800000, 0x0000000798800000, 0x0000000798a00000|  0%| F|  |TAMS 0x0000000798800000, 0x0000000798800000| Untracked 
|1221|0x0000000798a00000, 0x0000000798a00000, 0x0000000798c00000|  0%| F|  |TAMS 0x0000000798a00000, 0x0000000798a00000| Untracked 
|1222|0x0000000798c00000, 0x0000000798c00000, 0x0000000798e00000|  0%| F|  |TAMS 0x0000000798c00000, 0x0000000798c00000| Untracked 
|1223|0x0000000798e00000, 0x0000000798e00000, 0x0000000799000000|  0%| F|  |TAMS 0x0000000798e00000, 0x0000000798e00000| Untracked 
|1224|0x0000000799000000, 0x0000000799000000, 0x0000000799200000|  0%| F|  |TAMS 0x0000000799000000, 0x0000000799000000| Untracked 
|1225|0x0000000799200000, 0x0000000799200000, 0x0000000799400000|  0%| F|  |TAMS 0x0000000799200000, 0x0000000799200000| Untracked 
|1226|0x0000000799400000, 0x0000000799400000, 0x0000000799600000|  0%| F|  |TAMS 0x0000000799400000, 0x0000000799400000| Untracked 
|1227|0x0000000799600000, 0x0000000799600000, 0x0000000799800000|  0%| F|  |TAMS 0x0000000799600000, 0x0000000799600000| Untracked 
|1228|0x0000000799800000, 0x0000000799800000, 0x0000000799a00000|  0%| F|  |TAMS 0x0000000799800000, 0x0000000799800000| Untracked 
|1229|0x0000000799a00000, 0x0000000799a00000, 0x0000000799c00000|  0%| F|  |TAMS 0x0000000799a00000, 0x0000000799a00000| Untracked 
|1230|0x0000000799c00000, 0x0000000799c00000, 0x0000000799e00000|  0%| F|  |TAMS 0x0000000799c00000, 0x0000000799c00000| Untracked 
|1231|0x0000000799e00000, 0x0000000799e00000, 0x000000079a000000|  0%| F|  |TAMS 0x0000000799e00000, 0x0000000799e00000| Untracked 
|1232|0x000000079a000000, 0x000000079a000000, 0x000000079a200000|  0%| F|  |TAMS 0x000000079a000000, 0x000000079a000000| Untracked 
|1233|0x000000079a200000, 0x000000079a200000, 0x000000079a400000|  0%| F|  |TAMS 0x000000079a200000, 0x000000079a200000| Untracked 
|1234|0x000000079a400000, 0x000000079a400000, 0x000000079a600000|  0%| F|  |TAMS 0x000000079a400000, 0x000000079a400000| Untracked 
|1235|0x000000079a600000, 0x000000079a600000, 0x000000079a800000|  0%| F|  |TAMS 0x000000079a600000, 0x000000079a600000| Untracked 
|1236|0x000000079a800000, 0x000000079a800000, 0x000000079aa00000|  0%| F|  |TAMS 0x000000079a800000, 0x000000079a800000| Untracked 
|1237|0x000000079aa00000, 0x000000079aa00000, 0x000000079ac00000|  0%| F|  |TAMS 0x000000079aa00000, 0x000000079aa00000| Untracked 
|1238|0x000000079ac00000, 0x000000079ac00000, 0x000000079ae00000|  0%| F|  |TAMS 0x000000079ac00000, 0x000000079ac00000| Untracked 
|1239|0x000000079ae00000, 0x000000079ae00000, 0x000000079b000000|  0%| F|  |TAMS 0x000000079ae00000, 0x000000079ae00000| Untracked 
|1240|0x000000079b000000, 0x000000079b000000, 0x000000079b200000|  0%| F|  |TAMS 0x000000079b000000, 0x000000079b000000| Untracked 
|1241|0x000000079b200000, 0x000000079b200000, 0x000000079b400000|  0%| F|  |TAMS 0x000000079b200000, 0x000000079b200000| Untracked 
|1242|0x000000079b400000, 0x000000079b400000, 0x000000079b600000|  0%| F|  |TAMS 0x000000079b400000, 0x000000079b400000| Untracked 
|1243|0x000000079b600000, 0x000000079b600000, 0x000000079b800000|  0%| F|  |TAMS 0x000000079b600000, 0x000000079b600000| Untracked 
|1244|0x000000079b800000, 0x000000079b800000, 0x000000079ba00000|  0%| F|  |TAMS 0x000000079b800000, 0x000000079b800000| Untracked 
|1245|0x000000079ba00000, 0x000000079ba00000, 0x000000079bc00000|  0%| F|  |TAMS 0x000000079ba00000, 0x000000079ba00000| Untracked 
|1246|0x000000079bc00000, 0x000000079bc00000, 0x000000079be00000|  0%| F|  |TAMS 0x000000079bc00000, 0x000000079bc00000| Untracked 
|1247|0x000000079be00000, 0x000000079be00000, 0x000000079c000000|  0%| F|  |TAMS 0x000000079be00000, 0x000000079be00000| Untracked 
|1248|0x000000079c000000, 0x000000079c000000, 0x000000079c200000|  0%| F|  |TAMS 0x000000079c000000, 0x000000079c000000| Untracked 
|1249|0x000000079c200000, 0x000000079c200000, 0x000000079c400000|  0%| F|  |TAMS 0x000000079c200000, 0x000000079c200000| Untracked 
|1250|0x000000079c400000, 0x000000079c400000, 0x000000079c600000|  0%| F|  |TAMS 0x000000079c400000, 0x000000079c400000| Untracked 
|1251|0x000000079c600000, 0x000000079c600000, 0x000000079c800000|  0%| F|  |TAMS 0x000000079c600000, 0x000000079c600000| Untracked 
|1252|0x000000079c800000, 0x000000079c800000, 0x000000079ca00000|  0%| F|  |TAMS 0x000000079c800000, 0x000000079c800000| Untracked 
|1253|0x000000079ca00000, 0x000000079ca00000, 0x000000079cc00000|  0%| F|  |TAMS 0x000000079ca00000, 0x000000079ca00000| Untracked 
|1254|0x000000079cc00000, 0x000000079cc00000, 0x000000079ce00000|  0%| F|  |TAMS 0x000000079cc00000, 0x000000079cc00000| Untracked 
|1255|0x000000079ce00000, 0x000000079ce00000, 0x000000079d000000|  0%| F|  |TAMS 0x000000079ce00000, 0x000000079ce00000| Untracked 
|1256|0x000000079d000000, 0x000000079d000000, 0x000000079d200000|  0%| F|  |TAMS 0x000000079d000000, 0x000000079d000000| Untracked 
|1257|0x000000079d200000, 0x000000079d200000, 0x000000079d400000|  0%| F|  |TAMS 0x000000079d200000, 0x000000079d200000| Untracked 
|1258|0x000000079d400000, 0x000000079d400000, 0x000000079d600000|  0%| F|  |TAMS 0x000000079d400000, 0x000000079d400000| Untracked 
|1259|0x000000079d600000, 0x000000079d600000, 0x000000079d800000|  0%| F|  |TAMS 0x000000079d600000, 0x000000079d600000| Untracked 
|1260|0x000000079d800000, 0x000000079d800000, 0x000000079da00000|  0%| F|  |TAMS 0x000000079d800000, 0x000000079d800000| Untracked 
|1261|0x000000079da00000, 0x000000079da00000, 0x000000079dc00000|  0%| F|  |TAMS 0x000000079da00000, 0x000000079da00000| Untracked 
|1262|0x000000079dc00000, 0x000000079dc00000, 0x000000079de00000|  0%| F|  |TAMS 0x000000079dc00000, 0x000000079dc00000| Untracked 
|1263|0x000000079de00000, 0x000000079de00000, 0x000000079e000000|  0%| F|  |TAMS 0x000000079de00000, 0x000000079de00000| Untracked 
|1264|0x000000079e000000, 0x000000079e000000, 0x000000079e200000|  0%| F|  |TAMS 0x000000079e000000, 0x000000079e000000| Untracked 
|1265|0x000000079e200000, 0x000000079e200000, 0x000000079e400000|  0%| F|  |TAMS 0x000000079e200000, 0x000000079e200000| Untracked 
|1266|0x000000079e400000, 0x000000079e400000, 0x000000079e600000|  0%| F|  |TAMS 0x000000079e400000, 0x000000079e400000| Untracked 
|1267|0x000000079e600000, 0x000000079e600000, 0x000000079e800000|  0%| F|  |TAMS 0x000000079e600000, 0x000000079e600000| Untracked 
|1268|0x000000079e800000, 0x000000079e800000, 0x000000079ea00000|  0%| F|  |TAMS 0x000000079e800000, 0x000000079e800000| Untracked 
|1269|0x000000079ea00000, 0x000000079ea00000, 0x000000079ec00000|  0%| F|  |TAMS 0x000000079ea00000, 0x000000079ea00000| Untracked 
|1270|0x000000079ec00000, 0x000000079ec00000, 0x000000079ee00000|  0%| F|  |TAMS 0x000000079ec00000, 0x000000079ec00000| Untracked 
|1271|0x000000079ee00000, 0x000000079ee00000, 0x000000079f000000|  0%| F|  |TAMS 0x000000079ee00000, 0x000000079ee00000| Untracked 
|1272|0x000000079f000000, 0x000000079f000000, 0x000000079f200000|  0%| F|  |TAMS 0x000000079f000000, 0x000000079f000000| Untracked 
|1273|0x000000079f200000, 0x000000079f200000, 0x000000079f400000|  0%| F|  |TAMS 0x000000079f200000, 0x000000079f200000| Untracked 
|1274|0x000000079f400000, 0x000000079f400000, 0x000000079f600000|  0%| F|  |TAMS 0x000000079f400000, 0x000000079f400000| Untracked 
|1275|0x000000079f600000, 0x000000079f600000, 0x000000079f800000|  0%| F|  |TAMS 0x000000079f600000, 0x000000079f600000| Untracked 
|1276|0x000000079f800000, 0x000000079f800000, 0x000000079fa00000|  0%| F|  |TAMS 0x000000079f800000, 0x000000079f800000| Untracked 
|1277|0x000000079fa00000, 0x000000079fa00000, 0x000000079fc00000|  0%| F|  |TAMS 0x000000079fa00000, 0x000000079fa00000| Untracked 
|1278|0x000000079fc00000, 0x000000079fc00000, 0x000000079fe00000|  0%| F|  |TAMS 0x000000079fc00000, 0x000000079fc00000| Untracked 
|1279|0x000000079fe00000, 0x000000079fe00000, 0x00000007a0000000|  0%| F|  |TAMS 0x000000079fe00000, 0x000000079fe00000| Untracked 
|1280|0x00000007a0000000, 0x00000007a0000000, 0x00000007a0200000|  0%| F|  |TAMS 0x00000007a0000000, 0x00000007a0000000| Untracked 
|1281|0x00000007a0200000, 0x00000007a0200000, 0x00000007a0400000|  0%| F|  |TAMS 0x00000007a0200000, 0x00000007a0200000| Untracked 
|1282|0x00000007a0400000, 0x00000007a0400000, 0x00000007a0600000|  0%| F|  |TAMS 0x00000007a0400000, 0x00000007a0400000| Untracked 
|1283|0x00000007a0600000, 0x00000007a0600000, 0x00000007a0800000|  0%| F|  |TAMS 0x00000007a0600000, 0x00000007a0600000| Untracked 
|1284|0x00000007a0800000, 0x00000007a0800000, 0x00000007a0a00000|  0%| F|  |TAMS 0x00000007a0800000, 0x00000007a0800000| Untracked 
|1285|0x00000007a0a00000, 0x00000007a0a00000, 0x00000007a0c00000|  0%| F|  |TAMS 0x00000007a0a00000, 0x00000007a0a00000| Untracked 
|1286|0x00000007a0c00000, 0x00000007a0c00000, 0x00000007a0e00000|  0%| F|  |TAMS 0x00000007a0c00000, 0x00000007a0c00000| Untracked 
|1287|0x00000007a0e00000, 0x00000007a0e00000, 0x00000007a1000000|  0%| F|  |TAMS 0x00000007a0e00000, 0x00000007a0e00000| Untracked 
|1288|0x00000007a1000000, 0x00000007a1000000, 0x00000007a1200000|  0%| F|  |TAMS 0x00000007a1000000, 0x00000007a1000000| Untracked 
|1289|0x00000007a1200000, 0x00000007a1200000, 0x00000007a1400000|  0%| F|  |TAMS 0x00000007a1200000, 0x00000007a1200000| Untracked 
|1290|0x00000007a1400000, 0x00000007a1400000, 0x00000007a1600000|  0%| F|  |TAMS 0x00000007a1400000, 0x00000007a1400000| Untracked 
|1291|0x00000007a1600000, 0x00000007a1600000, 0x00000007a1800000|  0%| F|  |TAMS 0x00000007a1600000, 0x00000007a1600000| Untracked 
|1292|0x00000007a1800000, 0x00000007a1800000, 0x00000007a1a00000|  0%| F|  |TAMS 0x00000007a1800000, 0x00000007a1800000| Untracked 
|1293|0x00000007a1a00000, 0x00000007a1a00000, 0x00000007a1c00000|  0%| F|  |TAMS 0x00000007a1a00000, 0x00000007a1a00000| Untracked 
|1294|0x00000007a1c00000, 0x00000007a1c00000, 0x00000007a1e00000|  0%| F|  |TAMS 0x00000007a1c00000, 0x00000007a1c00000| Untracked 
|1295|0x00000007a1e00000, 0x00000007a1e00000, 0x00000007a2000000|  0%| F|  |TAMS 0x00000007a1e00000, 0x00000007a1e00000| Untracked 
|1296|0x00000007a2000000, 0x00000007a2000000, 0x00000007a2200000|  0%| F|  |TAMS 0x00000007a2000000, 0x00000007a2000000| Untracked 
|1297|0x00000007a2200000, 0x00000007a2200000, 0x00000007a2400000|  0%| F|  |TAMS 0x00000007a2200000, 0x00000007a2200000| Untracked 
|1298|0x00000007a2400000, 0x00000007a2400000, 0x00000007a2600000|  0%| F|  |TAMS 0x00000007a2400000, 0x00000007a2400000| Untracked 
|1299|0x00000007a2600000, 0x00000007a2600000, 0x00000007a2800000|  0%| F|  |TAMS 0x00000007a2600000, 0x00000007a2600000| Untracked 
|1300|0x00000007a2800000, 0x00000007a2800000, 0x00000007a2a00000|  0%| F|  |TAMS 0x00000007a2800000, 0x00000007a2800000| Untracked 
|1301|0x00000007a2a00000, 0x00000007a2a00000, 0x00000007a2c00000|  0%| F|  |TAMS 0x00000007a2a00000, 0x00000007a2a00000| Untracked 
|1302|0x00000007a2c00000, 0x00000007a2c00000, 0x00000007a2e00000|  0%| F|  |TAMS 0x00000007a2c00000, 0x00000007a2c00000| Untracked 
|1303|0x00000007a2e00000, 0x00000007a2e00000, 0x00000007a3000000|  0%| F|  |TAMS 0x00000007a2e00000, 0x00000007a2e00000| Untracked 
|1304|0x00000007a3000000, 0x00000007a3000000, 0x00000007a3200000|  0%| F|  |TAMS 0x00000007a3000000, 0x00000007a3000000| Untracked 
|1305|0x00000007a3200000, 0x00000007a3200000, 0x00000007a3400000|  0%| F|  |TAMS 0x00000007a3200000, 0x00000007a3200000| Untracked 
|1306|0x00000007a3400000, 0x00000007a3400000, 0x00000007a3600000|  0%| F|  |TAMS 0x00000007a3400000, 0x00000007a3400000| Untracked 
|1307|0x00000007a3600000, 0x00000007a3600000, 0x00000007a3800000|  0%| F|  |TAMS 0x00000007a3600000, 0x00000007a3600000| Untracked 
|1308|0x00000007a3800000, 0x00000007a3800000, 0x00000007a3a00000|  0%| F|  |TAMS 0x00000007a3800000, 0x00000007a3800000| Untracked 
|1309|0x00000007a3a00000, 0x00000007a3a00000, 0x00000007a3c00000|  0%| F|  |TAMS 0x00000007a3a00000, 0x00000007a3a00000| Untracked 
|1310|0x00000007a3c00000, 0x00000007a3c00000, 0x00000007a3e00000|  0%| F|  |TAMS 0x00000007a3c00000, 0x00000007a3c00000| Untracked 
|1311|0x00000007a3e00000, 0x00000007a3e00000, 0x00000007a4000000|  0%| F|  |TAMS 0x00000007a3e00000, 0x00000007a3e00000| Untracked 
|1312|0x00000007a4000000, 0x00000007a4000000, 0x00000007a4200000|  0%| F|  |TAMS 0x00000007a4000000, 0x00000007a4000000| Untracked 
|1313|0x00000007a4200000, 0x00000007a4200000, 0x00000007a4400000|  0%| F|  |TAMS 0x00000007a4200000, 0x00000007a4200000| Untracked 
|1314|0x00000007a4400000, 0x00000007a4400000, 0x00000007a4600000|  0%| F|  |TAMS 0x00000007a4400000, 0x00000007a4400000| Untracked 
|1315|0x00000007a4600000, 0x00000007a4600000, 0x00000007a4800000|  0%| F|  |TAMS 0x00000007a4600000, 0x00000007a4600000| Untracked 
|1316|0x00000007a4800000, 0x00000007a4800000, 0x00000007a4a00000|  0%| F|  |TAMS 0x00000007a4800000, 0x00000007a4800000| Untracked 
|1317|0x00000007a4a00000, 0x00000007a4a00000, 0x00000007a4c00000|  0%| F|  |TAMS 0x00000007a4a00000, 0x00000007a4a00000| Untracked 
|1318|0x00000007a4c00000, 0x00000007a4c00000, 0x00000007a4e00000|  0%| F|  |TAMS 0x00000007a4c00000, 0x00000007a4c00000| Untracked 
|1319|0x00000007a4e00000, 0x00000007a4e00000, 0x00000007a5000000|  0%| F|  |TAMS 0x00000007a4e00000, 0x00000007a4e00000| Untracked 
|1320|0x00000007a5000000, 0x00000007a5000000, 0x00000007a5200000|  0%| F|  |TAMS 0x00000007a5000000, 0x00000007a5000000| Untracked 
|1321|0x00000007a5200000, 0x00000007a5200000, 0x00000007a5400000|  0%| F|  |TAMS 0x00000007a5200000, 0x00000007a5200000| Untracked 
|1322|0x00000007a5400000, 0x00000007a5400000, 0x00000007a5600000|  0%| F|  |TAMS 0x00000007a5400000, 0x00000007a5400000| Untracked 
|1323|0x00000007a5600000, 0x00000007a5600000, 0x00000007a5800000|  0%| F|  |TAMS 0x00000007a5600000, 0x00000007a5600000| Untracked 
|1324|0x00000007a5800000, 0x00000007a5800000, 0x00000007a5a00000|  0%| F|  |TAMS 0x00000007a5800000, 0x00000007a5800000| Untracked 
|1325|0x00000007a5a00000, 0x00000007a5a00000, 0x00000007a5c00000|  0%| F|  |TAMS 0x00000007a5a00000, 0x00000007a5a00000| Untracked 
|1326|0x00000007a5c00000, 0x00000007a5c00000, 0x00000007a5e00000|  0%| F|  |TAMS 0x00000007a5c00000, 0x00000007a5c00000| Untracked 
|1327|0x00000007a5e00000, 0x00000007a5e00000, 0x00000007a6000000|  0%| F|  |TAMS 0x00000007a5e00000, 0x00000007a5e00000| Untracked 
|1328|0x00000007a6000000, 0x00000007a6000000, 0x00000007a6200000|  0%| F|  |TAMS 0x00000007a6000000, 0x00000007a6000000| Untracked 
|1329|0x00000007a6200000, 0x00000007a6200000, 0x00000007a6400000|  0%| F|  |TAMS 0x00000007a6200000, 0x00000007a6200000| Untracked 
|1330|0x00000007a6400000, 0x00000007a6400000, 0x00000007a6600000|  0%| F|  |TAMS 0x00000007a6400000, 0x00000007a6400000| Untracked 
|1331|0x00000007a6600000, 0x00000007a6600000, 0x00000007a6800000|  0%| F|  |TAMS 0x00000007a6600000, 0x00000007a6600000| Untracked 
|1332|0x00000007a6800000, 0x00000007a6800000, 0x00000007a6a00000|  0%| F|  |TAMS 0x00000007a6800000, 0x00000007a6800000| Untracked 
|1333|0x00000007a6a00000, 0x00000007a6a00000, 0x00000007a6c00000|  0%| F|  |TAMS 0x00000007a6a00000, 0x00000007a6a00000| Untracked 
|1334|0x00000007a6c00000, 0x00000007a6c00000, 0x00000007a6e00000|  0%| F|  |TAMS 0x00000007a6c00000, 0x00000007a6c00000| Untracked 
|1335|0x00000007a6e00000, 0x00000007a6e00000, 0x00000007a7000000|  0%| F|  |TAMS 0x00000007a6e00000, 0x00000007a6e00000| Untracked 
|1336|0x00000007a7000000, 0x00000007a7000000, 0x00000007a7200000|  0%| F|  |TAMS 0x00000007a7000000, 0x00000007a7000000| Untracked 
|1337|0x00000007a7200000, 0x00000007a7200000, 0x00000007a7400000|  0%| F|  |TAMS 0x00000007a7200000, 0x00000007a7200000| Untracked 
|1338|0x00000007a7400000, 0x00000007a7400000, 0x00000007a7600000|  0%| F|  |TAMS 0x00000007a7400000, 0x00000007a7400000| Untracked 
|1339|0x00000007a7600000, 0x00000007a7600000, 0x00000007a7800000|  0%| F|  |TAMS 0x00000007a7600000, 0x00000007a7600000| Untracked 
|1340|0x00000007a7800000, 0x00000007a7800000, 0x00000007a7a00000|  0%| F|  |TAMS 0x00000007a7800000, 0x00000007a7800000| Untracked 
|1341|0x00000007a7a00000, 0x00000007a7a00000, 0x00000007a7c00000|  0%| F|  |TAMS 0x00000007a7a00000, 0x00000007a7a00000| Untracked 
|1342|0x00000007a7c00000, 0x00000007a7c00000, 0x00000007a7e00000|  0%| F|  |TAMS 0x00000007a7c00000, 0x00000007a7c00000| Untracked 
|1343|0x00000007a7e00000, 0x00000007a7e00000, 0x00000007a8000000|  0%| F|  |TAMS 0x00000007a7e00000, 0x00000007a7e00000| Untracked 
|1344|0x00000007a8000000, 0x00000007a8000000, 0x00000007a8200000|  0%| F|  |TAMS 0x00000007a8000000, 0x00000007a8000000| Untracked 
|1345|0x00000007a8200000, 0x00000007a8200000, 0x00000007a8400000|  0%| F|  |TAMS 0x00000007a8200000, 0x00000007a8200000| Untracked 
|1346|0x00000007a8400000, 0x00000007a8400000, 0x00000007a8600000|  0%| F|  |TAMS 0x00000007a8400000, 0x00000007a8400000| Untracked 
|1347|0x00000007a8600000, 0x00000007a8800000, 0x00000007a8800000|100%| S|  |TAMS 0x00000007a8600000, 0x00000007a8600000| Complete 
|1348|0x00000007a8800000, 0x00000007a8a00000, 0x00000007a8a00000|100%| S|  |TAMS 0x00000007a8800000, 0x00000007a8800000| Complete 
|1349|0x00000007a8a00000, 0x00000007a8c00000, 0x00000007a8c00000|100%| S|  |TAMS 0x00000007a8a00000, 0x00000007a8a00000| Complete 
|1350|0x00000007a8c00000, 0x00000007a8e00000, 0x00000007a8e00000|100%| S|  |TAMS 0x00000007a8c00000, 0x00000007a8c00000| Complete 
|1351|0x00000007a8e00000, 0x00000007a9000000, 0x00000007a9000000|100%| S|  |TAMS 0x00000007a8e00000, 0x00000007a8e00000| Complete 
|1352|0x00000007a9000000, 0x00000007a9200000, 0x00000007a9200000|100%| S|  |TAMS 0x00000007a9000000, 0x00000007a9000000| Complete 
|1353|0x00000007a9200000, 0x00000007a9400000, 0x00000007a9400000|100%| S|  |TAMS 0x00000007a9200000, 0x00000007a9200000| Complete 
|1354|0x00000007a9400000, 0x00000007a9600000, 0x00000007a9600000|100%| E|CS|TAMS 0x00000007a9400000, 0x00000007a9400000| Complete 
|1355|0x00000007a9600000, 0x00000007a9800000, 0x00000007a9800000|100%| E|CS|TAMS 0x00000007a9600000, 0x00000007a9600000| Complete 
|1356|0x00000007a9800000, 0x00000007a9a00000, 0x00000007a9a00000|100%| E|CS|TAMS 0x00000007a9800000, 0x00000007a9800000| Complete 
|1357|0x00000007a9a00000, 0x00000007a9c00000, 0x00000007a9c00000|100%| E|CS|TAMS 0x00000007a9a00000, 0x00000007a9a00000| Complete 
|1358|0x00000007a9c00000, 0x00000007a9e00000, 0x00000007a9e00000|100%| E|CS|TAMS 0x00000007a9c00000, 0x00000007a9c00000| Complete 
|1359|0x00000007a9e00000, 0x00000007aa000000, 0x00000007aa000000|100%| E|CS|TAMS 0x00000007a9e00000, 0x00000007a9e00000| Complete 
|1360|0x00000007aa000000, 0x00000007aa200000, 0x00000007aa200000|100%| E|CS|TAMS 0x00000007aa000000, 0x00000007aa000000| Complete 
|1361|0x00000007aa200000, 0x00000007aa400000, 0x00000007aa400000|100%| E|CS|TAMS 0x00000007aa200000, 0x00000007aa200000| Complete 
|1362|0x00000007aa400000, 0x00000007aa600000, 0x00000007aa600000|100%| E|CS|TAMS 0x00000007aa400000, 0x00000007aa400000| Complete 
|1363|0x00000007aa600000, 0x00000007aa800000, 0x00000007aa800000|100%| E|CS|TAMS 0x00000007aa600000, 0x00000007aa600000| Complete 
|1364|0x00000007aa800000, 0x00000007aaa00000, 0x00000007aaa00000|100%| E|CS|TAMS 0x00000007aa800000, 0x00000007aa800000| Complete 
|1365|0x00000007aaa00000, 0x00000007aac00000, 0x00000007aac00000|100%| E|CS|TAMS 0x00000007aaa00000, 0x00000007aaa00000| Complete 
|1366|0x00000007aac00000, 0x00000007aae00000, 0x00000007aae00000|100%| E|CS|TAMS 0x00000007aac00000, 0x00000007aac00000| Complete 
|1367|0x00000007aae00000, 0x00000007ab000000, 0x00000007ab000000|100%| E|CS|TAMS 0x00000007aae00000, 0x00000007aae00000| Complete 
|1368|0x00000007ab000000, 0x00000007ab200000, 0x00000007ab200000|100%| E|CS|TAMS 0x00000007ab000000, 0x00000007ab000000| Complete 
|1369|0x00000007ab200000, 0x00000007ab400000, 0x00000007ab400000|100%| E|CS|TAMS 0x00000007ab200000, 0x00000007ab200000| Complete 
|1370|0x00000007ab400000, 0x00000007ab600000, 0x00000007ab600000|100%| E|CS|TAMS 0x00000007ab400000, 0x00000007ab400000| Complete 
|1371|0x00000007ab600000, 0x00000007ab800000, 0x00000007ab800000|100%| E|CS|TAMS 0x00000007ab600000, 0x00000007ab600000| Complete 
|1372|0x00000007ab800000, 0x00000007aba00000, 0x00000007aba00000|100%| E|CS|TAMS 0x00000007ab800000, 0x00000007ab800000| Complete 
|1373|0x00000007aba00000, 0x00000007abc00000, 0x00000007abc00000|100%| E|CS|TAMS 0x00000007aba00000, 0x00000007aba00000| Complete 
|1374|0x00000007abc00000, 0x00000007abe00000, 0x00000007abe00000|100%| E|CS|TAMS 0x00000007abc00000, 0x00000007abc00000| Complete 
|1375|0x00000007abe00000, 0x00000007ac000000, 0x00000007ac000000|100%| E|CS|TAMS 0x00000007abe00000, 0x00000007abe00000| Complete 
|1376|0x00000007ac000000, 0x00000007ac200000, 0x00000007ac200000|100%| E|CS|TAMS 0x00000007ac000000, 0x00000007ac000000| Complete 
|1377|0x00000007ac200000, 0x00000007ac400000, 0x00000007ac400000|100%| E|CS|TAMS 0x00000007ac200000, 0x00000007ac200000| Complete 
|1378|0x00000007ac400000, 0x00000007ac600000, 0x00000007ac600000|100%| E|CS|TAMS 0x00000007ac400000, 0x00000007ac400000| Complete 
|1379|0x00000007ac600000, 0x00000007ac800000, 0x00000007ac800000|100%| E|CS|TAMS 0x00000007ac600000, 0x00000007ac600000| Complete 
|1380|0x00000007ac800000, 0x00000007aca00000, 0x00000007aca00000|100%| E|CS|TAMS 0x00000007ac800000, 0x00000007ac800000| Complete 
|1381|0x00000007aca00000, 0x00000007acc00000, 0x00000007acc00000|100%| E|CS|TAMS 0x00000007aca00000, 0x00000007aca00000| Complete 
|1382|0x00000007acc00000, 0x00000007ace00000, 0x00000007ace00000|100%| E|CS|TAMS 0x00000007acc00000, 0x00000007acc00000| Complete 
|1383|0x00000007ace00000, 0x00000007ad000000, 0x00000007ad000000|100%| E|CS|TAMS 0x00000007ace00000, 0x00000007ace00000| Complete 
|1384|0x00000007ad000000, 0x00000007ad200000, 0x00000007ad200000|100%| E|CS|TAMS 0x00000007ad000000, 0x00000007ad000000| Complete 
|1385|0x00000007ad200000, 0x00000007ad400000, 0x00000007ad400000|100%| E|CS|TAMS 0x00000007ad200000, 0x00000007ad200000| Complete 
|1386|0x00000007ad400000, 0x00000007ad600000, 0x00000007ad600000|100%| E|CS|TAMS 0x00000007ad400000, 0x00000007ad400000| Complete 
|1387|0x00000007ad600000, 0x00000007ad800000, 0x00000007ad800000|100%| E|CS|TAMS 0x00000007ad600000, 0x00000007ad600000| Complete 
|1388|0x00000007ad800000, 0x00000007ada00000, 0x00000007ada00000|100%| E|CS|TAMS 0x00000007ad800000, 0x00000007ad800000| Complete 
|1389|0x00000007ada00000, 0x00000007adc00000, 0x00000007adc00000|100%| E|CS|TAMS 0x00000007ada00000, 0x00000007ada00000| Complete 
|1390|0x00000007adc00000, 0x00000007ade00000, 0x00000007ade00000|100%| E|CS|TAMS 0x00000007adc00000, 0x00000007adc00000| Complete 
|1391|0x00000007ade00000, 0x00000007ae000000, 0x00000007ae000000|100%| E|CS|TAMS 0x00000007ade00000, 0x00000007ade00000| Complete 
|1392|0x00000007ae000000, 0x00000007ae200000, 0x00000007ae200000|100%| E|CS|TAMS 0x00000007ae000000, 0x00000007ae000000| Complete 
|1393|0x00000007ae200000, 0x00000007ae400000, 0x00000007ae400000|100%| E|CS|TAMS 0x00000007ae200000, 0x00000007ae200000| Complete 
|1394|0x00000007ae400000, 0x00000007ae600000, 0x00000007ae600000|100%| E|CS|TAMS 0x00000007ae400000, 0x00000007ae400000| Complete 
|1395|0x00000007ae600000, 0x00000007ae800000, 0x00000007ae800000|100%| E|CS|TAMS 0x00000007ae600000, 0x00000007ae600000| Complete 
|1396|0x00000007ae800000, 0x00000007aea00000, 0x00000007aea00000|100%| E|CS|TAMS 0x00000007ae800000, 0x00000007ae800000| Complete 
|1397|0x00000007aea00000, 0x00000007aec00000, 0x00000007aec00000|100%| E|CS|TAMS 0x00000007aea00000, 0x00000007aea00000| Complete 
|1398|0x00000007aec00000, 0x00000007aee00000, 0x00000007aee00000|100%| E|CS|TAMS 0x00000007aec00000, 0x00000007aec00000| Complete 
|1399|0x00000007aee00000, 0x00000007af000000, 0x00000007af000000|100%| E|CS|TAMS 0x00000007aee00000, 0x00000007aee00000| Complete 
|1400|0x00000007af000000, 0x00000007af200000, 0x00000007af200000|100%| E|CS|TAMS 0x00000007af000000, 0x00000007af000000| Complete 
|1401|0x00000007af200000, 0x00000007af400000, 0x00000007af400000|100%| E|CS|TAMS 0x00000007af200000, 0x00000007af200000| Complete 
|1402|0x00000007af400000, 0x00000007af600000, 0x00000007af600000|100%| E|CS|TAMS 0x00000007af400000, 0x00000007af400000| Complete 
|1403|0x00000007af600000, 0x00000007af800000, 0x00000007af800000|100%| E|CS|TAMS 0x00000007af600000, 0x00000007af600000| Complete 
|1404|0x00000007af800000, 0x00000007afa00000, 0x00000007afa00000|100%| E|CS|TAMS 0x00000007af800000, 0x00000007af800000| Complete 
|1405|0x00000007afa00000, 0x00000007afc00000, 0x00000007afc00000|100%| E|CS|TAMS 0x00000007afa00000, 0x00000007afa00000| Complete 
|1406|0x00000007afc00000, 0x00000007afe00000, 0x00000007afe00000|100%| E|CS|TAMS 0x00000007afc00000, 0x00000007afc00000| Complete 
|1407|0x00000007afe00000, 0x00000007b0000000, 0x00000007b0000000|100%| E|CS|TAMS 0x00000007afe00000, 0x00000007afe00000| Complete 
|1408|0x00000007b0000000, 0x00000007b0200000, 0x00000007b0200000|100%| E|CS|TAMS 0x00000007b0000000, 0x00000007b0000000| Complete 
|1409|0x00000007b0200000, 0x00000007b0400000, 0x00000007b0400000|100%| E|CS|TAMS 0x00000007b0200000, 0x00000007b0200000| Complete 
|1410|0x00000007b0400000, 0x00000007b0600000, 0x00000007b0600000|100%| E|CS|TAMS 0x00000007b0400000, 0x00000007b0400000| Complete 
|1411|0x00000007b0600000, 0x00000007b0800000, 0x00000007b0800000|100%| E|CS|TAMS 0x00000007b0600000, 0x00000007b0600000| Complete 
|1412|0x00000007b0800000, 0x00000007b0a00000, 0x00000007b0a00000|100%| E|CS|TAMS 0x00000007b0800000, 0x00000007b0800000| Complete 
|1413|0x00000007b0a00000, 0x00000007b0c00000, 0x00000007b0c00000|100%| E|CS|TAMS 0x00000007b0a00000, 0x00000007b0a00000| Complete 
|1414|0x00000007b0c00000, 0x00000007b0e00000, 0x00000007b0e00000|100%| E|CS|TAMS 0x00000007b0c00000, 0x00000007b0c00000| Complete 
|1415|0x00000007b0e00000, 0x00000007b1000000, 0x00000007b1000000|100%| E|CS|TAMS 0x00000007b0e00000, 0x00000007b0e00000| Complete 
|1416|0x00000007b1000000, 0x00000007b1200000, 0x00000007b1200000|100%| E|CS|TAMS 0x00000007b1000000, 0x00000007b1000000| Complete 
|1417|0x00000007b1200000, 0x00000007b1400000, 0x00000007b1400000|100%| E|CS|TAMS 0x00000007b1200000, 0x00000007b1200000| Complete 
|1418|0x00000007b1400000, 0x00000007b1600000, 0x00000007b1600000|100%| E|CS|TAMS 0x00000007b1400000, 0x00000007b1400000| Complete 
|1419|0x00000007b1600000, 0x00000007b1800000, 0x00000007b1800000|100%| E|CS|TAMS 0x00000007b1600000, 0x00000007b1600000| Complete 
|1420|0x00000007b1800000, 0x00000007b1a00000, 0x00000007b1a00000|100%| E|CS|TAMS 0x00000007b1800000, 0x00000007b1800000| Complete 
|1421|0x00000007b1a00000, 0x00000007b1c00000, 0x00000007b1c00000|100%| E|CS|TAMS 0x00000007b1a00000, 0x00000007b1a00000| Complete 
|1422|0x00000007b1c00000, 0x00000007b1e00000, 0x00000007b1e00000|100%| E|CS|TAMS 0x00000007b1c00000, 0x00000007b1c00000| Complete 
|1423|0x00000007b1e00000, 0x00000007b2000000, 0x00000007b2000000|100%| E|CS|TAMS 0x00000007b1e00000, 0x00000007b1e00000| Complete 
|1424|0x00000007b2000000, 0x00000007b2200000, 0x00000007b2200000|100%| E|CS|TAMS 0x00000007b2000000, 0x00000007b2000000| Complete 
|1425|0x00000007b2200000, 0x00000007b2400000, 0x00000007b2400000|100%| E|CS|TAMS 0x00000007b2200000, 0x00000007b2200000| Complete 
|1426|0x00000007b2400000, 0x00000007b2600000, 0x00000007b2600000|100%| E|CS|TAMS 0x00000007b2400000, 0x00000007b2400000| Complete 
|1427|0x00000007b2600000, 0x00000007b2800000, 0x00000007b2800000|100%| E|CS|TAMS 0x00000007b2600000, 0x00000007b2600000| Complete 
|1428|0x00000007b2800000, 0x00000007b2a00000, 0x00000007b2a00000|100%| E|CS|TAMS 0x00000007b2800000, 0x00000007b2800000| Complete 
|1429|0x00000007b2a00000, 0x00000007b2c00000, 0x00000007b2c00000|100%| E|CS|TAMS 0x00000007b2a00000, 0x00000007b2a00000| Complete 
|1430|0x00000007b2c00000, 0x00000007b2e00000, 0x00000007b2e00000|100%| E|CS|TAMS 0x00000007b2c00000, 0x00000007b2c00000| Complete 
|1431|0x00000007b2e00000, 0x00000007b3000000, 0x00000007b3000000|100%| E|CS|TAMS 0x00000007b2e00000, 0x00000007b2e00000| Complete 
|1432|0x00000007b3000000, 0x00000007b3200000, 0x00000007b3200000|100%| E|CS|TAMS 0x00000007b3000000, 0x00000007b3000000| Complete 
|1433|0x00000007b3200000, 0x00000007b3400000, 0x00000007b3400000|100%| E|CS|TAMS 0x00000007b3200000, 0x00000007b3200000| Complete 
|1434|0x00000007b3400000, 0x00000007b3600000, 0x00000007b3600000|100%| E|CS|TAMS 0x00000007b3400000, 0x00000007b3400000| Complete 
|1435|0x00000007b3600000, 0x00000007b3800000, 0x00000007b3800000|100%| E|CS|TAMS 0x00000007b3600000, 0x00000007b3600000| Complete 
|1436|0x00000007b3800000, 0x00000007b3a00000, 0x00000007b3a00000|100%| E|CS|TAMS 0x00000007b3800000, 0x00000007b3800000| Complete 
|1437|0x00000007b3a00000, 0x00000007b3c00000, 0x00000007b3c00000|100%| E|CS|TAMS 0x00000007b3a00000, 0x00000007b3a00000| Complete 
|1438|0x00000007b3c00000, 0x00000007b3e00000, 0x00000007b3e00000|100%| E|CS|TAMS 0x00000007b3c00000, 0x00000007b3c00000| Complete 
|1439|0x00000007b3e00000, 0x00000007b4000000, 0x00000007b4000000|100%| E|CS|TAMS 0x00000007b3e00000, 0x00000007b3e00000| Complete 
|1440|0x00000007b4000000, 0x00000007b4200000, 0x00000007b4200000|100%| E|CS|TAMS 0x00000007b4000000, 0x00000007b4000000| Complete 
|1441|0x00000007b4200000, 0x00000007b4400000, 0x00000007b4400000|100%| E|CS|TAMS 0x00000007b4200000, 0x00000007b4200000| Complete 
|1442|0x00000007b4400000, 0x00000007b4600000, 0x00000007b4600000|100%| E|CS|TAMS 0x00000007b4400000, 0x00000007b4400000| Complete 
|1443|0x00000007b4600000, 0x00000007b4800000, 0x00000007b4800000|100%| E|CS|TAMS 0x00000007b4600000, 0x00000007b4600000| Complete 
|1444|0x00000007b4800000, 0x00000007b4a00000, 0x00000007b4a00000|100%| E|CS|TAMS 0x00000007b4800000, 0x00000007b4800000| Complete 
|1445|0x00000007b4a00000, 0x00000007b4c00000, 0x00000007b4c00000|100%| E|CS|TAMS 0x00000007b4a00000, 0x00000007b4a00000| Complete 
|1446|0x00000007b4c00000, 0x00000007b4e00000, 0x00000007b4e00000|100%| E|CS|TAMS 0x00000007b4c00000, 0x00000007b4c00000| Complete 
|1447|0x00000007b4e00000, 0x00000007b5000000, 0x00000007b5000000|100%| E|CS|TAMS 0x00000007b4e00000, 0x00000007b4e00000| Complete 
|1448|0x00000007b5000000, 0x00000007b5200000, 0x00000007b5200000|100%| E|CS|TAMS 0x00000007b5000000, 0x00000007b5000000| Complete 
|1449|0x00000007b5200000, 0x00000007b5400000, 0x00000007b5400000|100%| E|CS|TAMS 0x00000007b5200000, 0x00000007b5200000| Complete 
|1450|0x00000007b5400000, 0x00000007b5600000, 0x00000007b5600000|100%| E|CS|TAMS 0x00000007b5400000, 0x00000007b5400000| Complete 
|1451|0x00000007b5600000, 0x00000007b5800000, 0x00000007b5800000|100%| E|CS|TAMS 0x00000007b5600000, 0x00000007b5600000| Complete 
|1452|0x00000007b5800000, 0x00000007b5a00000, 0x00000007b5a00000|100%| E|CS|TAMS 0x00000007b5800000, 0x00000007b5800000| Complete 
|1453|0x00000007b5a00000, 0x00000007b5c00000, 0x00000007b5c00000|100%| E|CS|TAMS 0x00000007b5a00000, 0x00000007b5a00000| Complete 
|1454|0x00000007b5c00000, 0x00000007b5c6c440, 0x00000007b5e00000| 21%| E|CS|TAMS 0x00000007b5c00000, 0x00000007b5c00000| Complete 
|1455|0x00000007b5e00000, 0x00000007b6000000, 0x00000007b6000000|100%| E|CS|TAMS 0x00000007b5e00000, 0x00000007b5e00000| Complete 
|1456|0x00000007b6000000, 0x00000007b6200000, 0x00000007b6200000|100%| E|CS|TAMS 0x00000007b6000000, 0x00000007b6000000| Complete 
|1457|0x00000007b6200000, 0x00000007b6400000, 0x00000007b6400000|100%| E|CS|TAMS 0x00000007b6200000, 0x00000007b6200000| Complete 
|1458|0x00000007b6400000, 0x00000007b6600000, 0x00000007b6600000|100%| E|CS|TAMS 0x00000007b6400000, 0x00000007b6400000| Complete 
|1459|0x00000007b6600000, 0x00000007b6800000, 0x00000007b6800000|100%| E|CS|TAMS 0x00000007b6600000, 0x00000007b6600000| Complete 
|1460|0x00000007b6800000, 0x00000007b6a00000, 0x00000007b6a00000|100%| E|CS|TAMS 0x00000007b6800000, 0x00000007b6800000| Complete 
|1461|0x00000007b6a00000, 0x00000007b6c00000, 0x00000007b6c00000|100%| E|CS|TAMS 0x00000007b6a00000, 0x00000007b6a00000| Complete 
|1462|0x00000007b6c00000, 0x00000007b6e00000, 0x00000007b6e00000|100%| E|CS|TAMS 0x00000007b6c00000, 0x00000007b6c00000| Complete 
|1463|0x00000007b6e00000, 0x00000007b7000000, 0x00000007b7000000|100%| E|CS|TAMS 0x00000007b6e00000, 0x00000007b6e00000| Complete 
|1464|0x00000007b7000000, 0x00000007b7200000, 0x00000007b7200000|100%| E|CS|TAMS 0x00000007b7000000, 0x00000007b7000000| Complete 
|1465|0x00000007b7200000, 0x00000007b7400000, 0x00000007b7400000|100%| E|CS|TAMS 0x00000007b7200000, 0x00000007b7200000| Complete 
|1466|0x00000007b7400000, 0x00000007b7600000, 0x00000007b7600000|100%| E|CS|TAMS 0x00000007b7400000, 0x00000007b7400000| Complete 
|1467|0x00000007b7600000, 0x00000007b7800000, 0x00000007b7800000|100%| E|CS|TAMS 0x00000007b7600000, 0x00000007b7600000| Complete 
|1468|0x00000007b7800000, 0x00000007b7a00000, 0x00000007b7a00000|100%| E|CS|TAMS 0x00000007b7800000, 0x00000007b7800000| Complete 
|1469|0x00000007b7a00000, 0x00000007b7c00000, 0x00000007b7c00000|100%| E|CS|TAMS 0x00000007b7a00000, 0x00000007b7a00000| Complete 
|1470|0x00000007b7c00000, 0x00000007b7e00000, 0x00000007b7e00000|100%| E|CS|TAMS 0x00000007b7c00000, 0x00000007b7c00000| Complete 
|1471|0x00000007b7e00000, 0x00000007b8000000, 0x00000007b8000000|100%| E|CS|TAMS 0x00000007b7e00000, 0x00000007b7e00000| Complete 
|1472|0x00000007b8000000, 0x00000007b8200000, 0x00000007b8200000|100%| E|CS|TAMS 0x00000007b8000000, 0x00000007b8000000| Complete 
|1473|0x00000007b8200000, 0x00000007b8400000, 0x00000007b8400000|100%| E|CS|TAMS 0x00000007b8200000, 0x00000007b8200000| Complete 
|1474|0x00000007b8400000, 0x00000007b8600000, 0x00000007b8600000|100%| E|CS|TAMS 0x00000007b8400000, 0x00000007b8400000| Complete 
|1475|0x00000007b8600000, 0x00000007b8800000, 0x00000007b8800000|100%| E|CS|TAMS 0x00000007b8600000, 0x00000007b8600000| Complete 
|1476|0x00000007b8800000, 0x00000007b8a00000, 0x00000007b8a00000|100%| E|CS|TAMS 0x00000007b8800000, 0x00000007b8800000| Complete 
|1477|0x00000007b8a00000, 0x00000007b8c00000, 0x00000007b8c00000|100%| E|CS|TAMS 0x00000007b8a00000, 0x00000007b8a00000| Complete 
|1478|0x00000007b8c00000, 0x00000007b8e00000, 0x00000007b8e00000|100%| E|CS|TAMS 0x00000007b8c00000, 0x00000007b8c00000| Complete 
|1479|0x00000007b8e00000, 0x00000007b9000000, 0x00000007b9000000|100%| E|CS|TAMS 0x00000007b8e00000, 0x00000007b8e00000| Complete 
|1480|0x00000007b9000000, 0x00000007b9200000, 0x00000007b9200000|100%| E|CS|TAMS 0x00000007b9000000, 0x00000007b9000000| Complete 
|1481|0x00000007b9200000, 0x00000007b9400000, 0x00000007b9400000|100%| E|CS|TAMS 0x00000007b9200000, 0x00000007b9200000| Complete 
|1482|0x00000007b9400000, 0x00000007b9600000, 0x00000007b9600000|100%| E|CS|TAMS 0x00000007b9400000, 0x00000007b9400000| Complete 
|1483|0x00000007b9600000, 0x00000007b9800000, 0x00000007b9800000|100%| E|CS|TAMS 0x00000007b9600000, 0x00000007b9600000| Complete 
|1484|0x00000007b9800000, 0x00000007b9a00000, 0x00000007b9a00000|100%| E|CS|TAMS 0x00000007b9800000, 0x00000007b9800000| Complete 
|1485|0x00000007b9a00000, 0x00000007b9c00000, 0x00000007b9c00000|100%| E|CS|TAMS 0x00000007b9a00000, 0x00000007b9a00000| Complete 
|1486|0x00000007b9c00000, 0x00000007b9e00000, 0x00000007b9e00000|100%| E|CS|TAMS 0x00000007b9c00000, 0x00000007b9c00000| Complete 
|1487|0x00000007b9e00000, 0x00000007ba000000, 0x00000007ba000000|100%| E|CS|TAMS 0x00000007b9e00000, 0x00000007b9e00000| Complete 
|1488|0x00000007ba000000, 0x00000007ba200000, 0x00000007ba200000|100%| E|CS|TAMS 0x00000007ba000000, 0x00000007ba000000| Complete 
|1489|0x00000007ba200000, 0x00000007ba400000, 0x00000007ba400000|100%| E|CS|TAMS 0x00000007ba200000, 0x00000007ba200000| Complete 
|1490|0x00000007ba400000, 0x00000007ba600000, 0x00000007ba600000|100%| E|CS|TAMS 0x00000007ba400000, 0x00000007ba400000| Complete 
|1491|0x00000007ba600000, 0x00000007ba800000, 0x00000007ba800000|100%| E|CS|TAMS 0x00000007ba600000, 0x00000007ba600000| Complete 
|1492|0x00000007ba800000, 0x00000007baa00000, 0x00000007baa00000|100%| E|CS|TAMS 0x00000007ba800000, 0x00000007ba800000| Complete 
|1493|0x00000007baa00000, 0x00000007bac00000, 0x00000007bac00000|100%| E|CS|TAMS 0x00000007baa00000, 0x00000007baa00000| Complete 
|1494|0x00000007bac00000, 0x00000007bae00000, 0x00000007bae00000|100%| E|CS|TAMS 0x00000007bac00000, 0x00000007bac00000| Complete 
|1495|0x00000007bae00000, 0x00000007bb000000, 0x00000007bb000000|100%| E|CS|TAMS 0x00000007bae00000, 0x00000007bae00000| Complete 
|1496|0x00000007bb000000, 0x00000007bb200000, 0x00000007bb200000|100%| E|CS|TAMS 0x00000007bb000000, 0x00000007bb000000| Complete 
|1497|0x00000007bb200000, 0x00000007bb400000, 0x00000007bb400000|100%| E|CS|TAMS 0x00000007bb200000, 0x00000007bb200000| Complete 
|1498|0x00000007bb400000, 0x00000007bb600000, 0x00000007bb600000|100%| E|CS|TAMS 0x00000007bb400000, 0x00000007bb400000| Complete 
|1499|0x00000007bb600000, 0x00000007bb800000, 0x00000007bb800000|100%| E|CS|TAMS 0x00000007bb600000, 0x00000007bb600000| Complete 
|1500|0x00000007bb800000, 0x00000007bba00000, 0x00000007bba00000|100%| E|CS|TAMS 0x00000007bb800000, 0x00000007bb800000| Complete 
|1501|0x00000007bba00000, 0x00000007bbc00000, 0x00000007bbc00000|100%| E|CS|TAMS 0x00000007bba00000, 0x00000007bba00000| Complete 
|1502|0x00000007bbc00000, 0x00000007bbe00000, 0x00000007bbe00000|100%| E|CS|TAMS 0x00000007bbc00000, 0x00000007bbc00000| Complete 
|1503|0x00000007bbe00000, 0x00000007bc000000, 0x00000007bc000000|100%| E|CS|TAMS 0x00000007bbe00000, 0x00000007bbe00000| Complete 
|1504|0x00000007bc000000, 0x00000007bc200000, 0x00000007bc200000|100%| E|CS|TAMS 0x00000007bc000000, 0x00000007bc000000| Complete 
|1505|0x00000007bc200000, 0x00000007bc400000, 0x00000007bc400000|100%| E|CS|TAMS 0x00000007bc200000, 0x00000007bc200000| Complete 
|1506|0x00000007bc400000, 0x00000007bc600000, 0x00000007bc600000|100%| E|CS|TAMS 0x00000007bc400000, 0x00000007bc400000| Complete 
|1507|0x00000007bc600000, 0x00000007bc800000, 0x00000007bc800000|100%| E|CS|TAMS 0x00000007bc600000, 0x00000007bc600000| Complete 
|1508|0x00000007bc800000, 0x00000007bca00000, 0x00000007bca00000|100%| E|CS|TAMS 0x00000007bc800000, 0x00000007bc800000| Complete 
|1509|0x00000007bca00000, 0x00000007bcc00000, 0x00000007bcc00000|100%| E|CS|TAMS 0x00000007bca00000, 0x00000007bca00000| Complete 
|1510|0x00000007bcc00000, 0x00000007bce00000, 0x00000007bce00000|100%| E|CS|TAMS 0x00000007bcc00000, 0x00000007bcc00000| Complete 
|1511|0x00000007bce00000, 0x00000007bd000000, 0x00000007bd000000|100%| E|CS|TAMS 0x00000007bce00000, 0x00000007bce00000| Complete 
|1512|0x00000007bd000000, 0x00000007bd200000, 0x00000007bd200000|100%| E|CS|TAMS 0x00000007bd000000, 0x00000007bd000000| Complete 
|1513|0x00000007bd200000, 0x00000007bd400000, 0x00000007bd400000|100%| E|CS|TAMS 0x00000007bd200000, 0x00000007bd200000| Complete 
|1514|0x00000007bd400000, 0x00000007bd600000, 0x00000007bd600000|100%| E|CS|TAMS 0x00000007bd400000, 0x00000007bd400000| Complete 
|1515|0x00000007bd600000, 0x00000007bd800000, 0x00000007bd800000|100%| E|CS|TAMS 0x00000007bd600000, 0x00000007bd600000| Complete 
|1516|0x00000007bd800000, 0x00000007bda00000, 0x00000007bda00000|100%| E|CS|TAMS 0x00000007bd800000, 0x00000007bd800000| Complete 
|1517|0x00000007bda00000, 0x00000007bdc00000, 0x00000007bdc00000|100%| E|CS|TAMS 0x00000007bda00000, 0x00000007bda00000| Complete 
|1518|0x00000007bdc00000, 0x00000007bde00000, 0x00000007bde00000|100%| E|CS|TAMS 0x00000007bdc00000, 0x00000007bdc00000| Complete 
|1519|0x00000007bde00000, 0x00000007be000000, 0x00000007be000000|100%| E|CS|TAMS 0x00000007bde00000, 0x00000007bde00000| Complete 
|1520|0x00000007be000000, 0x00000007be200000, 0x00000007be200000|100%| E|CS|TAMS 0x00000007be000000, 0x00000007be000000| Complete 
|1521|0x00000007be200000, 0x00000007be400000, 0x00000007be400000|100%| E|CS|TAMS 0x00000007be200000, 0x00000007be200000| Complete 
|1522|0x00000007be400000, 0x00000007be600000, 0x00000007be600000|100%| E|CS|TAMS 0x00000007be400000, 0x00000007be400000| Complete 
|1523|0x00000007be600000, 0x00000007be800000, 0x00000007be800000|100%| E|CS|TAMS 0x00000007be600000, 0x00000007be600000| Complete 
|1524|0x00000007be800000, 0x00000007bea00000, 0x00000007bea00000|100%| E|CS|TAMS 0x00000007be800000, 0x00000007be800000| Complete 
|1525|0x00000007bea00000, 0x00000007bec00000, 0x00000007bec00000|100%| E|CS|TAMS 0x00000007bea00000, 0x00000007bea00000| Complete 
|1526|0x00000007bec00000, 0x00000007bee00000, 0x00000007bee00000|100%| E|CS|TAMS 0x00000007bec00000, 0x00000007bec00000| Complete 
|1527|0x00000007bee00000, 0x00000007bf000000, 0x00000007bf000000|100%| E|CS|TAMS 0x00000007bee00000, 0x00000007bee00000| Complete 
|1528|0x00000007bf000000, 0x00000007bf200000, 0x00000007bf200000|100%| E|CS|TAMS 0x00000007bf000000, 0x00000007bf000000| Complete 
|1529|0x00000007bf200000, 0x00000007bf400000, 0x00000007bf400000|100%| E|CS|TAMS 0x00000007bf200000, 0x00000007bf200000| Complete 
|1530|0x00000007bf400000, 0x00000007bf600000, 0x00000007bf600000|100%| E|CS|TAMS 0x00000007bf400000, 0x00000007bf400000| Complete 
|1531|0x00000007bf600000, 0x00000007bf800000, 0x00000007bf800000|100%| E|CS|TAMS 0x00000007bf600000, 0x00000007bf600000| Complete 
|1532|0x00000007bf800000, 0x00000007bfa00000, 0x00000007bfa00000|100%| E|CS|TAMS 0x00000007bf800000, 0x00000007bf800000| Complete 
|1533|0x00000007bfa00000, 0x00000007bfc00000, 0x00000007bfc00000|100%| E|CS|TAMS 0x00000007bfa00000, 0x00000007bfa00000| Complete 
|1534|0x00000007bfc00000, 0x00000007bfe00000, 0x00000007bfe00000|100%| E|CS|TAMS 0x00000007bfc00000, 0x00000007bfc00000| Complete 
|1535|0x00000007bfe00000, 0x00000007c0000000, 0x00000007c0000000|100%| E|CS|TAMS 0x00000007bfe00000, 0x00000007bfe00000| Complete 
|1536|0x00000007c0000000, 0x00000007c0200000, 0x00000007c0200000|100%| E|CS|TAMS 0x00000007c0000000, 0x00000007c0000000| Complete 
|1537|0x00000007c0200000, 0x00000007c0400000, 0x00000007c0400000|100%| E|CS|TAMS 0x00000007c0200000, 0x00000007c0200000| Complete 
|1538|0x00000007c0400000, 0x00000007c0600000, 0x00000007c0600000|100%| E|CS|TAMS 0x00000007c0400000, 0x00000007c0400000| Complete 
|1539|0x00000007c0600000, 0x00000007c0800000, 0x00000007c0800000|100%| E|CS|TAMS 0x00000007c0600000, 0x00000007c0600000| Complete 
|1540|0x00000007c0800000, 0x00000007c0a00000, 0x00000007c0a00000|100%| E|CS|TAMS 0x00000007c0800000, 0x00000007c0800000| Complete 
|1541|0x00000007c0a00000, 0x00000007c0c00000, 0x00000007c0c00000|100%| E|CS|TAMS 0x00000007c0a00000, 0x00000007c0a00000| Complete 
|1542|0x00000007c0c00000, 0x00000007c0e00000, 0x00000007c0e00000|100%| E|CS|TAMS 0x00000007c0c00000, 0x00000007c0c00000| Complete 
|1543|0x00000007c0e00000, 0x00000007c1000000, 0x00000007c1000000|100%| E|CS|TAMS 0x00000007c0e00000, 0x00000007c0e00000| Complete 
|1544|0x00000007c1000000, 0x00000007c1200000, 0x00000007c1200000|100%| E|CS|TAMS 0x00000007c1000000, 0x00000007c1000000| Complete 
|1545|0x00000007c1200000, 0x00000007c1400000, 0x00000007c1400000|100%| E|CS|TAMS 0x00000007c1200000, 0x00000007c1200000| Complete 
|1546|0x00000007c1400000, 0x00000007c1600000, 0x00000007c1600000|100%| E|CS|TAMS 0x00000007c1400000, 0x00000007c1400000| Complete 
|1547|0x00000007c1600000, 0x00000007c1800000, 0x00000007c1800000|100%| E|CS|TAMS 0x00000007c1600000, 0x00000007c1600000| Complete 
|1548|0x00000007c1800000, 0x00000007c1a00000, 0x00000007c1a00000|100%| E|CS|TAMS 0x00000007c1800000, 0x00000007c1800000| Complete 
|1549|0x00000007c1a00000, 0x00000007c1c00000, 0x00000007c1c00000|100%| E|CS|TAMS 0x00000007c1a00000, 0x00000007c1a00000| Complete 
|1550|0x00000007c1c00000, 0x00000007c1e00000, 0x00000007c1e00000|100%| E|CS|TAMS 0x00000007c1c00000, 0x00000007c1c00000| Complete 
|1551|0x00000007c1e00000, 0x00000007c2000000, 0x00000007c2000000|100%| E|CS|TAMS 0x00000007c1e00000, 0x00000007c1e00000| Complete 
|1552|0x00000007c2000000, 0x00000007c2200000, 0x00000007c2200000|100%| E|CS|TAMS 0x00000007c2000000, 0x00000007c2000000| Complete 
|1553|0x00000007c2200000, 0x00000007c2400000, 0x00000007c2400000|100%| E|CS|TAMS 0x00000007c2200000, 0x00000007c2200000| Complete 
|1554|0x00000007c2400000, 0x00000007c2600000, 0x00000007c2600000|100%| E|CS|TAMS 0x00000007c2400000, 0x00000007c2400000| Complete 
|1555|0x00000007c2600000, 0x00000007c2800000, 0x00000007c2800000|100%| E|CS|TAMS 0x00000007c2600000, 0x00000007c2600000| Complete 
|1556|0x00000007c2800000, 0x00000007c2a00000, 0x00000007c2a00000|100%| E|CS|TAMS 0x00000007c2800000, 0x00000007c2800000| Complete 
|1557|0x00000007c2a00000, 0x00000007c2c00000, 0x00000007c2c00000|100%| E|CS|TAMS 0x00000007c2a00000, 0x00000007c2a00000| Complete 
|1558|0x00000007c2c00000, 0x00000007c2e00000, 0x00000007c2e00000|100%| E|CS|TAMS 0x00000007c2c00000, 0x00000007c2c00000| Complete 
|1559|0x00000007c2e00000, 0x00000007c3000000, 0x00000007c3000000|100%| E|CS|TAMS 0x00000007c2e00000, 0x00000007c2e00000| Complete 
|1560|0x00000007c3000000, 0x00000007c3200000, 0x00000007c3200000|100%| E|CS|TAMS 0x00000007c3000000, 0x00000007c3000000| Complete 
|1561|0x00000007c3200000, 0x00000007c3400000, 0x00000007c3400000|100%| E|CS|TAMS 0x00000007c3200000, 0x00000007c3200000| Complete 
|1562|0x00000007c3400000, 0x00000007c3600000, 0x00000007c3600000|100%| E|CS|TAMS 0x00000007c3400000, 0x00000007c3400000| Complete 
|1563|0x00000007c3600000, 0x00000007c3800000, 0x00000007c3800000|100%| E|CS|TAMS 0x00000007c3600000, 0x00000007c3600000| Complete 
|1564|0x00000007c3800000, 0x00000007c3a00000, 0x00000007c3a00000|100%| E|CS|TAMS 0x00000007c3800000, 0x00000007c3800000| Complete 
|1565|0x00000007c3a00000, 0x00000007c3c00000, 0x00000007c3c00000|100%| E|CS|TAMS 0x00000007c3a00000, 0x00000007c3a00000| Complete 
|1566|0x00000007c3c00000, 0x00000007c3e00000, 0x00000007c3e00000|100%| E|CS|TAMS 0x00000007c3c00000, 0x00000007c3c00000| Complete 
|1567|0x00000007c3e00000, 0x00000007c4000000, 0x00000007c4000000|100%| E|CS|TAMS 0x00000007c3e00000, 0x00000007c3e00000| Complete 
|1568|0x00000007c4000000, 0x00000007c4200000, 0x00000007c4200000|100%| E|CS|TAMS 0x00000007c4000000, 0x00000007c4000000| Complete 
|1569|0x00000007c4200000, 0x00000007c4400000, 0x00000007c4400000|100%| E|CS|TAMS 0x00000007c4200000, 0x00000007c4200000| Complete 
|1570|0x00000007c4400000, 0x00000007c4600000, 0x00000007c4600000|100%| E|CS|TAMS 0x00000007c4400000, 0x00000007c4400000| Complete 
|1571|0x00000007c4600000, 0x00000007c4800000, 0x00000007c4800000|100%| E|CS|TAMS 0x00000007c4600000, 0x00000007c4600000| Complete 
|1572|0x00000007c4800000, 0x00000007c4a00000, 0x00000007c4a00000|100%| E|CS|TAMS 0x00000007c4800000, 0x00000007c4800000| Complete 
|1573|0x00000007c4a00000, 0x00000007c4c00000, 0x00000007c4c00000|100%| E|CS|TAMS 0x00000007c4a00000, 0x00000007c4a00000| Complete 
|1574|0x00000007c4c00000, 0x00000007c4e00000, 0x00000007c4e00000|100%| E|CS|TAMS 0x00000007c4c00000, 0x00000007c4c00000| Complete 
|1575|0x00000007c4e00000, 0x00000007c5000000, 0x00000007c5000000|100%| E|CS|TAMS 0x00000007c4e00000, 0x00000007c4e00000| Complete 
|1576|0x00000007c5000000, 0x00000007c5200000, 0x00000007c5200000|100%| E|CS|TAMS 0x00000007c5000000, 0x00000007c5000000| Complete 
|1577|0x00000007c5200000, 0x00000007c5400000, 0x00000007c5400000|100%| E|CS|TAMS 0x00000007c5200000, 0x00000007c5200000| Complete 
|1578|0x00000007c5400000, 0x00000007c5600000, 0x00000007c5600000|100%| E|CS|TAMS 0x00000007c5400000, 0x00000007c5400000| Complete 
|1579|0x00000007c5600000, 0x00000007c5800000, 0x00000007c5800000|100%| E|CS|TAMS 0x00000007c5600000, 0x00000007c5600000| Complete 
|1580|0x00000007c5800000, 0x00000007c5a00000, 0x00000007c5a00000|100%| E|CS|TAMS 0x00000007c5800000, 0x00000007c5800000| Complete 
|1581|0x00000007c5a00000, 0x00000007c5c00000, 0x00000007c5c00000|100%| E|CS|TAMS 0x00000007c5a00000, 0x00000007c5a00000| Complete 
|1582|0x00000007c5c00000, 0x00000007c5e00000, 0x00000007c5e00000|100%| E|CS|TAMS 0x00000007c5c00000, 0x00000007c5c00000| Complete 
|1583|0x00000007c5e00000, 0x00000007c6000000, 0x00000007c6000000|100%| E|CS|TAMS 0x00000007c5e00000, 0x00000007c5e00000| Complete 
|1584|0x00000007c6000000, 0x00000007c6200000, 0x00000007c6200000|100%| E|CS|TAMS 0x00000007c6000000, 0x00000007c6000000| Complete 
|1585|0x00000007c6200000, 0x00000007c6400000, 0x00000007c6400000|100%| E|CS|TAMS 0x00000007c6200000, 0x00000007c6200000| Complete 
|1586|0x00000007c6400000, 0x00000007c6600000, 0x00000007c6600000|100%| E|CS|TAMS 0x00000007c6400000, 0x00000007c6400000| Complete 
|1587|0x00000007c6600000, 0x00000007c6800000, 0x00000007c6800000|100%| E|CS|TAMS 0x00000007c6600000, 0x00000007c6600000| Complete 
|1588|0x00000007c6800000, 0x00000007c6a00000, 0x00000007c6a00000|100%| E|CS|TAMS 0x00000007c6800000, 0x00000007c6800000| Complete 
|1589|0x00000007c6a00000, 0x00000007c6c00000, 0x00000007c6c00000|100%| E|CS|TAMS 0x00000007c6a00000, 0x00000007c6a00000| Complete 
|1590|0x00000007c6c00000, 0x00000007c6e00000, 0x00000007c6e00000|100%| E|CS|TAMS 0x00000007c6c00000, 0x00000007c6c00000| Complete 
|1591|0x00000007c6e00000, 0x00000007c7000000, 0x00000007c7000000|100%| E|CS|TAMS 0x00000007c6e00000, 0x00000007c6e00000| Complete 
|1592|0x00000007c7000000, 0x00000007c7200000, 0x00000007c7200000|100%| E|CS|TAMS 0x00000007c7000000, 0x00000007c7000000| Complete 
|1593|0x00000007c7200000, 0x00000007c7400000, 0x00000007c7400000|100%| E|CS|TAMS 0x00000007c7200000, 0x00000007c7200000| Complete 
|1594|0x00000007c7400000, 0x00000007c7600000, 0x00000007c7600000|100%| E|CS|TAMS 0x00000007c7400000, 0x00000007c7400000| Complete 
|1595|0x00000007c7600000, 0x00000007c7800000, 0x00000007c7800000|100%| E|CS|TAMS 0x00000007c7600000, 0x00000007c7600000| Complete 
|1596|0x00000007c7800000, 0x00000007c7a00000, 0x00000007c7a00000|100%| E|CS|TAMS 0x00000007c7800000, 0x00000007c7800000| Complete 
|1597|0x00000007c7a00000, 0x00000007c7c00000, 0x00000007c7c00000|100%| E|CS|TAMS 0x00000007c7a00000, 0x00000007c7a00000| Complete 
|1598|0x00000007c7c00000, 0x00000007c7e00000, 0x00000007c7e00000|100%| E|CS|TAMS 0x00000007c7c00000, 0x00000007c7c00000| Complete 
|1599|0x00000007c7e00000, 0x00000007c8000000, 0x00000007c8000000|100%| E|CS|TAMS 0x00000007c7e00000, 0x00000007c7e00000| Complete 
|1600|0x00000007c8000000, 0x00000007c8200000, 0x00000007c8200000|100%| E|CS|TAMS 0x00000007c8000000, 0x00000007c8000000| Complete 
|1601|0x00000007c8200000, 0x00000007c8400000, 0x00000007c8400000|100%| E|CS|TAMS 0x00000007c8200000, 0x00000007c8200000| Complete 
|1602|0x00000007c8400000, 0x00000007c8600000, 0x00000007c8600000|100%| E|CS|TAMS 0x00000007c8400000, 0x00000007c8400000| Complete 
|1603|0x00000007c8600000, 0x00000007c8800000, 0x00000007c8800000|100%| E|CS|TAMS 0x00000007c8600000, 0x00000007c8600000| Complete 
|1604|0x00000007c8800000, 0x00000007c8a00000, 0x00000007c8a00000|100%| E|CS|TAMS 0x00000007c8800000, 0x00000007c8800000| Complete 
|1605|0x00000007c8a00000, 0x00000007c8c00000, 0x00000007c8c00000|100%| E|CS|TAMS 0x00000007c8a00000, 0x00000007c8a00000| Complete 
|1606|0x00000007c8c00000, 0x00000007c8e00000, 0x00000007c8e00000|100%| E|CS|TAMS 0x00000007c8c00000, 0x00000007c8c00000| Complete 
|1607|0x00000007c8e00000, 0x00000007c9000000, 0x00000007c9000000|100%| E|CS|TAMS 0x00000007c8e00000, 0x00000007c8e00000| Complete 
|1608|0x00000007c9000000, 0x00000007c9200000, 0x00000007c9200000|100%| E|CS|TAMS 0x00000007c9000000, 0x00000007c9000000| Complete 
|1609|0x00000007c9200000, 0x00000007c9400000, 0x00000007c9400000|100%| E|CS|TAMS 0x00000007c9200000, 0x00000007c9200000| Complete 
|1610|0x00000007c9400000, 0x00000007c9600000, 0x00000007c9600000|100%| E|CS|TAMS 0x00000007c9400000, 0x00000007c9400000| Complete 
|1611|0x00000007c9600000, 0x00000007c9800000, 0x00000007c9800000|100%| E|CS|TAMS 0x00000007c9600000, 0x00000007c9600000| Complete 
|1612|0x00000007c9800000, 0x00000007c9a00000, 0x00000007c9a00000|100%| E|CS|TAMS 0x00000007c9800000, 0x00000007c9800000| Complete 
|1613|0x00000007c9a00000, 0x00000007c9c00000, 0x00000007c9c00000|100%| E|CS|TAMS 0x00000007c9a00000, 0x00000007c9a00000| Complete 
|1614|0x00000007c9c00000, 0x00000007c9e00000, 0x00000007c9e00000|100%| E|CS|TAMS 0x00000007c9c00000, 0x00000007c9c00000| Complete 
|1615|0x00000007c9e00000, 0x00000007ca000000, 0x00000007ca000000|100%| E|CS|TAMS 0x00000007c9e00000, 0x00000007c9e00000| Complete 
|1616|0x00000007ca000000, 0x00000007ca200000, 0x00000007ca200000|100%| E|CS|TAMS 0x00000007ca000000, 0x00000007ca000000| Complete 
|1617|0x00000007ca200000, 0x00000007ca400000, 0x00000007ca400000|100%| E|CS|TAMS 0x00000007ca200000, 0x00000007ca200000| Complete 
|1618|0x00000007ca400000, 0x00000007ca600000, 0x00000007ca600000|100%| E|CS|TAMS 0x00000007ca400000, 0x00000007ca400000| Complete 
|1619|0x00000007ca600000, 0x00000007ca800000, 0x00000007ca800000|100%| E|CS|TAMS 0x00000007ca600000, 0x00000007ca600000| Complete 
|1620|0x00000007ca800000, 0x00000007caa00000, 0x00000007caa00000|100%| E|CS|TAMS 0x00000007ca800000, 0x00000007ca800000| Complete 
|1621|0x00000007caa00000, 0x00000007cac00000, 0x00000007cac00000|100%| E|CS|TAMS 0x00000007caa00000, 0x00000007caa00000| Complete 
|1622|0x00000007cac00000, 0x00000007cae00000, 0x00000007cae00000|100%| E|CS|TAMS 0x00000007cac00000, 0x00000007cac00000| Complete 
|1623|0x00000007cae00000, 0x00000007cb000000, 0x00000007cb000000|100%| E|CS|TAMS 0x00000007cae00000, 0x00000007cae00000| Complete 
|1624|0x00000007cb000000, 0x00000007cb200000, 0x00000007cb200000|100%| E|CS|TAMS 0x00000007cb000000, 0x00000007cb000000| Complete 
|1625|0x00000007cb200000, 0x00000007cb400000, 0x00000007cb400000|100%| E|CS|TAMS 0x00000007cb200000, 0x00000007cb200000| Complete 
|1626|0x00000007cb400000, 0x00000007cb600000, 0x00000007cb600000|100%| E|CS|TAMS 0x00000007cb400000, 0x00000007cb400000| Complete 
|1627|0x00000007cb600000, 0x00000007cb800000, 0x00000007cb800000|100%| E|CS|TAMS 0x00000007cb600000, 0x00000007cb600000| Complete 
|1628|0x00000007cb800000, 0x00000007cba00000, 0x00000007cba00000|100%| E|CS|TAMS 0x00000007cb800000, 0x00000007cb800000| Complete 
|1629|0x00000007cba00000, 0x00000007cbc00000, 0x00000007cbc00000|100%| E|CS|TAMS 0x00000007cba00000, 0x00000007cba00000| Complete 
|1630|0x00000007cbc00000, 0x00000007cbe00000, 0x00000007cbe00000|100%| E|CS|TAMS 0x00000007cbc00000, 0x00000007cbc00000| Complete 
|1631|0x00000007cbe00000, 0x00000007cc000000, 0x00000007cc000000|100%| E|CS|TAMS 0x00000007cbe00000, 0x00000007cbe00000| Complete 
|1632|0x00000007cc000000, 0x00000007cc200000, 0x00000007cc200000|100%| E|CS|TAMS 0x00000007cc000000, 0x00000007cc000000| Complete 
|1633|0x00000007cc200000, 0x00000007cc400000, 0x00000007cc400000|100%| E|CS|TAMS 0x00000007cc200000, 0x00000007cc200000| Complete 
|1634|0x00000007cc400000, 0x00000007cc600000, 0x00000007cc600000|100%| E|CS|TAMS 0x00000007cc400000, 0x00000007cc400000| Complete 
|1635|0x00000007cc600000, 0x00000007cc800000, 0x00000007cc800000|100%| E|CS|TAMS 0x00000007cc600000, 0x00000007cc600000| Complete 
|1636|0x00000007cc800000, 0x00000007cca00000, 0x00000007cca00000|100%| E|CS|TAMS 0x00000007cc800000, 0x00000007cc800000| Complete 
|1637|0x00000007cca00000, 0x00000007ccc00000, 0x00000007ccc00000|100%| E|CS|TAMS 0x00000007cca00000, 0x00000007cca00000| Complete 
|1638|0x00000007ccc00000, 0x00000007cce00000, 0x00000007cce00000|100%| E|CS|TAMS 0x00000007ccc00000, 0x00000007ccc00000| Complete 
|1639|0x00000007cce00000, 0x00000007cd000000, 0x00000007cd000000|100%| E|CS|TAMS 0x00000007cce00000, 0x00000007cce00000| Complete 
|1640|0x00000007cd000000, 0x00000007cd200000, 0x00000007cd200000|100%| E|CS|TAMS 0x00000007cd000000, 0x00000007cd000000| Complete 
|1641|0x00000007cd200000, 0x00000007cd400000, 0x00000007cd400000|100%| E|CS|TAMS 0x00000007cd200000, 0x00000007cd200000| Complete 
|1642|0x00000007cd400000, 0x00000007cd600000, 0x00000007cd600000|100%| E|CS|TAMS 0x00000007cd400000, 0x00000007cd400000| Complete 
|1643|0x00000007cd600000, 0x00000007cd800000, 0x00000007cd800000|100%| E|CS|TAMS 0x00000007cd600000, 0x00000007cd600000| Complete 
|1644|0x00000007cd800000, 0x00000007cda00000, 0x00000007cda00000|100%| E|CS|TAMS 0x00000007cd800000, 0x00000007cd800000| Complete 
|1645|0x00000007cda00000, 0x00000007cdc00000, 0x00000007cdc00000|100%| E|CS|TAMS 0x00000007cda00000, 0x00000007cda00000| Complete 
|1646|0x00000007cdc00000, 0x00000007cde00000, 0x00000007cde00000|100%| E|CS|TAMS 0x00000007cdc00000, 0x00000007cdc00000| Complete 
|1647|0x00000007cde00000, 0x00000007ce000000, 0x00000007ce000000|100%| E|CS|TAMS 0x00000007cde00000, 0x00000007cde00000| Complete 
|1648|0x00000007ce000000, 0x00000007ce200000, 0x00000007ce200000|100%| E|CS|TAMS 0x00000007ce000000, 0x00000007ce000000| Complete 
|1649|0x00000007ce200000, 0x00000007ce400000, 0x00000007ce400000|100%| E|CS|TAMS 0x00000007ce200000, 0x00000007ce200000| Complete 
|1650|0x00000007ce400000, 0x00000007ce600000, 0x00000007ce600000|100%| E|CS|TAMS 0x00000007ce400000, 0x00000007ce400000| Complete 
|1651|0x00000007ce600000, 0x00000007ce800000, 0x00000007ce800000|100%| E|CS|TAMS 0x00000007ce600000, 0x00000007ce600000| Complete 
|1652|0x00000007ce800000, 0x00000007cea00000, 0x00000007cea00000|100%| E|CS|TAMS 0x00000007ce800000, 0x00000007ce800000| Complete 
|1653|0x00000007cea00000, 0x00000007cec00000, 0x00000007cec00000|100%| E|CS|TAMS 0x00000007cea00000, 0x00000007cea00000| Complete 
|1654|0x00000007cec00000, 0x00000007cee00000, 0x00000007cee00000|100%| E|CS|TAMS 0x00000007cec00000, 0x00000007cec00000| Complete 
|1655|0x00000007cee00000, 0x00000007cf000000, 0x00000007cf000000|100%| E|CS|TAMS 0x00000007cee00000, 0x00000007cee00000| Complete 
|1656|0x00000007cf000000, 0x00000007cf200000, 0x00000007cf200000|100%| E|CS|TAMS 0x00000007cf000000, 0x00000007cf000000| Complete 
|1657|0x00000007cf200000, 0x00000007cf400000, 0x00000007cf400000|100%| E|CS|TAMS 0x00000007cf200000, 0x00000007cf200000| Complete 
|1658|0x00000007cf400000, 0x00000007cf600000, 0x00000007cf600000|100%| E|CS|TAMS 0x00000007cf400000, 0x00000007cf400000| Complete 
|1659|0x00000007cf600000, 0x00000007cf800000, 0x00000007cf800000|100%| E|CS|TAMS 0x00000007cf600000, 0x00000007cf600000| Complete 
|1660|0x00000007cf800000, 0x00000007cfa00000, 0x00000007cfa00000|100%| E|CS|TAMS 0x00000007cf800000, 0x00000007cf800000| Complete 
|1661|0x00000007cfa00000, 0x00000007cfc00000, 0x00000007cfc00000|100%| E|CS|TAMS 0x00000007cfa00000, 0x00000007cfa00000| Complete 
|1662|0x00000007cfc00000, 0x00000007cfe00000, 0x00000007cfe00000|100%| E|CS|TAMS 0x00000007cfc00000, 0x00000007cfc00000| Complete 
|1663|0x00000007cfe00000, 0x00000007d0000000, 0x00000007d0000000|100%| E|CS|TAMS 0x00000007cfe00000, 0x00000007cfe00000| Complete 
|1664|0x00000007d0000000, 0x00000007d0200000, 0x00000007d0200000|100%| E|CS|TAMS 0x00000007d0000000, 0x00000007d0000000| Complete 
|1665|0x00000007d0200000, 0x00000007d0400000, 0x00000007d0400000|100%| E|CS|TAMS 0x00000007d0200000, 0x00000007d0200000| Complete 
|1666|0x00000007d0400000, 0x00000007d0600000, 0x00000007d0600000|100%| E|CS|TAMS 0x00000007d0400000, 0x00000007d0400000| Complete 
|1667|0x00000007d0600000, 0x00000007d0800000, 0x00000007d0800000|100%| E|CS|TAMS 0x00000007d0600000, 0x00000007d0600000| Complete 
|1668|0x00000007d0800000, 0x00000007d0a00000, 0x00000007d0a00000|100%| E|CS|TAMS 0x00000007d0800000, 0x00000007d0800000| Complete 
|1669|0x00000007d0a00000, 0x00000007d0c00000, 0x00000007d0c00000|100%| E|CS|TAMS 0x00000007d0a00000, 0x00000007d0a00000| Complete 
|1670|0x00000007d0c00000, 0x00000007d0e00000, 0x00000007d0e00000|100%| E|CS|TAMS 0x00000007d0c00000, 0x00000007d0c00000| Complete 
|1671|0x00000007d0e00000, 0x00000007d1000000, 0x00000007d1000000|100%| E|CS|TAMS 0x00000007d0e00000, 0x00000007d0e00000| Complete 
|1672|0x00000007d1000000, 0x00000007d1200000, 0x00000007d1200000|100%| E|CS|TAMS 0x00000007d1000000, 0x00000007d1000000| Complete 
|1673|0x00000007d1200000, 0x00000007d1400000, 0x00000007d1400000|100%| E|CS|TAMS 0x00000007d1200000, 0x00000007d1200000| Complete 
|1674|0x00000007d1400000, 0x00000007d1600000, 0x00000007d1600000|100%| E|CS|TAMS 0x00000007d1400000, 0x00000007d1400000| Complete 
|1675|0x00000007d1600000, 0x00000007d1800000, 0x00000007d1800000|100%| E|CS|TAMS 0x00000007d1600000, 0x00000007d1600000| Complete 
|1676|0x00000007d1800000, 0x00000007d1a00000, 0x00000007d1a00000|100%| E|CS|TAMS 0x00000007d1800000, 0x00000007d1800000| Complete 
|1677|0x00000007d1a00000, 0x00000007d1c00000, 0x00000007d1c00000|100%| E|CS|TAMS 0x00000007d1a00000, 0x00000007d1a00000| Complete 
|1678|0x00000007d1c00000, 0x00000007d1e00000, 0x00000007d1e00000|100%| E|CS|TAMS 0x00000007d1c00000, 0x00000007d1c00000| Complete 
|1679|0x00000007d1e00000, 0x00000007d2000000, 0x00000007d2000000|100%| E|CS|TAMS 0x00000007d1e00000, 0x00000007d1e00000| Complete 
|1680|0x00000007d2000000, 0x00000007d2200000, 0x00000007d2200000|100%| E|CS|TAMS 0x00000007d2000000, 0x00000007d2000000| Complete 
|1681|0x00000007d2200000, 0x00000007d2400000, 0x00000007d2400000|100%| E|CS|TAMS 0x00000007d2200000, 0x00000007d2200000| Complete 
|1682|0x00000007d2400000, 0x00000007d2600000, 0x00000007d2600000|100%| E|CS|TAMS 0x00000007d2400000, 0x00000007d2400000| Complete 
|1683|0x00000007d2600000, 0x00000007d2800000, 0x00000007d2800000|100%| E|CS|TAMS 0x00000007d2600000, 0x00000007d2600000| Complete 
|1684|0x00000007d2800000, 0x00000007d2a00000, 0x00000007d2a00000|100%| E|CS|TAMS 0x00000007d2800000, 0x00000007d2800000| Complete 
|1685|0x00000007d2a00000, 0x00000007d2c00000, 0x00000007d2c00000|100%| E|CS|TAMS 0x00000007d2a00000, 0x00000007d2a00000| Complete 
|1686|0x00000007d2c00000, 0x00000007d2e00000, 0x00000007d2e00000|100%| E|CS|TAMS 0x00000007d2c00000, 0x00000007d2c00000| Complete 
|1687|0x00000007d2e00000, 0x00000007d3000000, 0x00000007d3000000|100%| E|CS|TAMS 0x00000007d2e00000, 0x00000007d2e00000| Complete 
|1688|0x00000007d3000000, 0x00000007d3200000, 0x00000007d3200000|100%| E|CS|TAMS 0x00000007d3000000, 0x00000007d3000000| Complete 
|1689|0x00000007d3200000, 0x00000007d3400000, 0x00000007d3400000|100%| E|CS|TAMS 0x00000007d3200000, 0x00000007d3200000| Complete 
|1690|0x00000007d3400000, 0x00000007d3600000, 0x00000007d3600000|100%| E|CS|TAMS 0x00000007d3400000, 0x00000007d3400000| Complete 
|1691|0x00000007d3600000, 0x00000007d3800000, 0x00000007d3800000|100%| E|CS|TAMS 0x00000007d3600000, 0x00000007d3600000| Complete 
|2046|0x00000007ffc00000, 0x00000007ffe00000, 0x00000007ffe00000|100%| O|  |TAMS 0x00000007ffe00000, 0x00000007ffc00000| Untracked 
|2047|0x00000007ffe00000, 0x0000000800000000, 0x0000000800000000|100%| O|  |TAMS 0x0000000800000000, 0x00000007ffe00000| Untracked 

Card table byte_map: [0x000001eff47d0000,0x000001eff4fd0000] _byte_map_base: 0x000001eff0fd0000

Marking Bits (Prev, Next): (CMBitMap*) 0x000001efe1848070, (CMBitMap*) 0x000001efe1848030
 Prev Bits: [0x000001eff97d0000, 0x000001effd7d0000)
 Next Bits: [0x000001eff57d0000, 0x000001eff97d0000)

Polling page: 0x000001efdf970000

Metaspace:

Usage:
  Non-class:    222.41 MB used.
      Class:     32.75 MB used.
       Both:    255.16 MB used.

Virtual space:
  Non-class space:      256.00 MB reserved,     223.25 MB ( 87%) committed,  4 nodes.
      Class space:        1.00 GB reserved,      33.44 MB (  3%) committed,  1 nodes.
             Both:        1.25 GB reserved,     256.69 MB ( 20%) committed. 

Chunk freelists:
   Non-Class:  32.38 MB
       Class:  14.50 MB
        Both:  46.88 MB

MaxMetaspaceSize: unlimited
CompressedClassSpaceSize: 1.00 GB
Initial GC threshold: 21.00 MB
Current GC threshold: 481.88 MB
CDS: on
MetaspaceReclaimPolicy: balanced
 - commit_granule_bytes: 65536.
 - commit_granule_words: 8192.
 - virtual_space_node_default_size: 8388608.
 - enlarge_chunks_in_place: 1.
 - new_chunks_are_fully_committed: 0.
 - uncommit_free_chunks: 1.
 - use_allocation_guard: 0.
 - handle_deallocations: 1.


Internal statistics:

num_allocs_failed_limit: 15.
num_arena_births: 3218.
num_arena_deaths: 696.
num_vsnodes_births: 5.
num_vsnodes_deaths: 0.
num_space_committed: 6011.
num_space_uncommitted: 1908.
num_chunks_returned_to_freelist: 6017.
num_chunks_taken_from_freelist: 19709.
num_chunk_merges: 2345.
num_chunk_splits: 13833.
num_chunks_enlarged: 10566.
num_inconsistent_stats: 0.

CodeHeap 'non-profiled nmethods': size=120064Kb used=40139Kb max_used=40534Kb free=79924Kb
 bounds [0x000001efeca90000, 0x000001efef240000, 0x000001eff3fd0000]
CodeHeap 'profiled nmethods': size=120000Kb used=96889Kb max_used=109956Kb free=23111Kb
 bounds [0x000001efe4fd0000, 0x000001efebb40000, 0x000001efec500000]
CodeHeap 'non-nmethods': size=5696Kb used=2959Kb max_used=3011Kb free=2736Kb
 bounds [0x000001efec500000, 0x000001efec810000, 0x000001efeca90000]
 total_blobs=41403 nmethods=39843 adapters=1466
 compilation: enabled
              stopped_count=0, restarted_count=0
 full_count=0

Compilation events (20 events):
Event: 3916.291 Thread 0x000001efff995230 90004       2       com.android.tools.r8.internal.w7::<init> (102 bytes)
Event: 3916.292 Thread 0x000001efff995230 nmethod 90004 0x000001efe8b0af10 code [0x000001efe8b0b0c0, 0x000001efe8b0b398]
Event: 3916.359 Thread 0x000001efff995230 90005       2       com.android.tools.r8.internal.c2::a (4 bytes)
Event: 3916.359 Thread 0x000001efff995230 nmethod 90005 0x000001efe7718f10 code [0x000001efe77190a0, 0x000001efe77191b8]
Event: 3916.392 Thread 0x000001efff995230 90007       2       com.android.tools.r8.internal.bn0::s (5 bytes)
Event: 3916.392 Thread 0x000001efff995230 nmethod 90007 0x000001efe79d8810 code [0x000001efe79d89a0, 0x000001efe79d8af8]
Event: 3916.523 Thread 0x000001efff995230 90009       2       com.android.tools.r8.internal.Im0::d (30 bytes)
Event: 3916.523 Thread 0x000001efff995230 nmethod 90009 0x000001efe782fd10 code [0x000001efe782fec0, 0x000001efe78300c8]
Event: 3916.578 Thread 0x000001efff995230 90010       2       com.android.tools.r8.internal.jX::a (29 bytes)
Event: 3916.579 Thread 0x000001efff995230 nmethod 90010 0x000001efe8d8db10 code [0x000001efe8d8dcc0, 0x000001efe8d8de98]
Event: 3916.609 Thread 0x000001efff995230 90011       2       com.android.tools.r8.internal.mq0::a (93 bytes)
Event: 3916.610 Thread 0x000001efff995230 nmethod 90011 0x000001efe98b6e90 code [0x000001efe98b7080, 0x000001efe98b72d8]
Event: 3916.627 Thread 0x000001efff995230 90012       2       com.android.tools.r8.internal.mq0$$Lambda$8877/0x000001ef82419aa0::test (8 bytes)
Event: 3916.627 Thread 0x000001efff995230 nmethod 90012 0x000001efe80fb210 code [0x000001efe80fb3c0, 0x000001efe80fb548]
Event: 3916.666 Thread 0x000001efff995230 90013  s    2       com.android.tools.r8.internal.m20::d (17 bytes)
Event: 3916.666 Thread 0x000001efff995230 nmethod 90013 0x000001efe8dedf10 code [0x000001efe8dee0c0, 0x000001efe8dee288]
Event: 3916.734 Thread 0x000001efff995230 90014       3       com.android.tools.r8.internal.z7::a (851 bytes)
Event: 3916.743 Thread 0x000001efff995230 nmethod 90014 0x000001efe859ea10 code [0x000001efe859f2a0, 0x000001efe85a53c8]
Event: 3916.747 Thread 0x000001efff995230 90015       3       com.android.tools.r8.internal.kV::a (448 bytes)
Event: 3916.753 Thread 0x000001efff995230 nmethod 90015 0x000001efe8c42490 code [0x000001efe8c42a80, 0x000001efe8c46738]

GC Heap History (20 events):
Event: 3854.313 GC heap after
{Heap after GC invocations=268 (full 0):
 garbage-first heap   total 3469312K, used 1081344K [0x0000000700000000, 0x0000000800000000)
  region size 2048K, 2 young (4096K), 2 survivors (4096K)
 Metaspace       used 255566K, committed 257216K, reserved 1310720K
  class space    used 32953K, committed 33664K, reserved 1048576K
}
Event: 3861.747 GC heap before
{Heap before GC invocations=268 (full 0):
 garbage-first heap   total 3469312K, used 1542144K [0x0000000700000000, 0x0000000800000000)
  region size 2048K, 226 young (462848K), 2 survivors (4096K)
 Metaspace       used 257037K, committed 258688K, reserved 1310720K
  class space    used 33111K, committed 33856K, reserved 1048576K
}
Event: 3861.894 GC heap after
{Heap after GC invocations=269 (full 0):
 garbage-first heap   total 3469312K, used 1112983K [0x0000000700000000, 0x0000000800000000)
  region size 2048K, 16 young (32768K), 16 survivors (32768K)
 Metaspace       used 257037K, committed 258688K, reserved 1310720K
  class space    used 33111K, committed 33856K, reserved 1048576K
}
Event: 3862.960 GC heap before
{Heap before GC invocations=269 (full 0):
 garbage-first heap   total 3469312K, used 1252247K [0x0000000700000000, 0x0000000800000000)
  region size 2048K, 84 young (172032K), 16 survivors (32768K)
 Metaspace       used 257037K, committed 258688K, reserved 1310720K
  class space    used 33111K, committed 33856K, reserved 1048576K
}
Event: 3863.135 GC heap after
{Heap after GC invocations=270 (full 0):
 garbage-first heap   total 3469312K, used 1130157K [0x0000000700000000, 0x0000000800000000)
  region size 2048K, 9 young (18432K), 9 survivors (18432K)
 Metaspace       used 257037K, committed 258688K, reserved 1310720K
  class space    used 33111K, committed 33856K, reserved 1048576K
}
Event: 3864.063 GC heap before
{Heap before GC invocations=270 (full 0):
 garbage-first heap   total 3469312K, used 1334957K [0x0000000700000000, 0x0000000800000000)
  region size 2048K, 109 young (223232K), 9 survivors (18432K)
 Metaspace       used 257039K, committed 258688K, reserved 1310720K
  class space    used 33111K, committed 33856K, reserved 1048576K
}
Event: 3864.255 GC heap after
{Heap after GC invocations=271 (full 0):
 garbage-first heap   total 3469312K, used 1156096K [0x0000000700000000, 0x0000000800000000)
  region size 2048K, 13 young (26624K), 13 survivors (26624K)
 Metaspace       used 257039K, committed 258688K, reserved 1310720K
  class space    used 33111K, committed 33856K, reserved 1048576K
}
Event: 3866.991 GC heap before
{Heap before GC invocations=271 (full 0):
 garbage-first heap   total 3469312K, used 1301504K [0x0000000700000000, 0x0000000800000000)
  region size 2048K, 84 young (172032K), 13 survivors (26624K)
 Metaspace       used 257127K, committed 258752K, reserved 1310720K
  class space    used 33122K, committed 33856K, reserved 1048576K
}
Event: 3867.151 GC heap after
{Heap after GC invocations=272 (full 0):
 garbage-first heap   total 3469312K, used 1169408K [0x0000000700000000, 0x0000000800000000)
  region size 2048K, 6 young (12288K), 6 survivors (12288K)
 Metaspace       used 257127K, committed 258752K, reserved 1310720K
  class space    used 33122K, committed 33856K, reserved 1048576K
}
Event: 3875.393 GC heap before
{Heap before GC invocations=272 (full 0):
 garbage-first heap   total 3469312K, used 1327104K [0x0000000700000000, 0x0000000800000000)
  region size 2048K, 84 young (172032K), 6 survivors (12288K)
 Metaspace       used 260373K, committed 261952K, reserved 1310720K
  class space    used 33469K, committed 34176K, reserved 1048576K
}
Event: 3875.544 GC heap after
{Heap after GC invocations=273 (full 0):
 garbage-first heap   total 3469312K, used 1179648K [0x0000000700000000, 0x0000000800000000)
  region size 2048K, 11 young (22528K), 11 survivors (22528K)
 Metaspace       used 260373K, committed 261952K, reserved 1310720K
  class space    used 33469K, committed 34176K, reserved 1048576K
}
Event: 3879.229 GC heap before
{Heap before GC invocations=273 (full 0):
 garbage-first heap   total 3469312K, used 1329152K [0x0000000700000000, 0x0000000800000000)
  region size 2048K, 84 young (172032K), 11 survivors (22528K)
 Metaspace       used 260731K, committed 262336K, reserved 1310720K
  class space    used 33495K, committed 34240K, reserved 1048576K
}
Event: 3879.394 GC heap after
{Heap after GC invocations=274 (full 0):
 garbage-first heap   total 3469312K, used 1181800K [0x0000000700000000, 0x0000000800000000)
  region size 2048K, 2 young (4096K), 2 survivors (4096K)
 Metaspace       used 260731K, committed 262336K, reserved 1310720K
  class space    used 33495K, committed 34240K, reserved 1048576K
}
Event: 3882.391 GC heap before
{Heap before GC invocations=274 (full 0):
 garbage-first heap   total 3469312K, used 1349736K [0x0000000700000000, 0x0000000800000000)
  region size 2048K, 84 young (172032K), 2 survivors (4096K)
 Metaspace       used 260926K, committed 262528K, reserved 1310720K
  class space    used 33519K, committed 34240K, reserved 1048576K
}
Event: 3882.418 GC heap after
{Heap after GC invocations=275 (full 0):
 garbage-first heap   total 3469312K, used 1182471K [0x0000000700000000, 0x0000000800000000)
  region size 2048K, 2 young (4096K), 2 survivors (4096K)
 Metaspace       used 260926K, committed 262528K, reserved 1310720K
  class space    used 33519K, committed 34240K, reserved 1048576K
}
Event: 3886.107 GC heap before
{Heap before GC invocations=275 (full 0):
 garbage-first heap   total 3469312K, used 1409799K [0x0000000700000000, 0x0000000800000000)
  region size 2048K, 113 young (231424K), 2 survivors (4096K)
 Metaspace       used 261040K, committed 262656K, reserved 1310720K
  class space    used 33529K, committed 34240K, reserved 1048576K
}
Event: 3886.130 GC heap after
{Heap after GC invocations=276 (full 0):
 garbage-first heap   total 3469312K, used 1183875K [0x0000000700000000, 0x0000000800000000)
  region size 2048K, 3 young (6144K), 3 survivors (6144K)
 Metaspace       used 261040K, committed 262656K, reserved 1310720K
  class space    used 33529K, committed 34240K, reserved 1048576K
}
Event: 3906.879 GC heap before
{Heap before GC invocations=276 (full 0):
 garbage-first heap   total 3469312K, used 1654915K [0x0000000700000000, 0x0000000800000000)
  region size 2048K, 233 young (477184K), 3 survivors (6144K)
 Metaspace       used 261170K, committed 262784K, reserved 1310720K
  class space    used 33535K, committed 34240K, reserved 1048576K
}
Event: 3906.919 GC heap after
{Heap after GC invocations=277 (full 0):
 garbage-first heap   total 3469312K, used 1187353K [0x0000000700000000, 0x0000000800000000)
  region size 2048K, 5 young (10240K), 5 survivors (10240K)
 Metaspace       used 261170K, committed 262784K, reserved 1310720K
  class space    used 33535K, committed 34240K, reserved 1048576K
}
Event: 3916.838 GC heap before
{Heap before GC invocations=277 (full 0):
 garbage-first heap   total 3469312K, used 1867289K [0x0000000700000000, 0x0000000800000000)
  region size 2048K, 338 young (692224K), 5 survivors (10240K)
 Metaspace       used 261286K, committed 262848K, reserved 1310720K
  class space    used 33541K, committed 34240K, reserved 1048576K
}

Dll operation events (5 events):
Event: 0.019 Loaded shared library C:\Users\prasa\.jdks\jbr-17.0.14\bin\java.dll
Event: 0.062 Loaded shared library C:\Users\prasa\.jdks\jbr-17.0.14\bin\jsvml.dll
Event: 0.260 Loaded shared library C:\Users\prasa\.jdks\jbr-17.0.14\bin\zip.dll
Event: 2.711 Loaded shared library C:\Users\prasa\.jdks\jbr-17.0.14\bin\verify.dll
Event: 2799.838 Unloaded dll "C:\Users\prasa\AppData\Local\Temp\sqlite-3.41.2.2-5963878b-270f-469a-a3e4-baf382f92fed-sqlitejdbc.dll" [0x00007ffe13320000]

Deoptimization events (20 events):
Event: 3915.023 Thread 0x000001efd6e08b50 DEOPT PACKING pc=0x000001efef1167a4 sp=0x00000001f36fe330
Event: 3915.023 Thread 0x000001efd6e08b50 DEOPT UNPACKING pc=0x000001efec5569a3 sp=0x00000001f36fe2e8 mode 2
Event: 3915.129 Thread 0x000001efd6e05dc0 Uncommon trap: trap_request=0xffffff45 fr.pc=0x000001efef1c1634 relative=0x0000000000004614
Event: 3915.129 Thread 0x000001efd6e05dc0 Uncommon trap: reason=unstable_if action=reinterpret pc=0x000001efef1c1634 method=com.android.tools.r8.internal.Ls.a()Z @ 88 c2
Event: 3915.129 Thread 0x000001efd6e05dc0 DEOPT PACKING pc=0x000001efef1c1634 sp=0x00000001f35fe1b0
Event: 3915.129 Thread 0x000001efd6e05dc0 DEOPT UNPACKING pc=0x000001efec5569a3 sp=0x00000001f35fe100 mode 2
Event: 3915.934 Thread 0x000001efd6e08b50 Uncommon trap: trap_request=0xffffff45 fr.pc=0x000001efef14ded8 relative=0x0000000000003818
Event: 3915.934 Thread 0x000001efd6e08b50 Uncommon trap: reason=unstable_if action=reinterpret pc=0x000001efef14ded8 method=com.android.tools.r8.internal.St0.a(Lcom/android/tools/r8/internal/sr0;Lcom/android/tools/r8/internal/sr0;)Z @ 107 c2
Event: 3915.934 Thread 0x000001efd6e08b50 DEOPT PACKING pc=0x000001efef14ded8 sp=0x00000001f36fe600
Event: 3915.934 Thread 0x000001efd6e08b50 DEOPT UNPACKING pc=0x000001efec5569a3 sp=0x00000001f36fe5b0 mode 2
Event: 3916.276 Thread 0x000001efd6e08b50 Uncommon trap: trap_request=0xffffffc6 fr.pc=0x000001efef0f2e58 relative=0x00000000000008d8
Event: 3916.276 Thread 0x000001efd6e08b50 Uncommon trap: reason=bimorphic_or_optimized_type_check action=maybe_recompile pc=0x000001efef0f2e58 method=com.android.tools.r8.internal.JX.a(Ljava/util/function/Predicate;)Ljava/lang/Object; @ 1 c2
Event: 3916.276 Thread 0x000001efd6e08b50 DEOPT PACKING pc=0x000001efef0f2e58 sp=0x00000001f36fe330
Event: 3916.277 Thread 0x000001efd6e08b50 DEOPT UNPACKING pc=0x000001efec5569a3 sp=0x00000001f36fe308 mode 2
Event: 3916.331 Thread 0x000001efd6e05dc0 DEOPT PACKING pc=0x000001efe8c21ffd sp=0x00000001f35fdfb0
Event: 3916.331 Thread 0x000001efd6e05dc0 DEOPT UNPACKING pc=0x000001efec557143 sp=0x00000001f35fd738 mode 0
Event: 3916.392 Thread 0x000001efd6e05dc0 Uncommon trap: trap_request=0xffffffc6 fr.pc=0x000001efef1e1be0 relative=0x0000000000004800
Event: 3916.392 Thread 0x000001efd6e05dc0 Uncommon trap: reason=bimorphic_or_optimized_type_check action=maybe_recompile pc=0x000001efef1e1be0 method=com.android.tools.r8.internal.jp0.d(Lcom/android/tools/r8/internal/aA;)Z @ 852 c2
Event: 3916.392 Thread 0x000001efd6e05dc0 DEOPT PACKING pc=0x000001efef1e1be0 sp=0x00000001f35fdfa0
Event: 3916.392 Thread 0x000001efd6e05dc0 DEOPT UNPACKING pc=0x000001efec5569a3 sp=0x00000001f35fdf70 mode 2

Classes loaded (20 events):
Event: 3761.869 Loading class sun/security/ssl/SSLEngineOutputRecord$RecordMemo done
Event: 3761.869 Loading class sun/security/ssl/SSLEngineOutputRecord$HandshakeMemo done
Event: 3761.942 Loading class sun/security/ssl/PreSharedKeyExtension$SHPreSharedKeySpec
Event: 3761.942 Loading class sun/security/ssl/PreSharedKeyExtension$SHPreSharedKeySpec done
Event: 3775.916 Loading class com/sun/org/apache/xerces/internal/dom/DeferredTextImpl
Event: 3775.917 Loading class com/sun/org/apache/xerces/internal/dom/DeferredTextImpl done
Event: 3869.069 Loading class java/util/IdentityHashMap$EntrySpliterator
Event: 3869.070 Loading class java/util/IdentityHashMap$IdentityHashMapSpliterator
Event: 3869.070 Loading class java/util/IdentityHashMap$IdentityHashMapSpliterator done
Event: 3869.070 Loading class java/util/IdentityHashMap$EntrySpliterator done
Event: 3869.219 Loading class java/util/SortedSet$1
Event: 3869.220 Loading class java/util/SortedSet$1 done
Event: 3870.510 Loading class java/util/stream/ReduceOps$5
Event: 3870.559 Loading class java/util/stream/ReduceOps$5 done
Event: 3870.560 Loading class java/util/stream/ReduceOps$CountingSink$OfRef
Event: 3870.560 Loading class java/util/stream/ReduceOps$CountingSink
Event: 3870.560 Loading class java/util/stream/ReduceOps$CountingSink done
Event: 3870.560 Loading class java/util/stream/ReduceOps$CountingSink$OfRef done
Event: 3871.603 Loading class java/util/IdentityHashMap$ValueSpliterator
Event: 3871.605 Loading class java/util/IdentityHashMap$ValueSpliterator done

Classes unloaded (20 events):
Event: 3333.111 Thread 0x000001efff9691b0 Unloading class 0x000001ef8168b000 'java/lang/invoke/LambdaForm$MH+0x000001ef8168b000'
Event: 3333.111 Thread 0x000001efff9691b0 Unloading class 0x000001ef81680800 'org/gradle/api/plugins/ExtensionContainer$add$0'
Event: 3333.111 Thread 0x000001efff9691b0 Unloading class 0x000001ef8166a000 'org/gradle/api/plugins/ExtensionContainer$findByName'
Event: 3333.111 Thread 0x000001efff9691b0 Unloading class 0x000001ef81669800 'org/gradle/internal/service/ServiceRegistry$get'
Event: 3333.111 Thread 0x000001efff9691b0 Unloading class 0x000001ef81680000 'org/gradle/tooling/provider/model/ToolingModelBuilderRegistry$register$0'
Event: 3333.111 Thread 0x000001efff9691b0 Unloading class 0x000001ef81669000 'org/gradle/tooling/provider/model/ToolingModelBuilderRegistry$getBuilder'
Event: 3333.111 Thread 0x000001efff9691b0 Unloading class 0x000001ef81668800 'java_lang_Class$getName'
Event: 3333.111 Thread 0x000001efff9691b0 Unloading class 0x000001ef81663000 'JetGradlePlugin$findJetModelBuilder$0'
Event: 3333.111 Thread 0x000001efff9691b0 Unloading class 0x000001ef81662800 'JetGradlePlugin$getJetModelBuilderOrRegisterIfAbsent'
Event: 3333.111 Thread 0x000001efff9691b0 Unloading class 0x000001ef81662000 'org/gradle/api/Script$apply'
Event: 3333.112 Thread 0x000001efff9691b0 Unloading class 0x000001ef8165e000 'org/gradle/invocation/DefaultGradle$DefaultGradleLifecycle_Decorated$beforeProject'
Event: 3333.112 Thread 0x000001efff9691b0 Unloading class 0x000001ef814f4c00 'java/lang/invoke/LambdaForm$MH+0x000001ef814f4c00'
Event: 3333.112 Thread 0x000001efff9691b0 Unloading class 0x000001ef813cb000 'jdk/internal/reflect/GeneratedSerializationConstructorAccessor43'
Event: 3333.112 Thread 0x000001efff9691b0 Unloading class 0x000001ef8118a400 'jdk/internal/reflect/GeneratedSerializationConstructorAccessor9'
Event: 3333.112 Thread 0x000001efff9691b0 Unloading class 0x000001ef8118a000 'jdk/internal/reflect/GeneratedSerializationConstructorAccessor8'
Event: 3333.112 Thread 0x000001efff9691b0 Unloading class 0x000001ef81189c00 'jdk/internal/reflect/GeneratedSerializationConstructorAccessor7'
Event: 3333.112 Thread 0x000001efff9691b0 Unloading class 0x000001ef81189800 'jdk/internal/reflect/GeneratedSerializationConstructorAccessor6'
Event: 3333.112 Thread 0x000001efff9691b0 Unloading class 0x000001ef81189000 'jdk/internal/reflect/GeneratedSerializationConstructorAccessor4'
Event: 3333.112 Thread 0x000001efff9691b0 Unloading class 0x000001ef81188c00 'jdk/internal/reflect/GeneratedSerializationConstructorAccessor3'
Event: 3768.401 Thread 0x000001efff9691b0 Unloading class 0x000001ef82b38800 'java/lang/invoke/LambdaForm$DMH+0x000001ef82b38800'

Classes redefined (0 events):
No events

Internal exceptions (20 events):
Event: 3751.081 Thread 0x000001efd0905aa0 Implicit null exception at 0x000001efee9fb459 to 0x000001efee9fbc48
Event: 3751.616 Thread 0x000001efd0905aa0 Implicit null exception at 0x000001efed562464 to 0x000001efed562930
Event: 3774.606 Thread 0x000001efc67b8ec0 Exception <a 'sun/nio/fs/WindowsException'{0x00000007bf55c3a8}> (0x00000007bf55c3a8) 
thrown [s\src\hotspot\share\prims\jni.cpp, line 531]
Event: 3774.686 Thread 0x000001efc67b8ec0 Exception <a 'sun/nio/fs/WindowsException'{0x00000007bca000f8}> (0x00000007bca000f8) 
thrown [s\src\hotspot\share\prims\jni.cpp, line 531]
Event: 3808.727 Thread 0x000001efd6e08b50 Implicit null exception at 0x000001efeef14111 to 0x000001efeef15d54
Event: 3826.407 Thread 0x000001efd6e05dc0 Exception <a 'java/lang/NoSuchMethodError'{0x00000007d2084c58}: 'java.lang.Object java.lang.invoke.DirectMethodHandle$Holder.invokeStatic(java.lang.Object, java.lang.Object, java.lang.Object, java.lang.Object, java.lang.Object, int, java.lang.Object)'> (0x00000007d2084c58) 
thrown [s\src\hotspot\share\interpreter\linkResolver.cpp, line 771]
Event: 3827.029 Thread 0x000001efd6e08b50 Implicit null exception at 0x000001efedc9d713 to 0x000001efedc9e1a8
Event: 3831.839 Thread 0x000001efd6e08b50 Implicit null exception at 0x000001efeec26d6c to 0x000001efeec26de8
Event: 3832.196 Thread 0x000001efd6e05dc0 Implicit null exception at 0x000001efed73b94f to 0x000001efed73ba68
Event: 3832.970 Thread 0x000001efd0064da0 Exception <a 'java/lang/IncompatibleClassChangeError'{0x00000007d35d1768}: Found class java.lang.Object, but interface was expected> (0x00000007d35d1768) 
thrown [s\src\hotspot\share\interpreter\linkResolver.cpp, line 838]
Event: 3842.153 Thread 0x000001efd6e05dc0 Exception <a 'java/lang/NoSuchMethodError'{0x00000007cd08f5f8}: 'int java.lang.invoke.DirectMethodHandle$Holder.invokeStatic(java.lang.Object, java.lang.Object, int, java.lang.Object)'> (0x00000007cd08f5f8) 
thrown [s\src\hotspot\share\interpreter\linkResolver.cpp, line 771]
Event: 3851.548 Thread 0x000001efd6e05dc0 Implicit null exception at 0x000001efeeb78557 to 0x000001efeeb7acdc
Event: 3856.959 Thread 0x000001efd0064da0 Exception <a 'java/lang/IncompatibleClassChangeError'{0x00000007c7f18310}: Found class java.lang.Object, but interface was expected> (0x00000007c7f18310) 
thrown [s\src\hotspot\share\interpreter\linkResolver.cpp, line 838]
Event: 3869.003 Thread 0x000001efd6e08b50 Exception <a 'java/lang/IncompatibleClassChangeError'{0x00000007d1c99380}: Found class java.lang.Object, but interface was expected> (0x00000007d1c99380) 
thrown [s\src\hotspot\share\interpreter\linkResolver.cpp, line 838]
Event: 3869.003 Thread 0x000001efd6e05dc0 Exception <a 'java/lang/IncompatibleClassChangeError'{0x00000007d2157740}: Found class java.lang.Object, but interface was expected> (0x00000007d2157740) 
thrown [s\src\hotspot\share\interpreter\linkResolver.cpp, line 838]
Event: 3869.063 Thread 0x000001efd6e08b50 Exception <a 'java/lang/NoSuchMethodError'{0x00000007d1d02a48}: 'void java.lang.invoke.DirectMethodHandle$Holder.invokeStatic(java.lang.Object, java.lang.Object, java.lang.Object, java.lang.Object, java.lang.Object, java.lang.Object, java.lang.Object, java.lang.Object, java.lang.Object, java.lang.Object)'> (0x00000007d1d02a48) 
thrown [s\src\hotspot\share\interpreter\linkResolver.cpp, line 771]
Event: 3869.503 Thread 0x000001efd6e08b50 Implicit null exception at 0x000001efedd113ac to 0x000001efedd113ec
Event: 3869.658 Thread 0x000001efd6e05dc0 Exception <a 'java/lang/NoSuchMethodError'{0x00000007d1276b18}: 'int java.lang.invoke.DirectMethodHandle$Holder.invokeSpecial(java.lang.Object, java.lang.Object, java.lang.Object, java.lang.Object, java.lang.Object, java.lang.Object, java.lang.Object, java.lang.Object, java.lang.Object)'> (0x00000007d1276b18) 
thrown [s\src\hotspot\share\interpreter\linkResolver.cpp, line 771]
Event: 3885.884 Thread 0x000001efd6e05dc0 Implicit null exception at 0x000001efee2977be to 0x000001efee2992c8
Event: 3903.843 Thread 0x000001efd6e05dc0 Implicit null exception at 0x000001efef04559c to 0x000001efef0457bc

VM Operations (20 events):
Event: 3910.984 Executing VM operation: Cleanup done
Event: 3911.999 Executing VM operation: Cleanup
Event: 3912.019 Executing VM operation: Cleanup done
Event: 3913.042 Executing VM operation: Cleanup
Event: 3913.055 Executing VM operation: Cleanup done
Event: 3913.188 Executing VM operation: HandshakeAllThreads
Event: 3913.237 Executing VM operation: HandshakeAllThreads done
Event: 3913.395 Executing VM operation: HandshakeAllThreads
Event: 3913.440 Executing VM operation: HandshakeAllThreads done
Event: 3913.542 Executing VM operation: HandshakeAllThreads
Event: 3913.625 Executing VM operation: HandshakeAllThreads done
Event: 3913.686 Executing VM operation: HandshakeAllThreads
Event: 3913.725 Executing VM operation: HandshakeAllThreads done
Event: 3914.739 Executing VM operation: Cleanup
Event: 3914.740 Executing VM operation: Cleanup done
Event: 3915.744 Executing VM operation: Cleanup
Event: 3915.764 Executing VM operation: Cleanup done
Event: 3916.780 Executing VM operation: Cleanup
Event: 3916.781 Executing VM operation: Cleanup done
Event: 3916.838 Executing VM operation: G1CollectForAllocation

Memory protections (0 events):
No events

Nmethod flushes (20 events):
Event: 3913.834 Thread 0x000001efffb27fd0 flushing  nmethod 0x000001efea1f6590
Event: 3913.835 Thread 0x000001efffb27fd0 flushing  nmethod 0x000001efea2a5a10
Event: 3913.835 Thread 0x000001efffb27fd0 flushing  nmethod 0x000001efea2a7490
Event: 3913.835 Thread 0x000001efffb27fd0 flushing  nmethod 0x000001efea2b6d90
Event: 3913.837 Thread 0x000001efffb27fd0 flushing  nmethod 0x000001efea4b5e90
Event: 3913.838 Thread 0x000001efffb27fd0 flushing  nmethod 0x000001efea7d6610
Event: 3913.838 Thread 0x000001efffb27fd0 flushing  nmethod 0x000001efea84a310
Event: 3913.838 Thread 0x000001efffb27fd0 flushing  nmethod 0x000001efea856390
Event: 3913.838 Thread 0x000001efffb27fd0 flushing  nmethod 0x000001efea892610
Event: 3913.838 Thread 0x000001efffb27fd0 flushing  nmethod 0x000001efea89fd90
Event: 3913.838 Thread 0x000001efffb27fd0 flushing  nmethod 0x000001efea8c0210
Event: 3913.840 Thread 0x000001efffb27fd0 flushing  nmethod 0x000001efea9ce610
Event: 3913.851 Thread 0x000001efffb27fd0 flushing  nmethod 0x000001efeb4bdb90
Event: 3913.852 Thread 0x000001efffb27fd0 flushing  nmethod 0x000001efeb5f1090
Event: 3913.853 Thread 0x000001efffb27fd0 flushing  nmethod 0x000001efeb67fd90
Event: 3913.854 Thread 0x000001efffb27fd0 flushing  nmethod 0x000001efeb770390
Event: 3913.854 Thread 0x000001efffb27fd0 flushing  nmethod 0x000001efeb7ce290
Event: 3913.856 Thread 0x000001efffb27fd0 flushing  nmethod 0x000001efeb964b90
Event: 3913.857 Thread 0x000001efffb27fd0 flushing  nmethod 0x000001efeba7cb90
Event: 3913.858 Thread 0x000001efffb27fd0 flushing  nmethod 0x000001efebb1cd10

Events (20 events):
Event: 3769.018 Thread 0x000001efd6e0c300 Thread exited: 0x000001efd6e0c300
Event: 3769.146 Thread 0x000001efd0905aa0 Thread added: 0x000001efd6e0c300
Event: 3769.627 Thread 0x000001efd6e0c300 Thread exited: 0x000001efd6e0c300
Event: 3769.994 Thread 0x000001efd0905aa0 Thread added: 0x000001efd6e0a9b0
Event: 3770.636 Thread 0x000001efd0905aa0 Thread added: 0x000001efd6e0bdf0
Event: 3770.882 Thread 0x000001efd6e0a9b0 Thread exited: 0x000001efd6e0a9b0
Event: 3771.237 Thread 0x000001efd0905aa0 Thread added: 0x000001efd6e0a9b0
Event: 3771.707 Thread 0x000001efd6e0bdf0 Thread exited: 0x000001efd6e0bdf0
Event: 3771.891 Thread 0x000001efd6e0a9b0 Thread exited: 0x000001efd6e0a9b0
Event: 3771.922 Thread 0x000001efd0905aa0 Thread added: 0x000001efd6e0a9b0
Event: 3772.134 Thread 0x000001efd6e0a9b0 Thread exited: 0x000001efd6e0a9b0
Event: 3772.289 Thread 0x000001efd0905aa0 Thread added: 0x000001efd6e0a9b0
Event: 3772.409 Thread 0x000001efd6e0a9b0 Thread exited: 0x000001efd6e0a9b0
Event: 3772.703 Thread 0x000001efd0905aa0 Thread added: 0x000001efd6e0cd20
Event: 3772.800 Thread 0x000001efd6e0cd20 Thread exited: 0x000001efd6e0cd20
Event: 3773.035 Thread 0x000001efd0905aa0 Thread added: 0x000001efd6e0bdf0
Event: 3773.156 Thread 0x000001efd6e0bdf0 Thread exited: 0x000001efd6e0bdf0
Event: 3774.802 Thread 0x000001efd0905aa0 Thread added: 0x000001efd6e0a9b0
Event: 3778.456 Thread 0x000001efd0905aa0 Thread exited: 0x000001efd0905aa0
Event: 3782.743 Thread 0x000001efd7c6d6f0 Thread exited: 0x000001efd7c6d6f0


Dynamic libraries:
0x00007ff71a6d0000 - 0x00007ff71a6da000 	C:\Users\prasa\.jdks\jbr-17.0.14\bin\java.exe
0x00007ffe27410000 - 0x00007ffe27608000 	C:\WINDOWS\SYSTEM32\ntdll.dll
0x00007ffe25430000 - 0x00007ffe254f2000 	C:\WINDOWS\System32\KERNEL32.DLL
0x00007ffe24e20000 - 0x00007ffe25116000 	C:\WINDOWS\System32\KERNELBASE.dll
0x00007ffe25330000 - 0x00007ffe25430000 	C:\WINDOWS\System32\ucrtbase.dll
0x00007ffe13de0000 - 0x00007ffe13df7000 	C:\Users\prasa\.jdks\jbr-17.0.14\bin\jli.dll
0x00007ffe256b0000 - 0x00007ffe25851000 	C:\WINDOWS\System32\USER32.dll
0x00007ffe24c10000 - 0x00007ffe24c32000 	C:\WINDOWS\System32\win32u.dll
0x00007ffe268a0000 - 0x00007ffe268cb000 	C:\WINDOWS\System32\GDI32.dll
0x00007ffe24cd0000 - 0x00007ffe24de9000 	C:\WINDOWS\System32\gdi32full.dll
0x00007ffe24aa0000 - 0x00007ffe24b3d000 	C:\WINDOWS\System32\msvcp_win.dll
0x00007ffe13dc0000 - 0x00007ffe13ddb000 	C:\Users\prasa\.jdks\jbr-17.0.14\bin\VCRUNTIME140.dll
0x00007ffe11ab0000 - 0x00007ffe11d4b000 	C:\WINDOWS\WinSxS\amd64_microsoft.windows.common-controls_6595b64144ccf1df_6.0.19041.6456_none_60b8a6cb71f64256\COMCTL32.dll
0x00007ffe25a20000 - 0x00007ffe25abe000 	C:\WINDOWS\System32\msvcrt.dll
0x00007ffe26a10000 - 0x00007ffe26a3f000 	C:\WINDOWS\System32\IMM32.DLL
0x00007ffe19010000 - 0x00007ffe1901c000 	C:\Users\prasa\.jdks\jbr-17.0.14\bin\vcruntime140_1.dll
0x00007ffe09b20000 - 0x00007ffe09bad000 	C:\Users\prasa\.jdks\jbr-17.0.14\bin\msvcp140.dll
0x00007ffdc6e70000 - 0x00007ffdc7afe000 	C:\Users\prasa\.jdks\jbr-17.0.14\bin\server\jvm.dll
0x00007ffe27310000 - 0x00007ffe273c1000 	C:\WINDOWS\System32\ADVAPI32.dll
0x00007ffe26c20000 - 0x00007ffe26cbf000 	C:\WINDOWS\System32\sechost.dll
0x00007ffe26780000 - 0x00007ffe268a0000 	C:\WINDOWS\System32\RPCRT4.dll
0x00007ffe24df0000 - 0x00007ffe24e17000 	C:\WINDOWS\System32\bcrypt.dll
0x00007ffe26bb0000 - 0x00007ffe26c1b000 	C:\WINDOWS\System32\WS2_32.dll
0x00007ffe23fe0000 - 0x00007ffe2402b000 	C:\WINDOWS\SYSTEM32\POWRPROF.dll
0x00007ffe1b7d0000 - 0x00007ffe1b7f7000 	C:\WINDOWS\SYSTEM32\WINMM.dll
0x00007ffe1b800000 - 0x00007ffe1b80a000 	C:\WINDOWS\SYSTEM32\VERSION.dll
0x00007ffe23ea0000 - 0x00007ffe23eb2000 	C:\WINDOWS\SYSTEM32\UMPDC.dll
0x00007ffe22910000 - 0x00007ffe22922000 	C:\WINDOWS\SYSTEM32\kernel.appcore.dll
0x00007ffe18c30000 - 0x00007ffe18c3a000 	C:\Users\prasa\.jdks\jbr-17.0.14\bin\jimage.dll
0x00007ffe1a290000 - 0x00007ffe1a491000 	C:\WINDOWS\SYSTEM32\DBGHELP.DLL
0x00007ffe1a240000 - 0x00007ffe1a274000 	C:\WINDOWS\SYSTEM32\dbgcore.DLL
0x00007ffe24c40000 - 0x00007ffe24cc2000 	C:\WINDOWS\System32\bcryptPrimitives.dll
0x00007ffe184b0000 - 0x00007ffe184be000 	C:\Users\prasa\.jdks\jbr-17.0.14\bin\instrument.dll
0x00007ffe13070000 - 0x00007ffe13095000 	C:\Users\prasa\.jdks\jbr-17.0.14\bin\java.dll
0x00007ffde6860000 - 0x00007ffde6937000 	C:\Users\prasa\.jdks\jbr-17.0.14\bin\jsvml.dll
0x00007ffe25b20000 - 0x00007ffe26290000 	C:\WINDOWS\System32\SHELL32.dll
0x00007ffe22b10000 - 0x00007ffe232b5000 	C:\WINDOWS\SYSTEM32\windows.storage.dll
0x00007ffe26cc0000 - 0x00007ffe27014000 	C:\WINDOWS\System32\combase.dll
0x00007ffe244d0000 - 0x00007ffe244fb000 	C:\WINDOWS\SYSTEM32\Wldp.dll
0x00007ffe258d0000 - 0x00007ffe2599d000 	C:\WINDOWS\System32\OLEAUT32.dll
0x00007ffe270e0000 - 0x00007ffe2718d000 	C:\WINDOWS\System32\SHCORE.dll
0x00007ffe25ac0000 - 0x00007ffe25b1b000 	C:\WINDOWS\System32\shlwapi.dll
0x00007ffe249d0000 - 0x00007ffe249f4000 	C:\WINDOWS\SYSTEM32\profapi.dll
0x00007ffe13d20000 - 0x00007ffe13d38000 	C:\Users\prasa\.jdks\jbr-17.0.14\bin\zip.dll
0x00007ffe13050000 - 0x00007ffe13069000 	C:\Users\prasa\.jdks\jbr-17.0.14\bin\net.dll
0x00007ffe1e0f0000 - 0x00007ffe1e1fa000 	C:\WINDOWS\SYSTEM32\WINHTTP.dll
0x00007ffe24230000 - 0x00007ffe2429a000 	C:\WINDOWS\system32\mswsock.dll
0x00007ffe13030000 - 0x00007ffe13046000 	C:\Users\prasa\.jdks\jbr-17.0.14\bin\nio.dll
0x00007ffe16780000 - 0x00007ffe16790000 	C:\Users\prasa\.jdks\jbr-17.0.14\bin\verify.dll
0x00007ffe13e00000 - 0x00007ffe13e27000 	C:\Users\prasa\.gradle\native\c067742578af261105cb4f569cf0c3c89f3d7b1fecec35dd04571415982c5e48\windows-amd64\native-platform.dll
0x00007ffde5780000 - 0x00007ffde58c4000 	C:\Users\prasa\.gradle\native\100fb08df4bc3b14c8652ba06237920a3bd2aa13389f12d3474272988ae205f9\windows-amd64\native-platform-file-events.dll
0x00007ffe15230000 - 0x00007ffe15239000 	C:\Users\prasa\.jdks\jbr-17.0.14\bin\management.dll
0x00007ffe145b0000 - 0x00007ffe145bb000 	C:\Users\prasa\.jdks\jbr-17.0.14\bin\management_ext.dll
0x00007ffe25860000 - 0x00007ffe25868000 	C:\WINDOWS\System32\PSAPI.DLL
0x00007ffe24430000 - 0x00007ffe24448000 	C:\WINDOWS\SYSTEM32\CRYPTSP.dll
0x00007ffe23ae0000 - 0x00007ffe23b18000 	C:\WINDOWS\system32\rsaenh.dll
0x00007ffe24950000 - 0x00007ffe2497e000 	C:\WINDOWS\SYSTEM32\USERENV.dll
0x00007ffe24420000 - 0x00007ffe2442c000 	C:\WINDOWS\SYSTEM32\CRYPTBASE.dll
0x00007ffe23ec0000 - 0x00007ffe23efb000 	C:\WINDOWS\SYSTEM32\IPHLPAPI.DLL
0x00007ffe270d0000 - 0x00007ffe270d8000 	C:\WINDOWS\System32\NSI.dll
0x00007ffe19470000 - 0x00007ffe19487000 	C:\WINDOWS\SYSTEM32\dhcpcsvc6.DLL
0x00007ffe198e0000 - 0x00007ffe198fd000 	C:\WINDOWS\SYSTEM32\dhcpcsvc.DLL
0x00007ffe23f00000 - 0x00007ffe23fca000 	C:\WINDOWS\SYSTEM32\DNSAPI.dll
0x00007ffe14500000 - 0x00007ffe14509000 	C:\Users\prasa\.jdks\jbr-17.0.14\bin\extnet.dll
0x00007ffe144e0000 - 0x00007ffe144ee000 	C:\Users\prasa\.jdks\jbr-17.0.14\bin\sunmscapi.dll
0x00007ffe25120000 - 0x00007ffe2527d000 	C:\WINDOWS\System32\CRYPT32.dll
0x00007ffe24540000 - 0x00007ffe24567000 	C:\WINDOWS\SYSTEM32\ncrypt.dll
0x00007ffe24500000 - 0x00007ffe2453b000 	C:\WINDOWS\SYSTEM32\NTASN1.dll
0x00007ffe0d410000 - 0x00007ffe0d417000 	C:\WINDOWS\system32\wshunix.dll
0x00007ffe23d30000 - 0x00007ffe23d63000 	C:\WINDOWS\SYSTEM32\ntmarta.dll
0x00007ffe0d660000 - 0x00007ffe0d677000 	C:\WINDOWS\system32\napinsp.dll
0x00007ffe0d640000 - 0x00007ffe0d65b000 	C:\WINDOWS\system32\pnrpnsp.dll
0x00007ffe1e700000 - 0x00007ffe1e71d000 	C:\WINDOWS\system32\NLAapi.dll
0x00007ffe0b5c0000 - 0x00007ffe0b5dd000 	C:\WINDOWS\system32\wshbth.dll
0x00007ffe0ae10000 - 0x00007ffe0ae22000 	C:\WINDOWS\System32\winrnr.dll
0x00007ffe17770000 - 0x00007ffe1777a000 	C:\Windows\System32\rasadhlp.dll
0x00007ffe17ee0000 - 0x00007ffe17f60000 	C:\WINDOWS\System32\fwpuclnt.dll
0x00007ffde0540000 - 0x00007ffde06db000 	C:\Users\prasa\.jdks\jbr-17.0.14\bin\awt.dll
0x00007ffe22610000 - 0x00007ffe2263e000 	C:\WINDOWS\SYSTEM32\dwmapi.dll
0x00007ffe133c0000 - 0x00007ffe13404000 	C:\Users\prasa\.jdks\jbr-17.0.14\bin\nvdaControllerClient64.dll
0x00007ffe21f60000 - 0x00007ffe21ff4000 	C:\WINDOWS\SYSTEM32\apphelp.dll
0x00007ffe223d0000 - 0x00007ffe2246e000 	C:\WINDOWS\system32\uxtheme.dll
0x00007ffe27190000 - 0x00007ffe272a5000 	C:\WINDOWS\System32\MSCTF.dll
0x00007ffe268e0000 - 0x00007ffe26a0b000 	C:\WINDOWS\System32\ole32.dll

dbghelp: loaded successfully - version: 4.0.5 - missing functions: none
symbol engine: initialized successfully - sym options: 0x614 - pdb path: .;C:\Users\prasa\.jdks\jbr-17.0.14\bin;C:\WINDOWS\SYSTEM32;C:\WINDOWS\WinSxS\amd64_microsoft.windows.common-controls_6595b64144ccf1df_6.0.19041.6456_none_60b8a6cb71f64256;C:\Users\prasa\.jdks\jbr-17.0.14\bin\server;C:\Users\prasa\.gradle\native\c067742578af261105cb4f569cf0c3c89f3d7b1fecec35dd04571415982c5e48\windows-amd64;C:\Users\prasa\.gradle\native\100fb08df4bc3b14c8652ba06237920a3bd2aa13389f12d3474272988ae205f9\windows-amd64;C:\Users\prasa\AppData\Local\Temp

VM Arguments:
jvm_args: --add-opens=java.base/java.util=ALL-UNNAMED --add-opens=java.base/java.lang=ALL-UNNAMED --add-opens=java.base/java.lang.invoke=ALL-UNNAMED --add-opens=java.prefs/java.util.prefs=ALL-UNNAMED --add-exports=jdk.compiler/com.sun.tools.javac.api=ALL-UNNAMED --add-exports=jdk.compiler/com.sun.tools.javac.util=ALL-UNNAMED --add-opens=java.base/java.nio.charset=ALL-UNNAMED --add-opens=java.base/java.net=ALL-UNNAMED --add-opens=java.base/java.util.concurrent.atomic=ALL-UNNAMED -Xmx4096m -Dfile.encoding=UTF-8 -Duser.country=US -Duser.language=en -Duser.variant -javaagent:C:\Users\prasa\.gradle\wrapper\dists\gradle-8.10.2-bin\a04bxjujx95o3nb99gddekhwo\gradle-8.10.2\lib\agents\gradle-instrumentation-agent-8.10.2.jar 
java_command: org.gradle.launcher.daemon.bootstrap.GradleDaemon 8.10.2
java_class_path (initial): C:\Users\prasa\.gradle\wrapper\dists\gradle-8.10.2-bin\a04bxjujx95o3nb99gddekhwo\gradle-8.10.2\lib\gradle-daemon-main-8.10.2.jar
Launcher Type: SUN_STANDARD

[Global flags]
     intx CICompilerCount                          = 2                                         {product} {ergonomic}
     uint ConcGCThreads                            = 1                                         {product} {ergonomic}
     uint G1ConcRefinementThreads                  = 2                                         {product} {ergonomic}
   size_t G1HeapRegionSize                         = 2097152                                   {product} {ergonomic}
    uintx GCDrainStackTargetSize                   = 64                                        {product} {ergonomic}
   size_t InitialHeapSize                          = 125829120                                 {product} {ergonomic}
   size_t MarkStackSize                            = 4194304                                   {product} {ergonomic}
   size_t MaxHeapSize                              = 4294967296                                {product} {command line}
   size_t MaxNewSize                               = 2575302656                                {product} {ergonomic}
   size_t MinHeapDeltaBytes                        = 2097152                                   {product} {ergonomic}
   size_t MinHeapSize                              = 8388608                                   {product} {ergonomic}
    uintx NonNMethodCodeHeapSize                   = 5826188                                {pd product} {ergonomic}
    uintx NonProfiledCodeHeapSize                  = 122916026                              {pd product} {ergonomic}
    uintx ProfiledCodeHeapSize                     = 122916026                              {pd product} {ergonomic}
    uintx ReservedCodeCacheSize                    = 251658240                              {pd product} {ergonomic}
     bool SegmentedCodeCache                       = true                                      {product} {ergonomic}
   size_t SoftMaxHeapSize                          = 4294967296                             {manageable} {ergonomic}
     bool UseCompressedClassPointers               = true                           {product lp64_product} {ergonomic}
     bool UseCompressedOops                        = true                           {product lp64_product} {ergonomic}
     bool UseG1GC                                  = true                                      {product} {ergonomic}
     bool UseLargePagesIndividualAllocation        = false                                  {pd product} {ergonomic}

Logging:
Log output configuration:
 #0: stdout all=warning uptime,level,tags
 #1: stderr all=off uptime,level,tags

Environment Variables:
PATH=C:\Program Files\Common Files\Oracle\Java\javapath;C:\Program Files (x86)\Common Files\Oracle\Java\java8path;C:\Program Files (x86)\Common Files\Oracle\Java\javapath;C:\WINDOWS\system32;C:\WINDOWS;C:\WINDOWS\System32\Wbem;C:\WINDOWS\System32\WindowsPowerShell\v1.0\;C:\WINDOWS\System32\OpenSSH\;C:\Program Files (x86)\ATI Technologies\ATI.ACE\Core-Static;C:\Users\prasa\.local\bin;C:\Program Files\Git\cmd;C:\Users\prasa\AppData\Local\Microsoft\WindowsApps;C:\Users\prasa\AppData\Local\Programs\Microsoft VS Code\bin;C:\Users\prasa\AppData\Local\Programs\Ollama;C:\Users\prasa\.local\bin
USERNAME=prasa
OS=Windows_NT
PROCESSOR_IDENTIFIER=AMD64 Family 21 Model 16 Stepping 1, AuthenticAMD
TMP=C:\Users\prasa\AppData\Local\Temp
TEMP=C:\Users\prasa\AppData\Local\Temp



Periodic native trim disabled

JNI global refs:
JNI global refs: 37, weak refs: 27

JNI global refs memory usage: 843, weak refs: 841

Process memory usage:
Resident Set Size: 3263680K (41% of 7785444K total physical memory with 523116K free physical memory)

OOME stack traces (most recent first):
Classloader memory used:
Loader java.net.URLClassLoader                                                         : 11039K
Loader org.gradle.internal.classloader.VisitableURLClassLoader$InstrumentingVisitableURLClassLoader: 9437K
Loader org.gradle.internal.classloader.VisitableURLClassLoader                         : 5791K
Loader bootstrap                                                                       : 2994K
Loader org.gradle.initialization.MixInLegacyTypesClassLoader                           : 1777K
Loader org.gradle.internal.classloader.VisitableURLClassLoader                         : 1059K
Loader jdk.internal.reflect.DelegatingClassLoader                                      : 223K
Loader com.intellij.util.lang.UrlClassLoader                                           : 121K
Loader jdk.internal.loader.ClassLoaders$PlatformClassLoader                            : 113K
Loader jdk.internal.jrtfs.JrtFileSystemProvider$JrtFsLoader                            : 45233B
Loader jdk.internal.loader.ClassLoaders$AppClassLoader                                 : 29399B
Loader org.gradle.groovy.scripts.internal.DefaultScriptCompilationHandler$ScriptClassLoader: 26335B
Loader org.codehaus.groovy.runtime.callsite.CallSiteClassLoader                        : 3872B
Loader sun.reflect.misc.MethodUtil                                                     : 373B

Classes loaded by more than one classloader:
Class com.google.common.collect.ImmutableCollection                                   : loaded 5 times (x 123B)
Class com.google.common.collect.Iterators$ArrayItr                                    : loaded 5 times (x 95B)
Class com.google.common.collect.AbstractIterator                                      : loaded 5 times (x 80B)
Class com.google.common.collect.ImmutableList                                         : loaded 5 times (x 166B)
Class Program                                                                         : loaded 5 times (x 70B)
Class com.google.common.collect.Iterators$1                                           : loaded 5 times (x 79B)
Class com.google.common.collect.Iterators$4                                           : loaded 5 times (x 80B)
Class com.google.common.collect.Iterators                                             : loaded 5 times (x 69B)
Class com.google.common.collect.Lists$StringAsImmutableList                           : loaded 5 times (x 167B)
Class com.google.common.collect.Iterators$5                                           : loaded 5 times (x 80B)
Class com.google.common.collect.Lists                                                 : loaded 5 times (x 69B)
Class com.google.common.collect.PeekingIterator                                       : loaded 5 times (x 68B)
Class com.google.common.collect.UnmodifiableListIterator                              : loaded 5 times (x 93B)
Class com.google.common.base.Preconditions                                            : loaded 5 times (x 69B)
Class com.google.common.collect.AbstractIndexedListIterator                           : loaded 5 times (x 94B)
Class com.google.common.collect.UnmodifiableIterator                                  : loaded 5 times (x 78B)
Class com.google.common.collect.Iterators$MergingIterator                             : loaded 5 times (x 79B)
Class com.google.common.collect.Iterators$9                                           : loaded 5 times (x 79B)
Class com.google.common.base.CharMatcher$AnyOf                                        : loaded 4 times (x 110B)
Class com.google.common.base.CharMatcher$IsEither                                     : loaded 4 times (x 109B)
Class com.google.common.collect.RangeGwtSerializationDependencies                     : loaded 4 times (x 69B)
Class com.google.common.base.Function                                                 : loaded 4 times (x 68B)
Class com.google.common.collect.ImmutableRangeSet$Builder                             : loaded 4 times (x 75B)
Class com.google.common.collect.ImmutableList$1                                       : loaded 4 times (x 95B)
Class com.google.common.collect.ImmutableSortedSet                                    : loaded 4 times (x 233B)
Class com.google.common.collect.ImmutableSet$RegularSetBuilderImpl                    : loaded 4 times (x 75B)
Class com.google.common.base.CharMatcher$Is                                           : loaded 4 times (x 109B)
Class com.google.common.collect.ImmutableAsList                                       : loaded 4 times (x 169B)
Class com.google.common.collect.RegularImmutableAsList                                : loaded 4 times (x 176B)
Class com.google.common.base.Joiner                                                   : loaded 4 times (x 77B)
Class com.google.common.collect.RegularImmutableList                                  : loaded 4 times (x 172B)
Class com.google.common.base.CharMatcher$InRange                                      : loaded 4 times (x 109B)
Class com.google.common.collect.ImmutableRangeSet$ComplementRanges                    : loaded 4 times (x 167B)
Class com.google.common.collect.Range                                                 : loaded 4 times (x 85B)
Class com.google.common.collect.AbstractRangeSet                                      : loaded 4 times (x 112B)
Class com.google.common.collect.ImmutableSet$CachingAsList                            : loaded 4 times (x 145B)
Class com.google.common.base.CharMatcher$1                                            : loaded 4 times (x 111B)
Class com.google.common.base.CharMatcher$And                                          : loaded 4 times (x 110B)
Class com.google.common.collect.RegularImmutableSet                                   : loaded 4 times (x 146B)
Class com.google.common.base.ExtraObjectsMethodsForWeb                                : loaded 4 times (x 69B)
Class com.google.common.collect.RangeSet                                              : loaded 4 times (x 68B)
Class com.google.common.collect.ImmutableRangeSet$AsSet                               : loaded 4 times (x 233B)
Class com.google.common.collect.SingletonImmutableList                                : loaded 4 times (x 167B)
Class com.google.common.collect.SortedIterable                                        : loaded 4 times (x 68B)
Class com.google.common.base.Predicate                                                : loaded 4 times (x 68B)
Class com.google.common.collect.ImmutableRangeSet                                     : loaded 4 times (x 113B)
Class com.google.common.collect.ImmutableList$SubList                                 : loaded 4 times (x 168B)
Class com.google.common.collect.ImmutableSet$SetBuilderImpl                           : loaded 4 times (x 74B)
Class com.google.common.base.CharMatcher$Or                                           : loaded 4 times (x 110B)
Class com.google.common.collect.ImmutableCollection$Builder                           : loaded 4 times (x 74B)
Class com.google.common.base.CharMatcher$BitSetMatcher                                : loaded 4 times (x 110B)
Class com.google.common.base.CharMatcher$NegatedFastMatcher                           : loaded 4 times (x 111B)
Class com.google.common.collect.Multimap                                              : loaded 4 times (x 68B)
Class com.google.common.collect.ImmutableList$Builder                                 : loaded 4 times (x 75B)
Class com.google.common.base.CharMatcher$Negated                                      : loaded 4 times (x 111B)
Class com.google.common.collect.ImmutableList$ReverseImmutableList                    : loaded 4 times (x 168B)
Class com.google.common.base.CharMatcher$ForPredicate                                 : loaded 4 times (x 110B)
Class com.google.common.collect.RegularImmutableSortedSet                             : loaded 4 times (x 233B)
Class com.google.common.base.CharMatcher$FastMatcher                                  : loaded 4 times (x 109B)
Class com.google.common.base.CharMatcher$IsNot                                        : loaded 4 times (x 109B)
Class com.google.common.base.Objects                                                  : loaded 4 times (x 69B)
Class com.google.common.base.CharMatcher                                              : loaded 4 times (x 109B)
Class com.google.common.collect.ImmutableSet                                          : loaded 4 times (x 143B)
Class com.google.common.collect.SingletonImmutableSet                                 : loaded 4 times (x 144B)
Class com.google.common.base.Joiner$2                                                 : loaded 4 times (x 77B)
Class com.google.common.base.Joiner$1                                                 : loaded 4 times (x 78B)
Class com.google.common.base.CharMatcher$NamedFastMatcher                             : loaded 4 times (x 110B)
Class com.google.common.collect.ImmutableRangeSet$1                                   : loaded 4 times (x 169B)
Class kotlin.reflect.KFunction                                                        : loaded 3 times (x 68B)
Class kotlin.io.FilesKt__FilePathComponentsKt                                         : loaded 3 times (x 69B)
Class com.google.common.base.CharMatcher$Invisible                                    : loaded 3 times (x 110B)
Class kotlin.internal.ProgressionUtilKt                                               : loaded 3 times (x 69B)
Class com.google.common.io.ByteSource$ConcatenatedByteSource                          : loaded 3 times (x 83B)
Class kotlin.text.StringsKt__RegexExtensionsJVMKt                                     : loaded 3 times (x 69B)
Class kotlin.enums.EnumEntries                                                        : loaded 3 times (x 68B)
Class kotlin.coroutines.jvm.internal.CoroutineStackFrame                              : loaded 3 times (x 68B)
Class com.google.common.io.ByteStreams                                                : loaded 3 times (x 69B)
Class kotlin.sequences.SequencesKt___SequencesKt$flatMap$2                            : loaded 3 times (x 123B)
Class com.google.common.collect.ImmutableMapEntry                                     : loaded 3 times (x 83B)
Class org.gradle.api.Action                                                           : loaded 3 times (x 68B)
Class kotlin.coroutines.intrinsics.IntrinsicsKt__IntrinsicsKt                         : loaded 3 times (x 69B)
Class com.google.common.io.ByteSource$SlicedByteSource                                : loaded 3 times (x 83B)
Class com.google.common.io.Files$2                                                    : loaded 3 times (x 74B)
Class com.google.common.collect.AbstractMultimap                                      : loaded 3 times (x 121B)
Class kotlin.ranges.RangesKt                                                          : loaded 3 times (x 69B)
Class kotlin.sequences.Sequence                                                       : loaded 3 times (x 68B)
Class com.google.common.base.CharMatcher$Digit                                        : loaded 3 times (x 110B)
Class kotlin.jvm.internal.StringCompanionObject                                       : loaded 3 times (x 69B)
Class kotlin.text.MatchResult                                                         : loaded 3 times (x 68B)
Class com.google.common.io.ByteArrayDataOutput                                        : loaded 3 times (x 68B)
Class com.google.common.collect.ImmutableEntry                                        : loaded 3 times (x 80B)
Class kotlin.enums.EnumEntriesKt                                                      : loaded 3 times (x 69B)
Class com.google.common.base.CharMatcher$JavaDigit                                    : loaded 3 times (x 109B)
Class com.google.common.base.AbstractIterator$State                                   : loaded 3 times (x 77B)
Class kotlin.sequences.TransformingSequence$iterator$1                                : loaded 3 times (x 77B)
Class [Lorg.objectweb.asm.Type;                                                       : loaded 3 times (x 67B)
Class com.google.common.collect.AbstractMapBasedMultimap$WrappedList                  : loaded 3 times (x 165B)
Class kotlin.collections.MapsKt___MapsKt                                              : loaded 3 times (x 69B)
Class com.google.common.io.Closer$Suppressor                                          : loaded 3 times (x 68B)
Class kotlin.text.CharsKt__CharKt                                                     : loaded 3 times (x 69B)
Class kotlin.collections.ArraysKt                                                     : loaded 3 times (x 69B)
Class kotlin.collections.MapsKt__MapsKt                                               : loaded 3 times (x 69B)
Class kotlin.sequences.SequencesKt___SequencesJvmKt                                   : loaded 3 times (x 69B)
Class kotlin.text.StringsKt__AppendableKt                                             : loaded 3 times (x 69B)
Class kotlin.coroutines.jvm.internal.DebugProbesKt                                    : loaded 3 times (x 69B)
Class kotlin.jvm.KotlinReflectionNotSupportedError                                    : loaded 3 times (x 80B)
Class androidx.navigation.lint.BaseTypeSafeDestinationMissingAnnotationDetector       : loaded 3 times (x 170B)
Class com.google.common.io.CharSource$EmptyCharSource                                 : loaded 3 times (x 84B)
Class com.google.common.collect.NullnessCasts                                         : loaded 3 times (x 69B)
Class com.google.common.hash.PrimitiveSink                                            : loaded 3 times (x 68B)
Class kotlin.jvm.internal.CallableReference$NoReceiver                                : loaded 3 times (x 69B)
Class org.gradle.internal.Cast                                                        : loaded 3 times (x 69B)
Class com.google.common.collect.ListMultimap                                          : loaded 3 times (x 68B)
Class com.google.common.io.CharSource$AsByteSource                                    : loaded 3 times (x 83B)
Class com.google.common.collect.ImmutableBiMap                                        : loaded 3 times (x 141B)
Class com.android.ide.common.repository.AgpVersion                                    : loaded 3 times (x 73B)
Class com.android.ide.common.gradle.Separator                                         : loaded 3 times (x 77B)
Class kotlin.io.FilesKt__FileTreeWalkKt                                               : loaded 3 times (x 69B)
Class com.google.common.base.Supplier                                                 : loaded 3 times (x 68B)
Class com.google.common.io.CharSource$CharSequenceCharSource                          : loaded 3 times (x 84B)
Class kotlin.sequences.SequenceBuilderIterator                                        : loaded 3 times (x 83B)
Class com.google.common.collect.ImmutableEnumSet                                      : loaded 3 times (x 144B)
Class kotlin.coroutines.jvm.internal.BaseContinuationImpl                             : loaded 3 times (x 85B)
Class [Lorg.objectweb.asm.Label;                                                      : loaded 3 times (x 67B)
Class kotlin.collections.AbstractList$SubList                                         : loaded 3 times (x 158B)
Class org.objectweb.asm.Attribute                                                     : loaded 3 times (x 75B)
Class kotlin.collections.ArraysUtilJVM                                                : loaded 3 times (x 69B)
Class com.google.common.collect.Maps$IteratorBasedAbstractMap                         : loaded 3 times (x 123B)
Class com.google.common.collect.SortedMapDifference                                   : loaded 3 times (x 68B)
Class com.android.ide.common.gradle.Version                                           : loaded 3 times (x 73B)
Class kotlin.jvm.internal.markers.KMutableList                                        : loaded 3 times (x 68B)
Class com.google.common.base.MoreObjects                                              : loaded 3 times (x 69B)
Class com.google.common.collect.SetMultimap                                           : loaded 3 times (x 68B)
Class com.google.common.collect.ImmutableMap$MapViewOfValuesAsSingletonSets           : loaded 3 times (x 123B)
Class androidx.navigation.lint.BaseWrongStartDestinationTypeDetectorKt                : loaded 3 times (x 69B)
Class com.google.common.collect.ImmutableSet$Builder                                  : loaded 3 times (x 83B)
Class kotlin.io.FilesKt__UtilsKt                                                      : loaded 3 times (x 69B)
Class com.google.common.base.Splitter                                                 : loaded 3 times (x 70B)
Class kotlin.text.Regex                                                               : loaded 3 times (x 70B)
Class com.google.common.collect.Sets                                                  : loaded 3 times (x 69B)
Class com.google.common.base.CharMatcher$JavaLetter                                   : loaded 3 times (x 109B)
Class [Lkotlin.Pair;                                                                  : loaded 3 times (x 67B)
Class com.android.ide.common.gradle.Version$Companion$ParseState$NUMERIC              : loaded 3 times (x 72B)
Class com.google.common.collect.MapDifference                                         : loaded 3 times (x 68B)
Class com.google.common.io.ByteSource$EmptyByteSource                                 : loaded 3 times (x 83B)
Class com.google.common.collect.AbstractMapEntry                                      : loaded 3 times (x 79B)
Class com.google.common.base.NullnessCasts                                            : loaded 3 times (x 69B)
Class androidx.navigation.lint.BaseWrongStartDestinationTypeDetector                  : loaded 3 times (x 169B)
Class com.google.common.io.LineProcessor                                              : loaded 3 times (x 68B)
Class com.android.ide.common.repository.AgpVersion$Companion$WhenMappings             : loaded 3 times (x 69B)
Class com.google.common.math.IntMath                                                  : loaded 3 times (x 69B)
Class kotlin.jvm.internal.CollectionToArray                                           : loaded 3 times (x 69B)
Class org.objectweb.asm.Type                                                          : loaded 3 times (x 70B)
Class kotlin.collections.MapsKt                                                       : loaded 3 times (x 69B)
Class com.google.common.collect.Sets$1                                                : loaded 3 times (x 137B)
Class kotlin.collections.EmptySet                                                     : loaded 3 times (x 120B)
Class com.google.common.collect.Sets$2                                                : loaded 3 times (x 137B)
Class com.google.common.collect.ReverseNaturalOrdering                                : loaded 3 times (x 112B)
Class kotlin.collections.MapsKt__MapWithDefaultKt                                     : loaded 3 times (x 69B)
Class com.google.common.collect.ImmutableMap$IteratorBasedImmutableMap                : loaded 3 times (x 123B)
Class kotlin.text.StringsKt__IndentKt                                                 : loaded 3 times (x 69B)
Class kotlin.text.MatchNamedGroupCollection                                           : loaded 3 times (x 68B)
Class org.objectweb.asm.ClassVisitor                                                  : loaded 3 times (x 86B)
Class kotlin.ranges.IntProgression                                                    : loaded 3 times (x 79B)
Class [Lcom.google.common.collect.Iterators$EmptyModifiableIterator;                  : loaded 3 times (x 67B)
Class com.google.common.base.CommonPattern                                            : loaded 3 times (x 72B)
Class kotlin.text.CharsKt__CharJVMKt                                                  : loaded 3 times (x 69B)
Class kotlin.TuplesKt                                                                 : loaded 3 times (x 69B)
Class com.google.common.io.Files$FileByteSource                                       : loaded 3 times (x 83B)
Class kotlin.ranges.IntProgression$Companion                                          : loaded 3 times (x 69B)
Class com.google.common.collect.ImmutableMap                                          : loaded 3 times (x 118B)
Class com.google.common.collect.SingletonImmutableBiMap                               : loaded 3 times (x 141B)
Class kotlin.jvm.internal.CallableReference                                           : loaded 3 times (x 104B)
Class kotlin.text.StringsKt__StringNumberConversionsJVMKt                             : loaded 3 times (x 69B)
Class kotlin.coroutines.Continuation                                                  : loaded 3 times (x 68B)
Class com.google.common.io.ByteArrayDataInput                                         : loaded 3 times (x 68B)
Class com.google.common.collect.AbstractMapBasedMultimap$Itr                          : loaded 3 times (x 81B)
Class com.google.common.base.Converter                                                : loaded 3 times (x 88B)
Class kotlin.collections.ArraysKt___ArraysKt                                          : loaded 3 times (x 69B)
Class com.google.common.collect.ImmutableSortedSetFauxverideShim                      : loaded 3 times (x 145B)
Class com.google.common.collect.ImmutableSet$EmptySetBuilderImpl                      : loaded 3 times (x 74B)
Class kotlin.jvm.internal.ArrayIteratorKt                                             : loaded 3 times (x 69B)
Class com.google.common.collect.Sets$3                                                : loaded 3 times (x 137B)
Class com.android.ide.common.gradle.Version$Companion$ParseState                      : loaded 3 times (x 68B)
Class com.google.common.collect.Maps$EntryTransformer                                 : loaded 3 times (x 68B)
Class kotlin.collections.MapsKt__MapsJVMKt                                            : loaded 3 times (x 69B)
Class kotlin.coroutines.intrinsics.IntrinsicsKt__IntrinsicsJvmKt                      : loaded 3 times (x 69B)
Class kotlin.comparisons.ComparisonsKt                                                : loaded 3 times (x 69B)
Class com.google.common.base.CharMatcher$JavaLowerCase                                : loaded 3 times (x 109B)
Class com.google.common.collect.Iterables                                             : loaded 3 times (x 69B)
Class kotlin.text.Regex$Companion                                                     : loaded 3 times (x 69B)
Class kotlin.comparisons.ComparisonsKt___ComparisonsKt                                : loaded 3 times (x 69B)
Class kotlin.io.FilesKt                                                               : loaded 3 times (x 69B)
Class kotlin.text.StringsKt__StringsKt                                                : loaded 3 times (x 69B)
Class com.google.common.io.CharSource$ConcatenatedCharSource                          : loaded 3 times (x 84B)
Class com.google.common.graph.SuccessorsFunction                                      : loaded 3 times (x 68B)
Class kotlin.collections.CollectionsKt__CollectionsKt                                 : loaded 3 times (x 69B)
Class com.google.common.collect.ImmutableMap$1                                        : loaded 3 times (x 79B)
Class com.google.common.base.CharMatcher$JavaIsoControl                               : loaded 3 times (x 110B)
Class com.google.common.base.Equivalence                                              : loaded 3 times (x 80B)
Class kotlin.coroutines.jvm.internal.RestrictedSuspendLambda                          : loaded 3 times (x 89B)
Class com.google.common.collect.Sets$4                                                : loaded 3 times (x 137B)
Class com.google.common.collect.Maps$BiMapConverter                                   : loaded 3 times (x 88B)
Class com.google.common.collect.ReverseOrdering                                       : loaded 3 times (x 113B)
Class com.google.common.primitives.Ints                                               : loaded 3 times (x 69B)
Class com.google.common.base.Splitter$1                                               : loaded 3 times (x 75B)
Class kotlin.collections.CollectionsKt__IteratorsKt                                   : loaded 3 times (x 69B)
Class [Lcom.android.ide.common.repository.AgpVersion$PreviewKind;                     : loaded 3 times (x 67B)
Class kotlin.collections.ArraysKt__ArraysKt                                           : loaded 3 times (x 69B)
Class kotlin.NotImplementedError                                                      : loaded 3 times (x 80B)
Class com.android.ide.common.gradle.Version$Companion                                 : loaded 3 times (x 69B)
Class kotlin.ranges.RangesKt__RangesKt                                                : loaded 3 times (x 69B)
Class org.objectweb.asm.ClassReader                                                   : loaded 3 times (x 91B)
Class kotlin.collections.CollectionsKt___CollectionsJvmKt                             : loaded 3 times (x 69B)
Class kotlin.coroutines.jvm.internal.SuspendFunction                                  : loaded 3 times (x 68B)
Class kotlin.text.MatcherMatchResult$groups$1                                         : loaded 3 times (x 149B)
Class com.android.ide.common.gradle.Numeric                                           : loaded 3 times (x 75B)
Class kotlin.collections.CollectionsKt                                                : loaded 3 times (x 69B)
Class com.google.common.collect.AbstractMapBasedMultimap$RandomAccessWrappedList      : loaded 3 times (x 165B)
Class com.google.common.base.CharMatcher$RangesMatcher                                : loaded 3 times (x 110B)
Class kotlin.Unit                                                                     : loaded 3 times (x 69B)
Class kotlin.reflect.KDeclarationContainer                                            : loaded 3 times (x 68B)
Class kotlin.collections.ArrayDeque$Companion                                         : loaded 3 times (x 69B)
Class kotlin.text.StringsKt___StringsKt                                               : loaded 3 times (x 69B)
Class com.google.common.collect.ArrayListMultimapGwtSerializationDependencies         : loaded 3 times (x 170B)
Class kotlin.text.MatcherMatchResult$groupValues$1                                    : loaded 3 times (x 158B)
Class kotlin.collections.ArraysKt___ArraysKt$asSequence$$inlined$Sequence$1           : loaded 3 times (x 73B)
Class kotlin.text.StringsKt                                                           : loaded 3 times (x 69B)
Class com.google.common.collect.AbstractMapBasedMultimap$KeySet                       : loaded 3 times (x 135B)
Class kotlin.coroutines.intrinsics.CoroutineSingletons                                : loaded 3 times (x 77B)
Class com.google.common.base.CharMatcher$Any                                          : loaded 3 times (x 110B)
Class com.google.common.collect.AbstractListMultimap                                  : loaded 3 times (x 170B)
Class com.google.common.collect.IndexedImmutableSet$1                                 : loaded 3 times (x 172B)
Class com.google.common.collect.ForwardingCollection                                  : loaded 3 times (x 128B)
Class com.google.common.collect.AbstractMapBasedMultimap$WrappedCollection            : loaded 3 times (x 122B)
Class com.android.ide.common.repository.AgpVersion$PreviewKind                        : loaded 3 times (x 77B)
Class kotlin.collections.AbstractMutableList                                          : loaded 3 times (x 166B)
Class [Lcom.google.common.collect.AbstractMapEntry;                                   : loaded 3 times (x 67B)
Class com.google.common.collect.IndexedImmutableSet                                   : loaded 3 times (x 148B)
Class kotlin.Pair                                                                     : loaded 3 times (x 70B)
Class com.google.common.io.Files$FileByteSink                                         : loaded 3 times (x 75B)
Class kotlin.io.FilesKt__FileReadWriteKt                                              : loaded 3 times (x 69B)
Class kotlin.coroutines.jvm.internal.RestrictedContinuationImpl                       : loaded 3 times (x 85B)
Class com.android.utils.StringHelper                                                  : loaded 3 times (x 69B)
Class com.google.common.base.CharMatcher$Ascii                                        : loaded 3 times (x 110B)
Class com.google.common.io.ByteSink                                                   : loaded 3 times (x 74B)
Class kotlin.collections.CollectionsKt__IterablesKt                                   : loaded 3 times (x 69B)
Class kotlin.Function                                                                 : loaded 3 times (x 68B)
Class kotlin.text.MatcherMatchResult                                                  : loaded 3 times (x 78B)
Class kotlin.reflect.KCallable                                                        : loaded 3 times (x 68B)
Class kotlin.jvm.internal.FunctionBase                                                : loaded 3 times (x 68B)
Class kotlin.collections.SetsKt                                                       : loaded 3 times (x 69B)
Class com.google.common.io.ByteSource                                                 : loaded 3 times (x 82B)
Class com.google.common.base.AbstractIterator$1                                       : loaded 3 times (x 69B)
Class com.google.common.collect.ExplicitOrdering                                      : loaded 3 times (x 113B)
Class kotlin.UninitializedPropertyAccessException                                     : loaded 3 times (x 80B)
Class com.google.common.collect.SortedSetMultimap                                     : loaded 3 times (x 68B)
Class com.google.common.collect.AbstractMapBasedMultimap$WrappedCollection$WrappedIterator: loaded 3 times (x 82B)
Class com.google.common.base.AbstractIterator                                         : loaded 3 times (x 78B)
Class com.google.common.collect.ImmutableMap$Builder                                  : loaded 3 times (x 80B)
Class com.google.common.collect.Maps$8                                                : loaded 3 times (x 80B)
Class [Lcom.google.common.base.AbstractIterator$State;                                : loaded 3 times (x 67B)
Class com.android.utils.FileUtils                                                     : loaded 3 times (x 69B)
Class org.objectweb.asm.MethodWriter                                                  : loaded 3 times (x 104B)
Class com.google.common.base.PatternCompiler                                          : loaded 3 times (x 68B)
Class com.google.common.primitives.Ints$IntConverter                                  : loaded 3 times (x 88B)
Class com.google.common.base.Charsets                                                 : loaded 3 times (x 69B)
Class com.google.common.io.CharSource$StringCharSource                                : loaded 3 times (x 84B)
Class androidx.navigation.lint.BaseTypeSafeDestinationMissingAnnotationDetectorKt     : loaded 3 times (x 69B)
Class kotlin.collections.AbstractList$Companion                                       : loaded 3 times (x 69B)
Class kotlin.sequences.SequencesKt__SequenceBuilderKt$sequence$$inlined$Sequence$1    : loaded 3 times (x 73B)
Class kotlin.collections.CollectionsKt___CollectionsKt                                : loaded 3 times (x 69B)
Class kotlin.Result$Failure                                                           : loaded 3 times (x 70B)
Class kotlin.ranges.RangesKt___RangesKt                                               : loaded 3 times (x 69B)
Class com.google.common.collect.Maps$KeySet                                           : loaded 3 times (x 135B)
Class kotlin.Result$Companion                                                         : loaded 3 times (x 69B)
Class kotlin.text.CharsKt                                                             : loaded 3 times (x 69B)
Class kotlin.reflect.KAnnotatedElement                                                : loaded 3 times (x 68B)
Class com.google.common.collect.Sets$SetView                                          : loaded 3 times (x 136B)
Class com.google.common.collect.ImmutableBiMapFauxverideShim                          : loaded 3 times (x 118B)
Class kotlin.Triple                                                                   : loaded 3 times (x 70B)
Class com.google.common.collect.ImmutableMapEntrySet                                  : loaded 3 times (x 149B)
Class kotlin.KotlinNullPointerException                                               : loaded 3 times (x 81B)
Class kotlin.ranges.ClosedRange                                                       : loaded 3 times (x 68B)
Class com.google.common.collect.BiMap                                                 : loaded 3 times (x 68B)
Class com.google.common.collect.Multimaps                                             : loaded 3 times (x 69B)
Class [Lkotlin.coroutines.intrinsics.CoroutineSingletons;                             : loaded 3 times (x 67B)
Class [Lkotlin.sequences.Sequence;                                                    : loaded 3 times (x 67B)
Class kotlin.coroutines.intrinsics.IntrinsicsKt                                       : loaded 3 times (x 69B)
Class kotlin.collections.IntIterator                                                  : loaded 3 times (x 80B)
Class com.google.common.collect.Platform                                              : loaded 3 times (x 69B)
Class gnu.trove.TObjectCanonicalHashingStrategy                                       : loaded 3 times (x 78B)
Class com.google.common.base.Platform                                                 : loaded 3 times (x 69B)
Class com.google.common.io.Closer$SuppressingSuppressor                               : loaded 3 times (x 73B)
Class kotlin.jvm.internal.markers.KMutableIterable                                    : loaded 3 times (x 68B)
Class kotlin.jvm.functions.Function4                                                  : loaded 3 times (x 68B)
Class com.google.common.math.IntMath$1                                                : loaded 3 times (x 69B)
Class com.google.common.collect.AbstractMapBasedMultimap                              : loaded 3 times (x 137B)
Class kotlin.jvm.functions.Function2                                                  : loaded 3 times (x 68B)
Class kotlin.jvm.functions.Function1                                                  : loaded 3 times (x 68B)
Class org.objectweb.asm.Label                                                         : loaded 3 times (x 71B)
Class kotlin.jvm.functions.Function0                                                  : loaded 3 times (x 68B)
Class kotlin.ranges.IntProgressionIterator                                            : loaded 3 times (x 80B)
Class kotlin.enums.EnumEntriesList                                                    : loaded 3 times (x 183B)
Class com.intellij.gradle.toolingExtension.util.GradleVersionUtil                     : loaded 3 times (x 69B)
Class com.android.ide.common.gradle.Version$Companion$ParseState$EMPTY                : loaded 3 times (x 72B)
Class com.google.common.base.Splitter$SplittingIterator                               : loaded 3 times (x 82B)
Class kotlin.collections.MapsKt___MapsJvmKt                                           : loaded 3 times (x 69B)
Class com.google.common.collect.TransformedIterator                                   : loaded 3 times (x 78B)
Class kotlin.collections.SetsKt__SetsJVMKt                                            : loaded 3 times (x 69B)
Class kotlin.sequences.FlatteningSequence$iterator$1                                  : loaded 3 times (x 77B)
Class kotlin.jvm.internal.Ref$BooleanRef                                              : loaded 3 times (x 69B)
Class com.google.common.collect.CollectCollectors                                     : loaded 3 times (x 69B)
Class com.android.ide.common.repository.AgpVersion$Companion                          : loaded 3 times (x 69B)
Class gnu.trove.Equality                                                              : loaded 3 times (x 68B)
Class kotlin.sequences.SequencesKt___SequencesKt                                      : loaded 3 times (x 69B)
Class com.google.common.math.MathPreconditions                                        : loaded 3 times (x 69B)
Class kotlin.collections.CollectionsKt__CollectionsJVMKt                              : loaded 3 times (x 69B)
Class kotlin.annotation.Retention                                                     : loaded 3 times (x 68B)
Class kotlin.Result                                                                   : loaded 3 times (x 70B)
Class kotlin.sequences.FlatteningSequence                                             : loaded 3 times (x 73B)
Class com.google.common.collect.Sets$ImprovedAbstractSet                              : loaded 3 times (x 133B)
Class com.google.common.io.ByteStreams$1                                              : loaded 3 times (x 83B)
Class kotlin.sequences.FilteringSequence$iterator$1                                   : loaded 3 times (x 77B)
Class kotlin.text.StringsKt__StringBuilderKt                                          : loaded 3 times (x 69B)
Class [Lcom.google.common.collect.ImmutableEntry;                                     : loaded 3 times (x 67B)
Class kotlin.NoWhenBranchMatchedException                                             : loaded 3 times (x 80B)
Class kotlin.collections.AbstractIterator                                             : loaded 3 times (x 81B)
Class kotlin.text.StringsKt__RegexExtensionsKt                                        : loaded 3 times (x 69B)
Class com.google.common.collect.ImmutableSet$JdkBackedSetBuilderImpl                  : loaded 3 times (x 74B)
Class kotlin.sequences.SequencesKt__SequencesJVMKt                                    : loaded 3 times (x 69B)
Class kotlin.sequences.SequencesKt__SequencesKt                                       : loaded 3 times (x 69B)
Class com.google.common.base.Splitter$1$1                                             : loaded 3 times (x 84B)
Class kotlin.annotation.Target                                                        : loaded 3 times (x 68B)
Class kotlin.sequences.FilteringSequence                                              : loaded 3 times (x 73B)
Class kotlin.collections.ArraysKt__ArraysJVMKt                                        : loaded 3 times (x 69B)
Class com.google.common.io.ByteSource$ByteArrayByteSource                             : loaded 3 times (x 83B)
Class kotlin.collections.CollectionsKt__IteratorsJVMKt                                : loaded 3 times (x 69B)
Class kotlin.text.StringsKt__StringBuilderJVMKt                                       : loaded 3 times (x 69B)
Class kotlin.Metadata                                                                 : loaded 3 times (x 68B)
Class [Lcom.google.common.collect.ImmutableMapEntry;                                  : loaded 3 times (x 67B)
Class com.google.common.collect.ImmutableMapEntrySet$RegularEntrySet                  : loaded 3 times (x 149B)
Class com.google.common.base.Splitter$Strategy                                        : loaded 3 times (x 68B)
Class kotlin.collections.SetsKt___SetsKt                                              : loaded 3 times (x 69B)
Class com.google.common.collect.ArrayListMultimap                                     : loaded 3 times (x 170B)
Class com.android.ide.common.gradle.Part                                              : loaded 3 times (x 75B)
Class kotlin.text.MatchGroupCollection                                                : loaded 3 times (x 68B)
Class kotlin.jvm.internal.DefaultConstructorMarker                                    : loaded 3 times (x 69B)
Class com.google.common.io.Files                                                      : loaded 3 times (x 69B)
Class com.google.common.base.Equivalence$Identity                                     : loaded 3 times (x 80B)
Class kotlin.text.StringsKt__StringsJVMKt                                             : loaded 3 times (x 69B)
Class com.google.common.base.Strings                                                  : loaded 3 times (x 69B)
Class [Lorg.objectweb.asm.Attribute;                                                  : loaded 3 times (x 67B)
Class com.google.common.base.CharMatcher$None                                         : loaded 3 times (x 110B)
Class gnu.trove.TObjectHashingStrategy                                                : loaded 3 times (x 68B)
Class kotlin.comparisons.ComparisonsKt___ComparisonsJvmKt                             : loaded 3 times (x 69B)
Class kotlin.jvm.internal.FunctionReferenceImpl                                       : loaded 3 times (x 120B)
Class kotlin.collections.AbstractCollection                                           : loaded 3 times (x 115B)
Class com.google.common.collect.RegularImmutableMap                                   : loaded 3 times (x 119B)
Class com.google.common.io.Closer                                                     : loaded 3 times (x 76B)
Class kotlin.collections.CollectionsKt___CollectionsKt$asSequence$$inlined$Sequence$1 : loaded 3 times (x 73B)
Class com.google.common.collect.Maps                                                  : loaded 3 times (x 69B)
Class kotlin.collections.EmptyIterator                                                : loaded 3 times (x 87B)
Class kotlin.collections.AbstractList                                                 : loaded 3 times (x 157B)
Class com.google.common.collect.LexicographicalOrdering                               : loaded 3 times (x 113B)
Class kotlin.sequences.SequencesKt                                                    : loaded 3 times (x 69B)
Class com.google.common.primitives.IntsMethodsForWeb                                  : loaded 3 times (x 69B)
Class com.google.common.collect.UsingToStringOrdering                                 : loaded 3 times (x 112B)
Class com.google.common.collect.CollectPreconditions                                  : loaded 3 times (x 69B)
Class com.google.common.collect.RegularImmutableMap$KeySet                            : loaded 3 times (x 148B)
Class com.google.common.base.Platform$JdkPatternCompiler                              : loaded 3 times (x 73B)
Class kotlin.collections.ArrayDeque                                                   : loaded 3 times (x 167B)
Class com.google.common.collect.ComparatorOrdering                                    : loaded 3 times (x 113B)
Class kotlin.text.MatchResult$DefaultImpls                                            : loaded 3 times (x 69B)
Class kotlin.text.MatchResult$Destructured                                            : loaded 3 times (x 70B)
Class com.google.common.collect.AllEqualOrdering                                      : loaded 3 times (x 112B)
Class org.gradle.internal.IoActions                                                   : loaded 3 times (x 69B)
Class kotlin.collections.CollectionsKt__MutableCollectionsKt                          : loaded 3 times (x 69B)
Class kotlin.coroutines.CoroutineContext                                              : loaded 3 times (x 68B)
Class [Lcom.android.ide.common.gradle.Separator;                                      : loaded 3 times (x 67B)
Class kotlin.ranges.IntRange                                                          : loaded 3 times (x 91B)
Class kotlin.ResultKt                                                                 : loaded 3 times (x 69B)
Class com.google.common.base.CharMatcher$SingleWidth                                  : loaded 3 times (x 110B)
Class kotlin.collections.SetsKt__SetsKt                                               : loaded 3 times (x 69B)
Class com.google.common.io.CharSource                                                 : loaded 3 times (x 83B)
Class com.google.common.collect.Hashing                                               : loaded 3 times (x 69B)
Class com.google.common.base.Equivalence$Equals                                       : loaded 3 times (x 80B)
Class kotlin.ranges.IntRange$Companion                                                : loaded 3 times (x 69B)
Class com.google.common.io.ByteStreams$LimitedInputStream                             : loaded 3 times (x 90B)
Class kotlin.ranges.OpenEndRange                                                      : loaded 3 times (x 68B)
Class com.google.common.collect.NullsFirstOrdering                                    : loaded 3 times (x 113B)
Class com.google.common.base.CharMatcher$JavaUpperCase                                : loaded 3 times (x 109B)
Class com.google.common.collect.Multiset                                              : loaded 3 times (x 68B)
Class org.objectweb.asm.Context                                                       : loaded 3 times (x 70B)
Class com.google.common.collect.RegularImmutableMap$BucketOverflowException           : loaded 3 times (x 80B)
Class kotlin.comparisons.ComparisonsKt__ComparisonsKt                                 : loaded 3 times (x 69B)
Class kotlin.collections.EmptyMap                                                     : loaded 3 times (x 107B)
Class kotlin.collections.CollectionsKt__ReversedViewsKt                               : loaded 3 times (x 69B)
Class kotlin.text.StringsKt___StringsJvmKt                                            : loaded 3 times (x 69B)
Class kotlin.jvm.internal.ArrayIterator                                               : loaded 3 times (x 77B)
Class com.google.common.base.CharMatcher$Whitespace                                   : loaded 3 times (x 110B)
Class com.google.common.collect.NaturalOrdering                                       : loaded 3 times (x 113B)
Class com.android.ide.common.repository.AgpVersion$PreviewKind$Companion              : loaded 3 times (x 69B)
Class kotlin.jvm.internal.Intrinsics                                                  : loaded 3 times (x 69B)
Class org.objectweb.asm.MethodVisitor                                                 : loaded 3 times (x 103B)
Class com.google.common.collect.NullsLastOrdering                                     : loaded 3 times (x 113B)
Class com.google.common.base.JdkPattern                                               : loaded 3 times (x 73B)
Class com.google.common.collect.Iterators$EmptyModifiableIterator                     : loaded 3 times (x 84B)
Class com.google.common.collect.AbstractMapBasedMultimap$KeySet$1                     : loaded 3 times (x 80B)
Class kotlin.coroutines.EmptyCoroutineContext                                         : loaded 3 times (x 75B)
Class com.google.common.collect.ByFunctionOrdering                                    : loaded 3 times (x 113B)
Class com.google.common.collect.Iterators$10                                          : loaded 3 times (x 79B)
Class kotlin.jvm.internal.FunctionReference                                           : loaded 3 times (x 120B)
Class com.google.common.collect.ObjectArrays                                          : loaded 3 times (x 69B)
Class com.google.common.collect.Ordering                                              : loaded 3 times (x 112B)
Class com.google.common.base.FunctionalEquivalence                                    : loaded 3 times (x 81B)
Class org.objectweb.asm.AnnotationVisitor                                             : loaded 3 times (x 76B)
Class kotlin.collections.EmptyList                                                    : loaded 3 times (x 134B)
Class kotlin.collections.CollectionsKt__MutableCollectionsJVMKt                       : loaded 3 times (x 69B)
Class com.google.common.collect.ImmutableMapEntry$NonTerminalImmutableMapEntry        : loaded 3 times (x 83B)
Class kotlin.sequences.SequenceScope                                                  : loaded 3 times (x 71B)
Class kotlin.sequences.TransformingSequence                                           : loaded 3 times (x 73B)
Class com.google.common.collect.ImmutableEnumMap                                      : loaded 3 times (x 123B)
Class com.google.common.io.ByteSource$AsCharSource                                    : loaded 3 times (x 84B)
Class com.google.common.collect.RegularImmutableMap$Values                            : loaded 3 times (x 167B)
Class kotlin.jvm.internal.markers.KMappedMarker                                       : loaded 3 times (x 68B)
Class com.google.common.base.PairwiseEquivalence                                      : loaded 3 times (x 81B)
Class com.google.common.collect.RegularImmutableBiMap                                 : loaded 3 times (x 146B)
Class kotlin.sequences.SequencesKt__SequenceBuilderKt                                 : loaded 3 times (x 69B)
Class kotlin.collections.ArraysKt___ArraysJvmKt                                       : loaded 3 times (x 69B)
Class kotlin.jvm.internal.markers.KMutableCollection                                  : loaded 3 times (x 68B)
Class kotlin.text.RegexKt                                                             : loaded 3 times (x 69B)
Class com.google.common.collect.CompoundOrdering                                      : loaded 3 times (x 113B)
Class kotlin.KotlinNothingValueException                                              : loaded 3 times (x 80B)
Class com.google.common.collect.ForwardingObject                                      : loaded 3 times (x 70B)
Class com.google.common.base.CharMatcher$JavaLetterOrDigit                            : loaded 3 times (x 109B)
Class org.gradle.api.GradleException                                                  : loaded 3 times (x 80B)
Class kotlin.text.StringsKt__StringNumberConversionsKt                                : loaded 3 times (x 69B)
Class com.google.common.collect.AbstractMapBasedMultimap$NavigableKeySet              : loaded 2 times (x 212B)
Class [Lcom.android.builder.model.v2.models.ndk.NativeBuildSystem;                    : loaded 2 times (x 67B)
Class org.jetbrains.kotlin.idea.gradleTooling.AndroidAwareGradleModelProvider$Companion: loaded 2 times (x 69B)
Class org.jetbrains.plugins.gradle.tooling.serialization.internal.IdeaProjectSerializationService$WriteContext$4: loaded 2 times (x 81B)
Class org.gradle.internal.classloader.VisitableURLClassLoader$Spec                    : loaded 2 times (x 72B)
Class org.jetbrains.plugins.gradle.tooling.serialization.internal.IdeaProjectSerializationService$WriteContext$5: loaded 2 times (x 81B)
Class org.gradle.tooling.model.ProjectModel                                           : loaded 2 times (x 68B)
Class org.jetbrains.plugins.gradle.tooling.serialization.internal.IdeaProjectSerializationService$WriteContext$6: loaded 2 times (x 81B)
Class org.jetbrains.plugins.gradle.tooling.serialization.internal.IdeaProjectSerializationService$WriteContext$3: loaded 2 times (x 81B)
Class org.jetbrains.plugins.gradle.tooling.serialization.internal.IdeaProjectSerializationService$WriteContext$2: loaded 2 times (x 81B)
Class org.jetbrains.plugins.gradle.tooling.serialization.internal.IdeaProjectSerializationService$WriteContext$7: loaded 2 times (x 81B)
Class org.gradle.tooling.internal.gradle.DefaultProjectIdentifier                     : loaded 2 times (x 84B)
Class kotlin.reflect.jvm.internal.KCallableImpl$_annotations$1                        : loaded 2 times (x 77B)
Class org.jetbrains.plugins.gradle.tooling.serialization.internal.IdeaProjectSerializationService$WriteContext$8: loaded 2 times (x 81B)
Class com.google.protobuf.MessageLite                                                 : loaded 2 times (x 68B)
Class com.intellij.util.containers.IntObjectHashMap                                   : loaded 2 times (x 70B)
Class org.gradle.api.internal.classpath.ModuleRegistry                                : loaded 2 times (x 68B)
Class com.google.common.hash.HashCode$LongHashCode                                    : loaded 2 times (x 78B)
Class com.android.tools.lint.model.LintModelSerialization                             : loaded 2 times (x 74B)
Class org.jetbrains.plugins.gradle.model.VersionCatalogsModel                         : loaded 2 times (x 68B)
Class kotlin.jvm.internal.PropertyReference2Impl                                      : loaded 2 times (x 125B)
Class org.jetbrains.kotlin.cli.common.messages.MessageCollector                       : loaded 2 times (x 68B)
Class org.jetbrains.plugins.gradle.tooling.serialization.internal.IdeaProjectSerializationService$WriteContext$1: loaded 2 times (x 81B)
Class com.android.tools.lint.model.DefaultLintModelDependencies                       : loaded 2 times (x 77B)
Class com.google.common.reflect.TypeToken$1                                           : loaded 2 times (x 106B)
Class com.google.common.cache.CacheBuilder                                            : loaded 2 times (x 70B)
Class com.amazon.ion.impl.bin.utf8.Utf8StringEncoder$Result                           : loaded 2 times (x 72B)
Class com.google.common.reflect.TypeToken$2                                           : loaded 2 times (x 106B)
Class org.objectweb.asm.ByteVector                                                    : loaded 2 times (x 77B)
Class com.amazon.ion.impl.bin.PooledBlockAllocatorProvider$PooledBlockAllocator       : loaded 2 times (x 79B)
Class com.google.protobuf.Message$Builder                                             : loaded 2 times (x 68B)
Class kotlin.collections.ArrayAsCollection                                            : loaded 2 times (x 103B)
Class com.android.builder.model.v2.ide.LibraryType                                    : loaded 2 times (x 77B)
Class com.android.io.CancellableFileIo                                                : loaded 2 times (x 69B)
Class com.intellij.util.containers.UtilKt                                             : loaded 2 times (x 69B)
Class com.intellij.gradle.toolingExtension.impl.model.projectModel.GradleExternalProjectSerializationService: loaded 2 times (x 75B)
Class org.gradle.api.JavaVersion                                                      : loaded 2 times (x 77B)
Class com.google.protobuf.ByteString$LeafByteString                                   : loaded 2 times (x 101B)
Class com.android.builder.model.v2.ide.TestedTargetVariant                            : loaded 2 times (x 68B)
Class com.amazon.ion.impl._Private_RecyclingStack                                     : loaded 2 times (x 77B)
Class kotlin.reflect.jvm.internal.KCallableImpl$_typeParameters$1                     : loaded 2 times (x 77B)
Class kotlin.collections.AbstractIterator$WhenMappings                                : loaded 2 times (x 69B)
Class com.amazon.ion.impl.IonWriterSystemText                                         : loaded 2 times (x 188B)
Class com.google.common.base.Ticker                                                   : loaded 2 times (x 70B)
Class com.amazon.ion.impl.bin.WriteBuffer                                             : loaded 2 times (x 76B)
Class org.jetbrains.kotlin.name.FqName                                                : loaded 2 times (x 70B)
Class org.gradle.tooling.internal.adapter.TypeInspector                               : loaded 2 times (x 71B)
Class org.gradle.api.internal.ClassPathProvider                                       : loaded 2 times (x 68B)
Class com.google.common.cache.LocalCache$2                                            : loaded 2 times (x 140B)
Class com.google.common.base.Ascii                                                    : loaded 2 times (x 69B)
Class com.android.utils.ILogger                                                       : loaded 2 times (x 68B)
Class kotlin.KotlinVersion$Companion                                                  : loaded 2 times (x 69B)
Class org.objectweb.asm.ModuleWriter                                                  : loaded 2 times (x 80B)
Class org.gradle.internal.classloader.ClasspathUtil$1                                 : loaded 2 times (x 74B)
Class com.android.ide.common.blame.SourcePosition                                     : loaded 2 times (x 69B)
Class com.android.builder.model.v2.dsl.DependenciesInfo                               : loaded 2 times (x 68B)
Class com.android.builder.model.v2.ide.SyncIssue                                      : loaded 2 times (x 68B)
Class gnu.trove.PrimeFinder                                                           : loaded 2 times (x 69B)
Class org.jetbrains.plugins.gradle.tooling.serialization.ExternalTestsSerializationService$ReadContext: loaded 2 times (x 70B)
Class kotlin.reflect.jvm.internal.KProperty2Impl                                      : loaded 2 times (x 126B)
Class com.google.protobuf.UnknownFieldSet$Parser                                      : loaded 2 times (x 148B)
Class [Lcom.amazon.ion.impl.bin._Private_IonManagedBinaryWriterBuilder$AllocatorMode; : loaded 2 times (x 67B)
Class org.gradle.tooling.model.DomainObjectSet                                        : loaded 2 times (x 68B)
Class kotlin.reflect.jvm.internal.KPackageImpl$data$1                                 : loaded 2 times (x 77B)
Class com.google.protobuf.AbstractParser                                              : loaded 2 times (x 148B)
Class org.jetbrains.plugins.gradle.model.ExternalProjectDependency                    : loaded 2 times (x 68B)
Class com.amazon.ion.IonSymbol                                                        : loaded 2 times (x 68B)
Class com.google.common.cache.LocalCache$1                                            : loaded 2 times (x 87B)
Class com.google.common.collect.ForwardingMap                                         : loaded 2 times (x 130B)
Class org.jetbrains.plugins.gradle.model.ExternalSourceSet                            : loaded 2 times (x 68B)
Class com.google.protobuf.Utf8$UnpairedSurrogateException                             : loaded 2 times (x 80B)
Class com.amazon.ion.impl.bin.Symbols                                                 : loaded 2 times (x 69B)
Class com.google.common.hash.AbstractHasher                                           : loaded 2 times (x 140B)
Class com.intellij.openapi.util.io.FileUtil                                           : loaded 2 times (x 69B)
Class [Lorg.jetbrains.kotlin.utils.DescriptionAware;                                  : loaded 2 times (x 67B)
Class org.objectweb.asm.RecordComponentWriter                                         : loaded 2 times (x 76B)
Class com.google.protobuf.Extension                                                   : loaded 2 times (x 83B)
Class [Lorg.jetbrains.kotlin.config.ExplicitApiMode;                                  : loaded 2 times (x 67B)
Class org.jetbrains.kotlin.config.AnalysisFlag                                        : loaded 2 times (x 70B)
Class [Lcom.amazon.ion.util.InputStreamInterceptor;                                   : loaded 2 times (x 67B)
Class com.google.protobuf.UninitializedMessageException                               : loaded 2 times (x 82B)
Class com.google.common.cache.AbstractCache$StatsCounter                              : loaded 2 times (x 68B)
Class org.objectweb.asm.FieldVisitor                                                  : loaded 2 times (x 75B)
Class com.android.tools.lint.model.DefaultLintModelDependencyGraph                    : loaded 2 times (x 76B)
Class com.google.protobuf.CodedInputStream$StreamDecoder                              : loaded 2 times (x 118B)
Class it.unimi.dsi.fastutil.objects.ObjectCollection                                  : loaded 2 times (x 68B)
Class com.android.builder.model.v2.dsl.ProductFlavor                                  : loaded 2 times (x 68B)
Class org.objectweb.asm.Symbol                                                        : loaded 2 times (x 71B)
Class com.intellij.openapi.util.io.FileUtil$1                                         : loaded 2 times (x 75B)
Class com.intellij.openapi.util.io.FileUtil$2                                         : loaded 2 times (x 80B)
Class it.unimi.dsi.fastutil.HashCommon                                                : loaded 2 times (x 69B)
Class com.android.builder.model.v2.ide.ApiVersion                                     : loaded 2 times (x 68B)
Class com.amazon.ion.impl.bin.BlockAllocator                                          : loaded 2 times (x 78B)
Class io.opentelemetry.api.trace.Tracer                                               : loaded 2 times (x 68B)
Class com.amazon.ion.IonBufferConfiguration                                           : loaded 2 times (x 71B)
Class com.google.common.reflect.TypeToken                                             : loaded 2 times (x 71B)
Class com.android.tools.lint.model.LintModelLintOptions                               : loaded 2 times (x 68B)
Class kotlin.reflect.jvm.internal.ReflectProperties$Val$1                             : loaded 2 times (x 69B)
Class com.android.builder.model.v2.ide.SyncIssue$Companion                            : loaded 2 times (x 69B)
Class com.google.common.cache.LocalCache$Strength$1                                   : loaded 2 times (x 79B)
Class com.amazon.ion.IonCatalog                                                       : loaded 2 times (x 68B)
Class com.google.common.collect.EmptyImmutableListMultimap                            : loaded 2 times (x 174B)
Class com.google.common.cache.LocalCache$Strength$2                                   : loaded 2 times (x 79B)
Class com.google.common.cache.LocalCache$Strength$3                                   : loaded 2 times (x 79B)
Class org.gradle.internal.classloader.ClassLoaderFactory                              : loaded 2 times (x 68B)
Class com.amazon.ion.impl.bin.IonManagedBinaryWriter$LocalSymbolTableView             : loaded 2 times (x 105B)
Class com.google.protobuf.Internal                                                    : loaded 2 times (x 69B)
Class com.google.common.collect.Cut$AboveAll                                          : loaded 2 times (x 86B)
Class [Lkotlin.reflect.jvm.internal.impl.name.FqName;                                 : loaded 2 times (x 67B)
Class com.google.protobuf.Utf8$Processor                                              : loaded 2 times (x 75B)
Class kotlin.io.LinesSequence$iterator$1                                              : loaded 2 times (x 77B)
Class com.google.common.base.Absent                                                   : loaded 2 times (x 78B)
Class com.google.common.util.concurrent.AbstractFuture$Waiter                         : loaded 2 times (x 70B)
Class com.android.tools.lint.model.LintModelSerialization$LintModelSerializationAdapter: loaded 2 times (x 68B)
Class com.google.gson.internal.bind.JsonTreeReader                                    : loaded 2 times (x 96B)
Class com.amazon.ion.system.IonWriterBuilder                                          : loaded 2 times (x 72B)
Class com.amazon.ion.impl.LocalSymbolTableAsStruct$Factory                            : loaded 2 times (x 77B)
Class com.google.common.util.concurrent.Uninterruptibles                              : loaded 2 times (x 69B)
Class kotlin.reflect.jvm.internal.impl.builtins.PrimitiveType$arrayTypeFqName$2       : loaded 2 times (x 77B)
Class com.google.common.base.Optional                                                 : loaded 2 times (x 78B)
Class jdk.internal.jimage.ImageHeader                                                 : loaded 2 times (x 69B)
Class com.amazon.ion.impl.lite.IonListLite                                            : loaded 2 times (x 450B)
Class jdk.internal.jimage.decompressor.ZipDecompressorFactory                         : loaded 2 times (x 72B)
Class kotlin.reflect.jvm.internal.impl.name.StandardClassIdsKt                        : loaded 2 times (x 69B)
Class com.android.tools.lint.model.LintModelMavenName                                 : loaded 2 times (x 68B)
Class com.google.protobuf.GeneratedMessage$GeneratedExtension                         : loaded 2 times (x 85B)
Class org.jetbrains.plugins.gradle.model.FileCollectionDependency                     : loaded 2 times (x 68B)
Class org.gradle.api.internal.classpath.ManifestUtil                                  : loaded 2 times (x 69B)
Class org.gradle.api.specs.Spec                                                       : loaded 2 times (x 68B)
Class kotlin.reflect.jvm.internal.impl.name.FqNameUnsafe$1                            : loaded 2 times (x 72B)
Class com.android.utils.NullLogger                                                    : loaded 2 times (x 83B)
Class org.jetbrains.kotlin.utils.KotlinExceptionWithAttachments                       : loaded 2 times (x 92B)
Class com.android.prefs.VariableType                                                  : loaded 2 times (x 77B)
Class com.google.common.cache.CacheLoader$UnsupportedLoadingOperationException        : loaded 2 times (x 80B)
Class com.google.gson.JsonIOException                                                 : loaded 2 times (x 80B)
Class com.intellij.openapi.util.Comparing                                             : loaded 2 times (x 69B)
Class com.amazon.ion.impl.bin._Private_IonManagedBinaryWriterBuilder                  : loaded 2 times (x 70B)
Class kotlin.jvm.internal.ReflectionFactory                                           : loaded 2 times (x 89B)
Class kotlin.reflect.jvm.internal.impl.name.SpecialNames                              : loaded 2 times (x 69B)
Class com.google.common.util.concurrent.ListenableFuture                              : loaded 2 times (x 68B)
Class [Lcom.intellij.openapi.diagnostic.LogLevel;                                     : loaded 2 times (x 67B)
Class com.amazon.ion.impl.lite._Private_LiteDomTrampoline                             : loaded 2 times (x 69B)
Class kotlin.jvm.internal.Ref$ObjectRef                                               : loaded 2 times (x 70B)
Class com.amazon.ion.impl.lite.IonValueLite                                           : loaded 2 times (x 145B)
Class com.amazon.ion.IonValue                                                         : loaded 2 times (x 68B)
Class com.amazon.ion.impl.bin.PooledBlockAllocatorProvider$PooledBlockAllocator$1     : loaded 2 times (x 77B)
Class org.gradle.tooling.internal.gradle.GradleBuildIdentity                          : loaded 2 times (x 68B)
Class com.google.protobuf.AbstractMessageLite$Builder                                 : loaded 2 times (x 124B)
Class it.unimi.dsi.fastutil.objects.Object2IntMap                                     : loaded 2 times (x 68B)
Class com.intellij.openapi.diagnostic.Logger                                          : loaded 2 times (x 97B)
Class com.intellij.openapi.util.Pair                                                  : loaded 2 times (x 70B)
Class org.jetbrains.kotlin.utils.exceptions.KotlinExceptionWithAttachments            : loaded 2 times (x 68B)
Class org.gradle.tooling.internal.adapter.ProtocolToModelAdapter$ReflectionMethodInvoker: loaded 2 times (x 74B)
Class org.jetbrains.plugins.gradle.tooling.serialization.GradleExtensionsSerializationService$WriteContext: loaded 2 times (x 70B)
Class org.jetbrains.plugins.gradle.model.GradleConfiguration                          : loaded 2 times (x 68B)
Class com.intellij.gradle.toolingExtension.impl.model.taskModel.GradleTaskSerialisationService$Companion: loaded 2 times (x 69B)
Class kotlin.collections.builders.ListBuilder$Companion                               : loaded 2 times (x 69B)
Class kotlin.coroutines.jvm.internal.ContinuationImpl                                 : loaded 2 times (x 85B)
Class com.google.common.collect.BaseImmutableMultimap                                 : loaded 2 times (x 121B)
Class org.jetbrains.plugins.gradle.model.GradleSourceSetDependencyModel               : loaded 2 times (x 68B)
Class kotlin.reflect.jvm.internal.KotlinReflectionInternalError                       : loaded 2 times (x 80B)
Class org.jetbrains.plugins.gradle.model.GradleExtensions                             : loaded 2 times (x 68B)
Class com.amazon.ion.impl.LocalSymbolTable                                            : loaded 2 times (x 119B)
Class com.google.common.util.concurrent.AbstractFuture$UnsafeAtomicHelper             : loaded 2 times (x 76B)
Class com.android.builder.model.v2.ide.CodeShrinker                                   : loaded 2 times (x 77B)
Class com.android.builder.model.v2.ide.AndroidGradlePluginProjectFlags$BooleanFlag    : loaded 2 times (x 77B)
Class kotlin.jvm.internal.markers.KMutableMap                                         : loaded 2 times (x 68B)
Class com.google.protobuf.Parser                                                      : loaded 2 times (x 68B)
Class com.google.protobuf.CodedInputStream$UnsafeDirectNioDecoder                     : loaded 2 times (x 118B)
Class org.gradle.tooling.internal.adapter.ProtocolToModelAdapter$DefaultViewBuilder   : loaded 2 times (x 78B)
Class kotlin.reflect.jvm.internal.KPropertyImpl$_descriptor$1                         : loaded 2 times (x 77B)
Class kotlin.reflect.full.IllegalPropertyDelegateAccessException                      : loaded 2 times (x 80B)
Class [Lkotlin.reflect.KClassifier;                                                   : loaded 2 times (x 67B)
Class com.amazon.ion.impl.bin.PooledBlockAllocatorProvider                            : loaded 2 times (x 71B)
Class com.google.protobuf.GeneratedMessageV3$1                                        : loaded 2 times (x 76B)
Class com.google.common.cache.LocalCache$LoadingValueReference                        : loaded 2 times (x 94B)
Class com.amazon.ion.SymbolToken                                                      : loaded 2 times (x 68B)
Class com.amazon.ion.impl._Private_IonReaderBuilder                                   : loaded 2 times (x 95B)
Class [Lkotlin.reflect.KClass;                                                        : loaded 2 times (x 67B)
Class kotlin.jvm.internal.Reflection                                                  : loaded 2 times (x 69B)
Class com.intellij.openapi.diagnostic.Attachment                                      : loaded 2 times (x 70B)
Class com.amazon.ion.impl.lite.IonSequenceLite                                        : loaded 2 times (x 392B)
Class com.amazon.ion.IonList                                                          : loaded 2 times (x 68B)
Class com.google.protobuf.GeneratedMessageV3                                          : loaded 2 times (x 175B)
Class com.google.protobuf.ByteString$ByteIterator                                     : loaded 2 times (x 68B)
Class com.android.builder.model.v2.ide.AndroidArtifact                                : loaded 2 times (x 68B)
Class com.android.builder.model.v2.ide.JavaArtifact                                   : loaded 2 times (x 68B)
Class com.intellij.gradle.toolingExtension.impl.model.dependencyModel.DependencyReadContext: loaded 2 times (x 70B)
Class com.google.protobuf.UnsafeUtil$JvmMemoryAccessor                                : loaded 2 times (x 89B)
Class com.google.common.collect.Table                                                 : loaded 2 times (x 68B)
Class org.jetbrains.plugins.gradle.tooling.ModelBuilderService$Parameter              : loaded 2 times (x 68B)
Class com.android.builder.model.v2.dsl.SigningConfig                                  : loaded 2 times (x 68B)
Class com.android.ide.common.gradle.Component                                         : loaded 2 times (x 70B)
Class com.android.tools.lint.model.PathVariables$Companion                            : loaded 2 times (x 69B)
Class com.amazon.ion.UnsupportedIonVersionException                                   : loaded 2 times (x 83B)
Class org.gradle.tooling.GradleConnectionException                                    : loaded 2 times (x 81B)
Class kotlin.reflect.jvm.internal.KProperty1Impl$_getter$1                            : loaded 2 times (x 77B)
Class org.jetbrains.kotlin.config.LanguageFeature$State                               : loaded 2 times (x 80B)
Class com.amazon.ion.impl._Private_IonWriter                                          : loaded 2 times (x 68B)
Class kotlin.reflect.jvm.internal.impl.name.FqNamesUtilKt                             : loaded 2 times (x 69B)
Class kotlin.reflect.jvm.internal.impl.builtins.functions.FunctionTypeKind$KFunction  : loaded 2 times (x 70B)
Class com.android.sdklib.IAndroidTarget                                               : loaded 2 times (x 68B)
Class com.google.common.cache.ReferenceEntry                                          : loaded 2 times (x 68B)
Class it.unimi.dsi.fastutil.ints.Int2ObjectOpenHashMap                                : loaded 2 times (x 220B)
Class com.android.builder.model.v2.models.VariantDependenciesFlatList                 : loaded 2 times (x 68B)
Class org.gradle.tooling.internal.adapter.ObjectGraphAdapter                          : loaded 2 times (x 68B)
Class com.google.common.base.Stopwatch                                                : loaded 2 times (x 70B)
Class kotlin.reflect.KClass                                                           : loaded 2 times (x 68B)
Class kotlin.reflect.jvm.internal.impl.name.FqName                                    : loaded 2 times (x 70B)
Class com.android.ide.common.gradle.Component$Companion                               : loaded 2 times (x 69B)
Class kotlin.jvm.internal.PropertyReference1Impl                                      : loaded 2 times (x 125B)
Class jdk.internal.jimage.ImageReader$SharedImageReader                               : loaded 2 times (x 93B)
Class org.gradle.internal.classloader.DefaultClassLoaderFactory                       : loaded 2 times (x 80B)
Class com.google.common.collect.AbstractMapBasedMultimap$SortedKeySet                 : loaded 2 times (x 164B)
Class org.gradle.tooling.model.idea.IdeaCompilerOutput                                : loaded 2 times (x 68B)
Class kotlin.io.TextStreamsKt                                                         : loaded 2 times (x 69B)
Class com.amazon.ion.impl.lite.IonLoaderLite                                          : loaded 2 times (x 80B)
Class com.google.common.cache.CacheLoader$InvalidCacheLoadException                   : loaded 2 times (x 80B)
Class com.android.ide.common.gradle.Module$Companion                                  : loaded 2 times (x 69B)
Class com.amazon.ion.impl._Private_ByteTransferSink                                   : loaded 2 times (x 68B)
Class kotlin.reflect.jvm.internal.impl.name.Name                                      : loaded 2 times (x 73B)
Class [Lcom.amazon.ion.SymbolTable;                                                   : loaded 2 times (x 67B)
Class com.android.ide.gradle.model.ArtifactIdentifierImpl                             : loaded 2 times (x 75B)
Class jdk.internal.jimage.decompressor.StringSharingDecompressorFactory               : loaded 2 times (x 72B)
Class kotlin.reflect.jvm.internal.KCallableImpl$parametersNeedMFVCFlattening$1        : loaded 2 times (x 77B)
Class gnu.trove.TObjectHash$NULL                                                      : loaded 2 times (x 69B)
Class kotlin.reflect.jvm.internal.KClassImpl$Data$sealedSubclasses$2                  : loaded 2 times (x 77B)
Class com.amazon.ion.impl._Private_IonValue                                           : loaded 2 times (x 68B)
Class com.android.ide.gradle.model.LegacyV1AgpVersionModel                            : loaded 2 times (x 68B)
Class com.google.common.collect.HashMultimapGwtSerializationDependencies              : loaded 2 times (x 172B)
Class org.jetbrains.plugins.gradle.model.DependencyAccessorsModel                     : loaded 2 times (x 68B)
Class kotlin.collections.AbstractMutableSet                                           : loaded 2 times (x 140B)
Class com.google.common.collect.ImmutableMultimap$Builder                             : loaded 2 times (x 81B)
Class com.android.builder.model.v2.ide.VectorDrawablesOptions                         : loaded 2 times (x 68B)
Class com.android.builder.model.v2.models.ndk.NativeVariant                           : loaded 2 times (x 68B)
Class com.android.builder.model.v2.ide.JavaCompileOptions                             : loaded 2 times (x 68B)
Class kotlin.reflect.jvm.internal.CachesKt$CACHE_FOR_GENERIC_CLASSIFIERS$1            : loaded 2 times (x 76B)
Class com.android.ide.common.gradle.Module                                            : loaded 2 times (x 70B)
Class com.google.protobuf.ExtensionRegistry                                           : loaded 2 times (x 85B)
Class com.android.ide.common.gradle.DEV                                               : loaded 2 times (x 75B)
Class com.android.builder.model.v2.models.BasicAndroidProject                         : loaded 2 times (x 68B)
Class com.android.tools.lint.model.DefaultLintModelSourceProvider                     : loaded 2 times (x 82B)
Class com.amazon.ion.IonClob                                                          : loaded 2 times (x 68B)
Class com.intellij.openapi.util.io.FileTooBigException                                : loaded 2 times (x 80B)
Class com.android.prefs.AbstractAndroidLocations$Companion                            : loaded 2 times (x 69B)
Class kotlin.sequences.DropTakeSequence                                               : loaded 2 times (x 68B)
Class com.android.builder.model.v2.ide.TestInfo$Execution                             : loaded 2 times (x 77B)
Class org.jetbrains.kotlin.idea.gradleTooling.KotlinGradlePluginVersion               : loaded 2 times (x 68B)
Class kotlin.reflect.KType                                                            : loaded 2 times (x 68B)
Class org.gradle.api.internal.classpath.EffectiveClassPath                            : loaded 2 times (x 88B)
Class com.amazon.ion.impl.lite.IonBlobLite                                            : loaded 2 times (x 217B)
Class com.amazon.ion.impl.bin.IonRawBinaryWriter$StreamFlushMode                      : loaded 2 times (x 77B)
Class com.amazon.ion.impl._Private_ValueFactory                                       : loaded 2 times (x 68B)
Class kotlin.reflect.jvm.internal.impl.builtins.jvm.JavaToKotlinClassMap$PlatformMutabilityMapping: loaded 2 times (x 70B)
Class com.google.common.util.concurrent.AbstractFuture$SynchronizedHelper             : loaded 2 times (x 76B)
Class com.amazon.ion.BufferConfiguration$Builder                                      : loaded 2 times (x 76B)
Class com.amazon.ion.impl.lite.IonBoolLite                                            : loaded 2 times (x 176B)
Class [Lkotlin.reflect.jvm.internal.impl.builtins.jvm.JavaToKotlinClassMap$PlatformMutabilityMapping;: loaded 2 times (x 67B)
Class com.android.prefs.QueryResult                                                   : loaded 2 times (x 82B)
Class com.android.builder.model.v2.ide.Installation                                   : loaded 2 times (x 68B)
Class com.google.common.cache.CacheLoader$FunctionToCacheLoader                       : loaded 2 times (x 73B)
Class com.intellij.gradle.toolingExtension.impl.model.warmUp.GradleTaskWarmUpRequest  : loaded 2 times (x 68B)
Class com.google.common.cache.CacheBuilder$1                                          : loaded 2 times (x 83B)
Class com.android.tools.lint.model.LintModelExternalLibrary                           : loaded 2 times (x 68B)
Class org.jetbrains.plugins.gradle.model.ClasspathEntryModel                          : loaded 2 times (x 68B)
Class com.google.common.cache.CacheBuilder$2                                          : loaded 2 times (x 70B)
Class com.amazon.ion.impl.bin.utf8.Utf8StringEncoder                                  : loaded 2 times (x 78B)
Class com.amazon.ion.IonSexp                                                          : loaded 2 times (x 68B)
Class kotlin.reflect.jvm.internal.KClassImpl$Data$constructors$2                      : loaded 2 times (x 77B)
Class com.amazon.ion.impl.lite.IonSystemLite                                          : loaded 2 times (x 273B)
Class it.unimi.dsi.fastutil.objects.ReferenceCollection                               : loaded 2 times (x 68B)
Class com.android.builder.model.v2.models.Versions                                    : loaded 2 times (x 68B)
Class com.amazon.ion.impl.bin._Private_IonManagedBinaryWriterBuilder$AllocatorMode    : loaded 2 times (x 78B)
Class org.gradle.internal.service.UnknownServiceException                             : loaded 2 times (x 81B)
Class kotlin.reflect.jvm.internal.KClassImpl                                          : loaded 2 times (x 113B)
Class [Lcom.google.common.cache.RemovalListener;                                      : loaded 2 times (x 67B)
Class org.gradle.internal.exceptions.ResolutionProvider                               : loaded 2 times (x 68B)
Class org.gradle.tooling.model.idea.IdeaDependency                                    : loaded 2 times (x 68B)
Class kotlin.reflect.jvm.internal.KClassImpl$Data$nestedClasses$2                     : loaded 2 times (x 77B)
Class androidx.compose.lint.Name                                                      : loaded 2 times (x 70B)
Class com.google.protobuf.FieldSet$FieldDescriptorLite                                : loaded 2 times (x 68B)
Class [Lkotlin.reflect.KDeclarationContainer;                                         : loaded 2 times (x 67B)
Class com.amazon.ion.impl.bin.IonManagedBinaryWriter$SymbolResolverBuilder            : loaded 2 times (x 68B)
Class kotlin.reflect.jvm.internal.KProperty1Impl                                      : loaded 2 times (x 126B)
Class kotlin.LazyKt__LazyJVMKt$WhenMappings                                           : loaded 2 times (x 69B)
Class org.jetbrains.kotlin.cli.common.messages.GradleStyleMessageRenderer             : loaded 2 times (x 76B)
Class com.android.builder.model.v2.models.VariantDependencies                         : loaded 2 times (x 68B)
Class com.intellij.gradle.toolingExtension.model.repositoryModel.ProjectRepositoriesModel: loaded 2 times (x 68B)
Class kotlin.jvm.internal.ClassBasedDeclarationContainer                              : loaded 2 times (x 68B)
Class kotlin.sequences.SequencesKt___SequencesKt$filterNotNull$1                      : loaded 2 times (x 76B)
Class com.google.common.collect.MapMakerInternalMap$Strength$1                        : loaded 2 times (x 78B)
Class org.gradle.internal.installation.CurrentGradleInstallation                      : loaded 2 times (x 71B)
Class com.google.common.collect.MapMakerInternalMap$Strength$2                        : loaded 2 times (x 78B)
Class kotlin.reflect.jvm.internal.KClassImpl$Data$typeParameters$2                    : loaded 2 times (x 77B)
Class com.amazon.ion.impl.lite.IonFloatLite                                           : loaded 2 times (x 184B)
Class org.gradle.internal.installation.CurrentGradleInstallationLocator               : loaded 2 times (x 69B)
Class kotlin.reflect.jvm.internal.KClassImpl$Data$inheritedNonStaticMembers$2         : loaded 2 times (x 77B)
Class it.unimi.dsi.fastutil.objects.Object2IntOpenHashMap                             : loaded 2 times (x 245B)
Class [Lcom.google.common.cache.LocalCache$Segment;                                   : loaded 2 times (x 67B)
Class com.amazon.ion.impl.LocalSymbolTableAsStruct                                    : loaded 2 times (x 124B)
Class com.amazon.ion.impl.lite.IonClobLite                                            : loaded 2 times (x 218B)
Class org.gradle.api.internal.classpath.Module                                        : loaded 2 times (x 68B)
Class org.gradle.internal.service.DefaultServiceLocator                               : loaded 2 times (x 81B)
Class com.android.tools.lint.model.LintModelSerialization$LintModelSerializationFileAdapter: loaded 2 times (x 87B)
Class com.google.protobuf.Internal$IntList                                            : loaded 2 times (x 68B)
Class com.google.common.collect.Multimaps$CustomSetMultimap                           : loaded 2 times (x 176B)
Class com.intellij.gradle.toolingExtension.impl.model.utilDummyModel.DummyModel       : loaded 2 times (x 68B)
Class kotlin.reflect.KProperty                                                        : loaded 2 times (x 68B)
Class it.unimi.dsi.fastutil.ints.IntBidirectionalIterator                             : loaded 2 times (x 68B)
Class com.android.tools.lint.model.DefaultLintModelAndroidLibrary                     : loaded 2 times (x 109B)
Class [Lcom.amazon.ion.impl.bin.IonRawBinaryWriter$PreallocationMode;                 : loaded 2 times (x 67B)
Class com.amazon.ion.impl.bin.AbstractSymbolTable                                     : loaded 2 times (x 105B)
Class org.jetbrains.plugins.gradle.model.GradleBuildScriptClasspathModel              : loaded 2 times (x 68B)
Class kotlin.reflect.jvm.internal.KClassImpl$Data$supertypes$2                        : loaded 2 times (x 77B)
Class com.android.tools.lint.model.DefaultLintModelJavaLibrary                        : loaded 2 times (x 101B)
Class com.android.builder.model.v2.ide.TestInfo                                       : loaded 2 times (x 68B)
Class org.jetbrains.plugins.gradle.tooling.serialization.ProjectDependenciesSerializationService$ReadContext: loaded 2 times (x 70B)
Class org.jetbrains.plugins.gradle.tooling.serialization.internal.IdeaProjectSerializationService$WriteContext: loaded 2 times (x 70B)
Class kotlin.sequences.DistinctSequence                                               : loaded 2 times (x 73B)
Class androidx.compose.lint.PackageName                                               : loaded 2 times (x 70B)
Class com.google.common.collect.MapMakerInternalMap$Segment                           : loaded 2 times (x 140B)
Class org.gradle.tooling.internal.adapter.ViewBuilder                                 : loaded 2 times (x 68B)
Class com.amazon.ion.impl.lite.IonNullLite                                            : loaded 2 times (x 173B)
Class org.gradle.tooling.internal.adapter.ProtocolToModelAdapter                      : loaded 2 times (x 78B)
Class kotlin.reflect.jvm.internal.impl.descriptors.runtime.structure.ReflectClassUtilKt: loaded 2 times (x 69B)
Class kotlin.jvm.internal.MutablePropertyReference0                                   : loaded 2 times (x 135B)
Class com.amazon.ion.impl._Private_LocalSymbolTableFactory                            : loaded 2 times (x 68B)
Class kotlin.jvm.internal.MutablePropertyReference1                                   : loaded 2 times (x 135B)
Class kotlin.LazyKt                                                                   : loaded 2 times (x 69B)
Class kotlin.reflect.jvm.internal.KCallableImpl$_parameters$1                         : loaded 2 times (x 77B)
Class com.amazon.ion.impl._Private_RecyclingStack$ElementFactory                      : loaded 2 times (x 68B)
Class kotlin.jvm.internal.MutablePropertyReference2                                   : loaded 2 times (x 135B)
Class org.gradle.tooling.internal.adapter.CollectionMapper                            : loaded 2 times (x 71B)
Class com.android.builder.model.v2.models.ProjectGraph                                : loaded 2 times (x 68B)
Class [Lcom.amazon.ion.IonType;                                                       : loaded 2 times (x 67B)
Class kotlin.reflect.jvm.internal.KClassImpl$Data$qualifiedName$2                     : loaded 2 times (x 77B)
Class org.gradle.tooling.internal.adapter.WeakIdentityHashMap$WeakKey                 : loaded 2 times (x 77B)
Class com.android.tools.analytics.AnalyticsPaths                                      : loaded 2 times (x 69B)
Class kotlin.collections.builders.ListBuilder$Itr                                     : loaded 2 times (x 92B)
Class [Lorg.jetbrains.kotlin.config.LanguageOrApiVersion;                             : loaded 2 times (x 67B)
Class com.google.common.hash.AbstractHashFunction                                     : loaded 2 times (x 93B)
Class com.amazon.ion.UnknownSymbolException                                           : loaded 2 times (x 84B)
Class [Lcom.android.ide.common.resources.DataFile$FileType;                           : loaded 2 times (x 67B)
Class kotlin.reflect.jvm.internal.KCallableImpl$_absentArguments$1                    : loaded 2 times (x 77B)
Class [Lorg.objectweb.asm.AnnotationWriter;                                           : loaded 2 times (x 67B)
Class com.amazon.ion.BufferConfiguration                                              : loaded 2 times (x 71B)
Class org.gradle.internal.service.CachingServiceLocator                               : loaded 2 times (x 80B)
Class kotlin.sequences.GeneratorSequence$iterator$1                                   : loaded 2 times (x 77B)
Class com.google.common.collect.Streams                                               : loaded 2 times (x 69B)
Class com.amazon.ion.IonSystem                                                        : loaded 2 times (x 68B)
Class com.amazon.ion.impl.bin.IonManagedBinaryWriter$ImportedSymbolResolverMode       : loaded 2 times (x 78B)
Class kotlin.reflect.jvm.internal.impl.name.StandardClassIds                          : loaded 2 times (x 69B)
Class org.gradle.internal.time.Timer                                                  : loaded 2 times (x 68B)
Class com.android.builder.model.v2.ide.ArtifactDependenciesAdjacencyList              : loaded 2 times (x 68B)
Class com.android.tools.lint.model.LintModelModuleLibrary                             : loaded 2 times (x 68B)
Class [Lcom.amazon.ion.SymbolToken;                                                   : loaded 2 times (x 67B)
Class kotlin.jvm.internal.Ref$IntRef                                                  : loaded 2 times (x 69B)
Class org.jetbrains.kotlin.idea.gradleTooling.KotlinDslScriptAdditionalTask           : loaded 2 times (x 68B)
Class org.jetbrains.plugins.gradle.model.tests.ExternalTestsModel                     : loaded 2 times (x 68B)
Class org.jetbrains.kotlin.cli.common.CompilerSystemProperties                        : loaded 2 times (x 78B)
Class org.jetbrains.plugins.gradle.tooling.util.ObjectCollector                       : loaded 2 times (x 70B)
Class org.objectweb.asm.Handle                                                        : loaded 2 times (x 70B)
Class kotlin.collections.MutableMapWithDefaultImpl                                    : loaded 2 times (x 142B)
Class org.jetbrains.kotlin.cli.jvm.compiler.KotlinCoreEnvironment                     : loaded 2 times (x 70B)
Class com.android.SdkConstants                                                        : loaded 2 times (x 69B)
Class com.android.tools.lint.model.LintModelArtifactType                              : loaded 2 times (x 77B)
Class org.gradle.internal.classpath.DefaultClassPath                                  : loaded 2 times (x 88B)
Class com.google.common.collect.AbstractMultimap$Values                               : loaded 2 times (x 116B)
Class kotlin.reflect.jvm.internal.KDeclarationContainerImpl$Data                      : loaded 2 times (x 70B)
Class com.google.common.collect.AbstractSetMultimap                                   : loaded 2 times (x 172B)
Class com.google.common.collect.MapMakerInternalMap$1                                 : loaded 2 times (x 81B)
Class com.intellij.compose.ide.plugin.gradleTooling.rt.ComposeResourcesModel          : loaded 2 times (x 68B)
Class com.intellij.gradle.toolingExtension.impl.model.sourceSetDependencyModel.GradleSourceSetDependencySerialisationService$SourceSetDependencyModelReadContext: loaded 2 times (x 70B)
Class com.google.common.collect.AbstractMapBasedMultimap$1                            : loaded 2 times (x 82B)
Class kotlin.reflect.jvm.internal.KTypeParameterOwnerImpl                             : loaded 2 times (x 68B)
Class ijKotlinCoroutineJvmDebugInit1_86wycl9dm7hd8kuc3uev0p8uy                        : loaded 2 times (x 177B)
Class kotlin.reflect.jvm.internal.ReflectProperties$LazySoftVal                       : loaded 2 times (x 76B)
Class com.google.common.collect.AbstractMapBasedMultimap$2                            : loaded 2 times (x 83B)
Class org.gradle.internal.time.DefaultCountdownTimer                                  : loaded 2 times (x 86B)
Class kotlin.reflect.jvm.internal.KClassImpl$Data$objectInstance$2                    : loaded 2 times (x 77B)
Class com.android.tools.lint.model.DefaultLintModelAndroidArtifact                    : loaded 2 times (x 89B)
Class sync_studio_tooling656_24englq54o5jxsxglc2tdp9fu                                : loaded 2 times (x 177B)
Class com.google.common.util.concurrent.AbstractFuture$SetFuture                      : loaded 2 times (x 73B)
Class com.intellij.gradle.toolingExtension.impl.model.dependencyDownloadPolicyModel.DefaultGradleDependencyDownloadPolicy: loaded 2 times (x 75B)
Class com.android.tools.lint.model.DefaultLintModelArtifact                           : loaded 2 times (x 80B)
Class [Lkotlin.reflect.KProperty;                                                     : loaded 2 times (x 67B)
Class com.amazon.ion.impl.bin.utf8.Pool$Allocator                                     : loaded 2 times (x 68B)
Class org.jetbrains.plugins.gradle.tooling.serialization.GradleExtensionsSerializationService$ReadContext: loaded 2 times (x 70B)
Class com.google.protobuf.ExtensionRegistryLite                                       : loaded 2 times (x 72B)
Class [Lcom.android.tools.lint.model.LintModelModuleType;                             : loaded 2 times (x 67B)
Class org.jetbrains.plugins.gradle.tooling.serialization.internal.IdeaProjectSerializationService: loaded 2 times (x 75B)
Class com.android.tools.lint.model.LintModelVariant                                   : loaded 2 times (x 68B)
Class com.google.protobuf.MessageLite$Builder                                         : loaded 2 times (x 68B)
Class com.intellij.openapi.util.io.FileUtilRt$SymlinkResolver                         : loaded 2 times (x 68B)
Class org.gradle.tooling.model.idea.IdeaProject                                       : loaded 2 times (x 68B)
Class kotlin.collections.builders.MapBuilder$Itr                                      : loaded 2 times (x 70B)
Class com.amazon.ion.impl.SymbolTableAsStruct                                         : loaded 2 times (x 68B)
Class com.google.gson.TypeAdapter$1                                                   : loaded 2 times (x 72B)
Class com.android.builder.model.v2.ide.ProjectInfo                                    : loaded 2 times (x 68B)
Class com.android.tools.lint.model.LintModelBuildFeatures                             : loaded 2 times (x 68B)
Class org.gradle.tooling.model.Element                                                : loaded 2 times (x 68B)
Class com.amazon.ion.impl.SharedSymbolTable                                           : loaded 2 times (x 91B)
Class kotlin.annotation.MustBeDocumented                                              : loaded 2 times (x 68B)
Class [Lcom.amazon.ion.impl.bin.IonManagedBinaryWriter$SymbolState;                   : loaded 2 times (x 67B)
Class jdk.internal.jimage.BasicImageReader                                            : loaded 2 times (x 93B)
Class kotlin.reflect.jvm.internal.impl.utils.CollectionsKt                            : loaded 2 times (x 69B)
Class com.google.common.collect.ImmutableMultimap                                     : loaded 2 times (x 145B)
Class com.android.builder.model.v2.models.Versions$Version                            : loaded 2 times (x 68B)
Class kotlin.reflect.jvm.internal.KPropertyImpl                                       : loaded 2 times (x 113B)
Class org.jetbrains.plugins.gradle.tooling.serialization.internal.adapter.Supplier    : loaded 2 times (x 68B)
Class com.amazon.ion.IonLob                                                           : loaded 2 times (x 68B)
Class com.intellij.openapi.util.SystemInfoRt                                          : loaded 2 times (x 69B)
Class com.amazon.ion.impl.lite.IonContainerLite                                       : loaded 2 times (x 246B)
Class kotlin.annotation.AnnotationRetention                                           : loaded 2 times (x 77B)
Class kotlin.reflect.jvm.internal.impl.builtins.functions.FunctionTypeKind$KSuspendFunction: loaded 2 times (x 70B)
Class com.amazon.ion.impl.bin._Private_IonManagedBinaryWriterBuilder$AllocatorMode$1  : loaded 2 times (x 78B)
Class kotlin.reflect.jvm.internal.KPropertyImpl$Companion                             : loaded 2 times (x 69B)
Class com.amazon.ion.impl.bin._Private_IonManagedBinaryWriterBuilder$AllocatorMode$2  : loaded 2 times (x 78B)
Class com.android.sdklib.AndroidVersion                                               : loaded 2 times (x 73B)
Class com.google.protobuf.CodedInputStream$ArrayDecoder                               : loaded 2 times (x 118B)
Class com.google.common.collect.ImmutableMultisetGwtSerializationDependencies         : loaded 2 times (x 123B)
Class [Lcom.amazon.ion.impl.bin.IonRawBinaryWriter$StreamFlushMode;                   : loaded 2 times (x 67B)
Class kotlin.reflect.KTypeParameter                                                   : loaded 2 times (x 68B)
Class kotlin.reflect.jvm.internal.ClassValueCache                                     : loaded 2 times (x 72B)
Class com.android.tools.lint.model.DefaultLintModelDependency                         : loaded 2 times (x 84B)
Class com.google.common.reflect.TypeParameter                                         : loaded 2 times (x 70B)
Class com.intellij.openapi.externalSystem.model.project.dependencies.ProjectDependencies: loaded 2 times (x 68B)
Class kotlin.reflect.jvm.internal.KClassImpl$Data$allNonStaticMembers$2               : loaded 2 times (x 77B)
Class org.gradle.tooling.internal.adapter.ProtocolToModelAdapter$MethodInvocationCache$MethodInvocationKey: loaded 2 times (x 71B)
Class com.google.common.collect.ImmutableListMultimap                                 : loaded 2 times (x 174B)
Class com.google.common.cache.LocalCache$LocalManualCache$1                           : loaded 2 times (x 73B)
Class kotlin.reflect.jvm.internal.impl.builtins.jvm.JavaToKotlinClassMap              : loaded 2 times (x 69B)
Class com.google.common.cache.CacheBuilder$NullListener                               : loaded 2 times (x 80B)
Class [Lorg.gradle.api.JavaVersion;                                                   : loaded 2 times (x 67B)
Class kotlin.jvm.JvmClassMappingKt                                                    : loaded 2 times (x 69B)
Class org.jetbrains.kotlin.idea.gradleTooling.PrepareKotlinIdeImportTaskModel         : loaded 2 times (x 68B)
Class jdk.internal.jimage.ImageLocation                                               : loaded 2 times (x 88B)
Class com.android.tools.lint.model.LintModelArtifact                                  : loaded 2 times (x 68B)
Class org.jetbrains.kotlin.config.ExplicitApiMode                                     : loaded 2 times (x 77B)
Class kotlin.reflect.jvm.internal.KClassImpl$data$1                                   : loaded 2 times (x 77B)
Class com.amazon.ion.impl.bin.IonRawBinaryWriter$PreallocationMode                    : loaded 2 times (x 80B)
Class [Lcom.android.prefs.VariableType;                                               : loaded 2 times (x 67B)
Class kotlin.jvm.internal.TypeIntrinsics                                              : loaded 2 times (x 69B)
Class com.google.common.collect.Lists$RandomAccessReverseList                         : loaded 2 times (x 160B)
Class org.gradle.tooling.internal.adapter.TargetTypeProvider                          : loaded 2 times (x 68B)
Class [Lcom.google.common.collect.HashBiMap$BiEntry;                                  : loaded 2 times (x 67B)
Class com.amazon.ion.impl.bin.IonManagedBinaryWriter$ImportedSymbolContext            : loaded 2 times (x 70B)
Class org.jetbrains.kotlin.name.ClassId                                               : loaded 2 times (x 70B)
Class org.gradle.internal.classloader.ClassLoaderVisitor                              : loaded 2 times (x 74B)
Class com.intellij.gradle.toolingExtension.impl.model.sourceSetModel.GradleSourceSetSerialisationService$SourceSetModelWriteContext: loaded 2 times (x 70B)
Class kotlin.jvm.functions.Function3                                                  : loaded 2 times (x 68B)
Class org.objectweb.asm.SymbolTable$Entry                                             : loaded 2 times (x 72B)
Class [Lcom.google.common.cache.LocalCache$EntryFactory;                              : loaded 2 times (x 67B)
Class kotlin.reflect.jvm.internal.KProperty2Impl$delegateSource$1                     : loaded 2 times (x 77B)
Class kotlin.reflect.jvm.internal.KClassImpl$Data$declaredNonStaticMembers$2          : loaded 2 times (x 77B)
Class kotlin.sequences.ConstrainedOnceSequence                                        : loaded 2 times (x 73B)
Class kotlin.jvm.functions.Function5                                                  : loaded 2 times (x 68B)
Class jdk.internal.jimage.ImageReader$Node                                            : loaded 2 times (x 82B)
Class kotlin.jvm.functions.Function6                                                  : loaded 2 times (x 68B)
Class kotlin.jvm.functions.Function7                                                  : loaded 2 times (x 68B)
Class com.amazon.ion.IonText                                                          : loaded 2 times (x 68B)
Class kotlin.jvm.functions.Function8                                                  : loaded 2 times (x 68B)
Class com.android.builder.model.v2.ide.Variant                                        : loaded 2 times (x 68B)
Class com.google.protobuf.UnsafeUtil$Android64MemoryAccessor                          : loaded 2 times (x 89B)
Class kotlin.jvm.functions.Function9                                                  : loaded 2 times (x 68B)
Class com.amazon.ion.IonMutableCatalog                                                : loaded 2 times (x 68B)
Class com.intellij.gradle.toolingExtension.impl.model.utilTurnOffDefaultTasksModel.TurnOffDefaultTasks: loaded 2 times (x 68B)
Class org.objectweb.asm.AnnotationWriter                                              : loaded 2 times (x 77B)
Class kotlin.reflect.jvm.internal.impl.name.ClassId                                   : loaded 2 times (x 70B)
Class com.google.protobuf.UnknownFieldSet                                             : loaded 2 times (x 85B)
Class com.google.common.base.Suppliers$NonSerializableMemoizingSupplier               : loaded 2 times (x 77B)
Class com.google.protobuf.ByteString$ArraysByteArrayCopier                            : loaded 2 times (x 72B)
Class kotlin.reflect.jvm.internal.KProperty1Impl$delegateSource$1                     : loaded 2 times (x 77B)
Class com.intellij.gradle.toolingExtension.impl.model.projectModel.GradleExternalProjectSerializationService$ReadContext: loaded 2 times (x 71B)
Class org.gradle.internal.time.Time                                                   : loaded 2 times (x 69B)
Class jdk.internal.jimage.decompressor.CompressedResourceHeader                       : loaded 2 times (x 69B)
Class com.android.prefs.PathLocator$WhenMappings                                      : loaded 2 times (x 69B)
Class com.google.protobuf.Reader                                                      : loaded 2 times (x 68B)
Class [Lcom.google.common.base.Supplier;                                              : loaded 2 times (x 67B)
Class com.android.builder.model.v2.ide.SourceProvider                                 : loaded 2 times (x 68B)
Class kotlin.reflect.jvm.internal.CachesKt                                            : loaded 2 times (x 69B)
Class it.unimi.dsi.fastutil.ints.IntSpliterator                                       : loaded 2 times (x 68B)
Class ijInit2_bh4wee9zx4dnhc384d75nbr21                                               : loaded 2 times (x 177B)
Class com.google.protobuf.WireFormat                                                  : loaded 2 times (x 69B)
Class com.google.common.collect.ImmutableSetMultimap                                  : loaded 2 times (x 178B)
Class org.gradle.internal.time.TimeSource$1                                           : loaded 2 times (x 75B)
Class kotlin._Assertions                                                              : loaded 2 times (x 69B)
Class jdk.internal.jrtfs.JrtDirectoryStream$1                                         : loaded 2 times (x 81B)
Class kotlin.reflect.jvm.internal.CacheByClass                                        : loaded 2 times (x 71B)
Class kotlin.sequences.EmptySequence                                                  : loaded 2 times (x 76B)
Class kotlin.reflect.jvm.internal.KClassImpl$Data$descriptor$2                        : loaded 2 times (x 77B)
Class kotlin.collections.builders.ListBuilderKt                                       : loaded 2 times (x 69B)
Class com.android.tools.lint.model.LintModelLibrary                                   : loaded 2 times (x 68B)
Class com.google.common.collect.AbstractMapBasedMultimap$WrappedSet                   : loaded 2 times (x 140B)
Class com.amazon.ion.IonSequence                                                      : loaded 2 times (x 68B)
Class it.unimi.dsi.fastutil.ints.Int2ObjectMap                                        : loaded 2 times (x 68B)
Class kotlin.jvm.internal.markers.KMutableIterator                                    : loaded 2 times (x 68B)
Class org.jetbrains.plugins.gradle.tooling.serialization.RepositoriesModelSerializationService$WriteContext: loaded 2 times (x 70B)
Class jdk.internal.jrtfs.JrtPath                                                      : loaded 2 times (x 116B)
Class kotlin.reflect.jvm.internal.KClassImpl$Data$annotations$2                       : loaded 2 times (x 77B)
Class com.android.ide.common.gradle.NonNumeric                                        : loaded 2 times (x 75B)
Class kotlin.collections.CharIterator                                                 : loaded 2 times (x 80B)
Class kotlin.sequences.GeneratorSequence                                              : loaded 2 times (x 73B)
Class com.google.protobuf.Android                                                     : loaded 2 times (x 69B)
Class io.opentelemetry.api.trace.SpanBuilder                                          : loaded 2 times (x 68B)
Class it.unimi.dsi.fastutil.ints.Int2ObjectFunction                                   : loaded 2 times (x 68B)
Class com.google.common.cache.CacheLoader                                             : loaded 2 times (x 72B)
Class jdk.internal.jimage.ImageStrings                                                : loaded 2 times (x 68B)
Class com.google.gson.internal.bind.JsonTreeWriter                                    : loaded 2 times (x 96B)
Class kotlin.io.NoSuchFileException                                                   : loaded 2 times (x 80B)
Class kotlin.jvm.internal.SpreadBuilder                                               : loaded 2 times (x 74B)
Class org.jetbrains.kotlin.idea.gradleTooling.KotlinSourceSetContainer                : loaded 2 times (x 68B)
Class org.objectweb.asm.MethodTooLargeException                                       : loaded 2 times (x 81B)
Class com.amazon.ion.impl._Private_SymbolToken                                        : loaded 2 times (x 68B)
Class com.google.common.collect.ImmutableMultimap$EntryCollection                     : loaded 2 times (x 125B)
Class com.android.ide.gradle.model.dependencies.Coordinates                           : loaded 2 times (x 68B)
Class com.android.resources.Density                                                   : loaded 2 times (x 90B)
Class gnu.trove.TObjectHash                                                           : loaded 2 times (x 92B)
Class com.google.common.collect.HashMultimap                                          : loaded 2 times (x 172B)
Class com.android.ide.gradle.model.composites.BuildMap                                : loaded 2 times (x 68B)
Class jdk.internal.jrtfs.JrtFileAttributes                                            : loaded 2 times (x 81B)
Class com.android.tools.lint.model.LintModelSerialization$TargetFile                  : loaded 2 times (x 77B)
Class kotlin.reflect.jvm.internal.KClassImpl$Data$allMembers$2                        : loaded 2 times (x 77B)
Class com.amazon.ion.BufferConfiguration$OversizedValueHandler                        : loaded 2 times (x 68B)
Class com.android.ide.gradle.model.LegacyAndroidGradlePluginProperties                : loaded 2 times (x 68B)
Class kotlin.InitializedLazyImpl                                                      : loaded 2 times (x 74B)
Class [Lkotlin.annotation.AnnotationRetention;                                        : loaded 2 times (x 67B)
Class com.google.common.cache.Cache                                                   : loaded 2 times (x 68B)
Class com.android.tools.analytics.Environment$SystemProperty                          : loaded 2 times (x 77B)
Class com.google.common.collect.Maps$EntrySet                                         : loaded 2 times (x 134B)
Class org.jetbrains.kotlin.config.ApiVersion                                          : loaded 2 times (x 84B)
Class org.gradle.tooling.internal.adapter.ProtocolToModelAdapter$MixInMappingAction   : loaded 2 times (x 78B)
Class kotlin.UNINITIALIZED_VALUE                                                      : loaded 2 times (x 69B)
Class com.android.tools.lint.model.LintModelDependency                                : loaded 2 times (x 68B)
Class org.gradle.internal.classloader.SystemClassLoaderSpec                           : loaded 2 times (x 69B)
Class kotlin.collections.builders.MapBuilderEntries                                   : loaded 2 times (x 143B)
Class com.amazon.ion.impl.bin.utf8.Poolable                                           : loaded 2 times (x 77B)
Class org.jetbrains.kotlin.name.ClassId$Companion                                     : loaded 2 times (x 69B)
Class com.google.common.util.concurrent.internal.InternalFutureFailureAccess          : loaded 2 times (x 70B)
Class com.google.protobuf.Internal$FloatList                                          : loaded 2 times (x 68B)
Class com.google.common.collect.Multimaps$CustomListMultimap                          : loaded 2 times (x 172B)
Class [Lkotlin.reflect.KCallable;                                                     : loaded 2 times (x 67B)
Class [Lcom.android.tools.lint.model.LintModelNamespacingMode;                        : loaded 2 times (x 67B)
Class com.amazon.ion.impl.bin.AbstractIonWriter                                       : loaded 2 times (x 159B)
Class com.intellij.gradle.toolingExtension.impl.model.dependencyDownloadPolicyModel.GradleDependencyDownloadPolicy: loaded 2 times (x 68B)
Class kotlin.collections.ReversedListReadOnly                                         : loaded 2 times (x 158B)
Class org.jetbrains.plugins.gradle.tooling.serialization.AnnotationProcessingModelSerializationService$ReadContext: loaded 2 times (x 70B)
Class [Lcom.google.common.cache.CacheBuilder$NullListener;                            : loaded 2 times (x 67B)
Class com.android.builder.model.v2.ide.Library                                        : loaded 2 times (x 68B)
Class org.jetbrains.kotlin.utils.DescriptionAware                                     : loaded 2 times (x 68B)
Class ijKotlinCoroutineJvmDebugInit1_86wycl9dm7hd8kuc3uev0p8uy$_run_closure1          : loaded 2 times (x 137B)
Class com.amazon.ion.impl.bin.IonBinaryWriterAdapter$Factory                          : loaded 2 times (x 68B)
Class com.google.protobuf.Message                                                     : loaded 2 times (x 68B)
Class kotlin.collections.CollectionsKt___CollectionsKt$withIndex$1                    : loaded 2 times (x 77B)
Class com.intellij.openapi.util.io.FileUtilRt$RepeatableIOOperation                   : loaded 2 times (x 68B)
Class com.android.prefs.VariableValue                                                 : loaded 2 times (x 82B)
Class com.amazon.ion.system.IonWriterBuilderBase                                      : loaded 2 times (x 81B)
Class org.jetbrains.plugins.gradle.tooling.serialization.RepositoriesModelSerializationService: loaded 2 times (x 80B)
Class com.android.ide.common.gradle.Version$Companion$ParseState$NONNUMERIC           : loaded 2 times (x 72B)
Class org.jetbrains.plugins.gradle.tooling.serialization.ProjectDependenciesSerializationService: loaded 2 times (x 75B)
Class org.gradle.tooling.internal.adapter.WeakIdentityHashMap$AbsentValueProvider     : loaded 2 times (x 68B)
Class com.intellij.gradle.toolingExtension.impl.model.projectModel.GradleExternalProjectSerializationService$WriteContext: loaded 2 times (x 71B)
Class com.google.protobuf.Descriptors$Descriptor                                      : loaded 2 times (x 74B)
Class com.android.builder.model.v2.ide.BytecodeTransformation                         : loaded 2 times (x 77B)
Class org.gradle.tooling.model.Dependency                                             : loaded 2 times (x 68B)
Class org.jetbrains.kotlin.cli.common.messages.MessageRenderer                        : loaded 2 times (x 68B)
Class com.amazon.ion.impl._Private_IonContainer                                       : loaded 2 times (x 68B)
Class com.android.builder.model.v2.models.ndk.NativeModule                            : loaded 2 times (x 68B)
Class kotlin.io.FileAlreadyExistsException                                            : loaded 2 times (x 80B)
Class org.jetbrains.kotlin.cli.common.CompilerSystemProperties$Companion              : loaded 2 times (x 69B)
Class com.amazon.ion.impl.bin.IonRawBinaryWriter$1                                    : loaded 2 times (x 75B)
Class org.jetbrains.plugins.gradle.tooling.serialization.AnnotationProcessingModelSerializationService: loaded 2 times (x 75B)
Class com.amazon.ion.impl.IonWriterSystemTextMarkup                                   : loaded 2 times (x 190B)
Class org.objectweb.asm.ClassWriter                                                   : loaded 2 times (x 104B)
Class com.android.builder.model.v2.models.ndk.NativeBuildSystem                       : loaded 2 times (x 77B)
Class com.amazon.ion.IonFloat                                                         : loaded 2 times (x 68B)
Class com.android.builder.model.v2.ide.ComponentInfo                                  : loaded 2 times (x 68B)
Class com.amazon.ion.impl.bin.IonManagedBinaryWriter$ImportedSymbolResolverMode$1     : loaded 2 times (x 78B)
Class com.amazon.ion.impl.bin.IonManagedBinaryWriter$ImportedSymbolResolverMode$2     : loaded 2 times (x 78B)
Class kotlin.text.Charsets                                                            : loaded 2 times (x 69B)
Class com.amazon.ion.facet.Faceted                                                    : loaded 2 times (x 68B)
Class jdk.internal.jimage.decompressor.ResourceDecompressorRepository                 : loaded 2 times (x 69B)
Class com.amazon.ion.impl.bin.IonRawBinaryWriter$ContainerType                        : loaded 2 times (x 77B)
Class com.google.gson.JsonSyntaxException                                             : loaded 2 times (x 80B)
Class kotlin.sequences.SequencesKt__SequencesKt$generateSequence$2                    : loaded 2 times (x 77B)
Class org.jetbrains.kotlin.config.LanguageVersion                                     : loaded 2 times (x 89B)
Class com.amazon.ion.impl.bin.IonManagedBinaryWriter$ImportedSymbolResolverMode$1$1   : loaded 2 times (x 76B)
Class org.gradle.internal.classpath.DefaultClassPath$ImmutableUniqueList$Builder      : loaded 2 times (x 73B)
Class [Lcom.google.common.cache.LocalCache$Strength;                                  : loaded 2 times (x 67B)
Class it.unimi.dsi.fastutil.objects.ObjectBidirectionalIterator                       : loaded 2 times (x 68B)
Class io.opentelemetry.api.trace.TracerProvider                                       : loaded 2 times (x 68B)
Class org.jetbrains.kotlin.config.MavenComparableVersion$Item                         : loaded 2 times (x 68B)
Class com.amazon.ion.impl.BlockedBuffer$BufferedOutputStream                          : loaded 2 times (x 88B)
Class com.intellij.openapi.util.text.Strings                                          : loaded 2 times (x 69B)
Class com.android.builder.model.v2.models.AndroidDsl                                  : loaded 2 times (x 68B)
Class com.intellij.gradle.toolingExtension.impl.model.buildScriptClasspathModel.GradleBuildScriptClasspathSerializationService$WriteContext: loaded 2 times (x 70B)
Class kotlin.io.LinesSequence                                                         : loaded 2 times (x 73B)
Class kotlin.collections.MapWithDefault                                               : loaded 2 times (x 68B)
Class com.android.repository.io.FileOpUtils                                           : loaded 2 times (x 69B)
Class [Lcom.google.common.cache.CacheBuilder$OneWeigher;                              : loaded 2 times (x 67B)
Class com.amazon.ion.impl.bin.IonManagedBinaryWriter$SymbolResolver                   : loaded 2 times (x 68B)
Class org.gradle.tooling.model.Model                                                  : loaded 2 times (x 68B)
Class com.intellij.util.text.CharSequenceBackedByArray                                : loaded 2 times (x 68B)
Class com.google.common.collect.ComparisonChain$1                                     : loaded 2 times (x 79B)
Class com.amazon.ion.impl._Private_ReaderWriter                                       : loaded 2 times (x 68B)
Class jdk.internal.jrtfs.SystemImage                                                  : loaded 2 times (x 72B)
Class com.google.common.collect.ComparisonChain$InactiveComparisonChain               : loaded 2 times (x 78B)
Class com.android.builder.model.v2.ide.AaptOptions                                    : loaded 2 times (x 68B)
Class com.google.common.cache.LocalCache$ComputingValueReference                      : loaded 2 times (x 94B)
Class kotlin.KotlinVersion                                                            : loaded 2 times (x 72B)
Class kotlin.reflect.jvm.internal.impl.builtins.PrimitiveType                         : loaded 2 times (x 77B)
Class com.android.tools.lint.model.DefaultLintModelLibraryResolver                    : loaded 2 times (x 74B)
Class com.google.common.collect.ImmutableList$SerializedForm                          : loaded 2 times (x 71B)
Class com.amazon.ion.impl.bin.utf8.Utf8StringEncoderPool                              : loaded 2 times (x 72B)
Class org.jetbrains.plugins.gradle.tooling.util.ObjectCollector$Processor             : loaded 2 times (x 68B)
Class com.amazon.ion.IonNull                                                          : loaded 2 times (x 68B)
Class org.gradle.api.UncheckedIOException                                             : loaded 2 times (x 80B)
Class kotlin.collections.builders.ListBuilder                                         : loaded 2 times (x 167B)
Class org.gradle.tooling.model.idea.IdeaDependencyScope                               : loaded 2 times (x 68B)
Class kotlin.reflect.jvm.internal.CacheByClassKt                                      : loaded 2 times (x 69B)
Class com.amazon.ion.impl.lite.IonTextLite                                            : loaded 2 times (x 179B)
Class com.google.protobuf.UnsafeUtil$1                                                : loaded 2 times (x 74B)
Class org.jetbrains.plugins.gradle.tooling.serialization.SerializationService         : loaded 2 times (x 68B)
Class kotlin.jvm.internal.Lambda                                                      : loaded 2 times (x 73B)
Class com.google.common.reflect.Invokable$MethodInvokable                             : loaded 2 times (x 103B)
Class [Lcom.google.common.io.FileWriteMode;                                           : loaded 2 times (x 67B)
Class jdk.internal.jimage.ImageReader$Resource                                        : loaded 2 times (x 82B)
Class kotlin.sequences.DistinctIterator                                               : loaded 2 times (x 81B)
Class com.android.ide.gradle.model.GradlePropertiesModel                              : loaded 2 times (x 68B)
Class org.gradle.tooling.model.gradle.GradleScript                                    : loaded 2 times (x 68B)
Class [Lcom.android.builder.model.v2.ide.AndroidGradlePluginProjectFlags$BooleanFlag; : loaded 2 times (x 67B)
Class com.intellij.gradle.toolingExtension.impl.model.sourceSetArtifactIndex.GradleSourceSetArtifactBuildRequest: loaded 2 times (x 68B)
Class com.amazon.ion.impl._Private_IonReaderBuilder$TwoElementInputStream             : loaded 2 times (x 90B)
Class com.amazon.ion.SubstituteSymbolTableException                                   : loaded 2 times (x 82B)
Class com.amazon.ion.impl.lite.IonContext                                             : loaded 2 times (x 68B)
Class com.amazon.ion.impl._Private_RecyclingStack$Recycler                            : loaded 2 times (x 68B)
Class [Lkotlin.annotation.AnnotationTarget;                                           : loaded 2 times (x 67B)
Class com.android.ide.gradle.model.artifacts.AdditionalClassifierArtifactsModel       : loaded 2 times (x 68B)
Class com.amazon.ion.impl.lite.IonSymbolLite                                          : loaded 2 times (x 244B)
Class kotlin.reflect.full.IllegalCallableAccessException                              : loaded 2 times (x 80B)
Class [Lkotlin.jvm.functions.Function1;                                               : loaded 2 times (x 67B)
Class org.gradle.tooling.internal.adapter.ProtocolToModelAdapter$ViewKey              : loaded 2 times (x 70B)
Class com.google.protobuf.Extension$ExtensionType                                     : loaded 2 times (x 77B)
Class com.google.gson.JsonParseException                                              : loaded 2 times (x 80B)
Class kotlin.coroutines.CoroutineContext$Element$DefaultImpls                         : loaded 2 times (x 69B)
Class jdk.internal.jimage.decompressor.ResourceDecompressor$StringsProvider           : loaded 2 times (x 68B)
Class org.gradle.internal.classloader.FilteringClassLoader                            : loaded 2 times (x 103B)
Class com.google.common.collect.RegularImmutableBiMap$Inverse$InverseEntrySet         : loaded 2 times (x 149B)
Class com.android.builder.model.v2.models.ndk.NativeAbi                               : loaded 2 times (x 68B)
Class com.amazon.ion.system.IonSystemBuilder$Mutable                                  : loaded 2 times (x 73B)
Class com.amazon.ion.impl.bin.IonRawBinaryWriter$PreallocationMode$3                  : loaded 2 times (x 80B)
Class jdk.internal.jimage.decompressor.Decompressor                                   : loaded 2 times (x 70B)
Class kotlin.properties.ReadOnlyProperty                                              : loaded 2 times (x 68B)
Class com.google.common.hash.HashCode$IntHashCode                                     : loaded 2 times (x 78B)
Class com.android.builder.model.v2.ide.AbstractArtifact                               : loaded 2 times (x 68B)
Class kotlin.collections.ArraysKt___ArraysKt$asIterable$$inlined$Iterable$1           : loaded 2 times (x 77B)
Class kotlin.reflect.jvm.internal.ReflectProperties$Val                               : loaded 2 times (x 72B)
Class com.android.prefs.PathLocator                                                   : loaded 2 times (x 71B)
Class com.google.common.cache.LocalCache$Strength                                     : loaded 2 times (x 79B)
Class kotlin.reflect.jvm.internal.CachesKt$CACHE_FOR_BASE_CLASSIFIERS$1               : loaded 2 times (x 76B)
Class com.google.common.cache.LocalCache$StrongValueReference                         : loaded 2 times (x 88B)
Class kotlin.collections.builders.MapBuilder$EntriesItr                               : loaded 2 times (x 79B)
Class kotlin.reflect.jvm.internal.impl.builtins.functions.FunctionTypeKind$Function   : loaded 2 times (x 70B)
Class kotlin.reflect.KProperty$Getter                                                 : loaded 2 times (x 68B)
Class jdk.internal.jrtfs.JrtFileSystem                                                : loaded 2 times (x 100B)
Class com.amazon.ion.impl.bin.IonRawBinaryWriter$PreallocationMode$2                  : loaded 2 times (x 80B)
Class kotlin.collections.builders.MapBuilder$EntryRef                                 : loaded 2 times (x 79B)
Class com.amazon.ion.impl.bin.IonRawBinaryWriter$PreallocationMode$1                  : loaded 2 times (x 80B)
Class org.gradle.tooling.internal.adapter.ProtocolToModelAdapter$SupportedPropertyInvoker: loaded 2 times (x 74B)
Class it.unimi.dsi.fastutil.Hash$Strategy                                             : loaded 2 times (x 68B)
Class com.google.common.cache.LocalCache$EntryFactory$8                               : loaded 2 times (x 81B)
Class com.amazon.ion.impl.lite.IonStringLite                                          : loaded 2 times (x 210B)
Class kotlin.io.FilePathComponents                                                    : loaded 2 times (x 70B)
Class com.android.tools.analytics.AnalyticsSettingsData$DataTypeAdapter               : loaded 2 times (x 71B)
Class org.gradle.internal.time.MonotonicClock                                         : loaded 2 times (x 75B)
Class kotlin.reflect.jvm.internal.KClassImpl$Data$simpleName$2                        : loaded 2 times (x 77B)
Class org.objectweb.asm.Handler                                                       : loaded 2 times (x 70B)
Class org.gradle.api.internal.classpath.GlobalCacheRootsProvider                      : loaded 2 times (x 68B)
Class com.google.protobuf.IterableByteBufferInputStream                               : loaded 2 times (x 90B)
Class kotlin.reflect.jvm.internal.impl.name.FqNameUnsafe                              : loaded 2 times (x 70B)
Class com.android.builder.model.v2.ide.LibraryInfo                                    : loaded 2 times (x 68B)
Class com.google.protobuf.AbstractMessageLite                                         : loaded 2 times (x 99B)
Class kotlin.coroutines.CoroutineContext$Key                                          : loaded 2 times (x 68B)
Class com.google.common.cache.LocalCache$EntryFactory$7                               : loaded 2 times (x 81B)
Class com.google.common.cache.LocalCache$EntryFactory$6                               : loaded 2 times (x 81B)
Class org.gradle.tooling.internal.gradle.GradleProjectIdentity                        : loaded 2 times (x 68B)
Class com.google.common.cache.LocalCache$EntryFactory$5                               : loaded 2 times (x 81B)
Class com.google.protobuf.InvalidProtocolBufferException                              : loaded 2 times (x 86B)
Class org.gradle.tooling.internal.adapter.ProtocolToModelAdapter$NoOpDecoration       : loaded 2 times (x 77B)
Class com.intellij.util.ArrayUtilRt                                                   : loaded 2 times (x 69B)
Class com.google.common.cache.LocalCache$EntryFactory$4                               : loaded 2 times (x 81B)
Class com.intellij.gradle.toolingExtension.impl.model.sourceSetModel.GradleSourceSetSerialisationService$SourceSetModelReadContext: loaded 2 times (x 70B)
Class com.amazon.ion.impl.bin.IonRawBinaryWriter$StreamCloseMode                      : loaded 2 times (x 77B)
Class jdk.internal.jrtfs.JrtFileSystemProvider                                        : loaded 2 times (x 97B)
Class com.google.common.cache.LocalCache$ValueReference                               : loaded 2 times (x 68B)
Class org.gradle.tooling.internal.adapter.MethodInvocation                            : loaded 2 times (x 83B)
Class com.google.common.collect.CollectSpliterators                                   : loaded 2 times (x 69B)
Class org.gradle.internal.time.CountdownTimer                                         : loaded 2 times (x 68B)
Class org.gradle.internal.time.Clock                                                  : loaded 2 times (x 68B)
Class com.google.protobuf.ByteString$2                                                : loaded 2 times (x 89B)
Class com.google.protobuf.UnsafeUtil                                                  : loaded 2 times (x 69B)
Class kotlin.coroutines.jvm.internal.CompletedContinuation                            : loaded 2 times (x 73B)
Class com.google.common.cache.LocalCache$EntryFactory$3                               : loaded 2 times (x 81B)
Class com.android.tools.lint.model.DefaultLintModelLintOptions                        : loaded 2 times (x 101B)
Class com.amazon.ion.impl.bin.IonRawBinaryWriter$PatchPoint                           : loaded 2 times (x 71B)
Class org.gradle.internal.classloader.ClasspathUtil                                   : loaded 2 times (x 69B)
Class com.google.common.collect.ImmutableSet$SerializedForm                           : loaded 2 times (x 71B)
Class jdk.internal.jrtfs.JrtDirectoryStream                                           : loaded 2 times (x 87B)
Class org.objectweb.asm.CurrentFrame                                                  : loaded 2 times (x 71B)
Class com.amazon.ion.IonInt                                                           : loaded 2 times (x 68B)
Class com.google.common.util.concurrent.AbstractFuture                                : loaded 2 times (x 93B)
Class com.android.tools.analytics.AnalyticsSettingsData                               : loaded 2 times (x 70B)
Class com.android.tools.analytics.Environment$Companion$SYSTEM$1                      : loaded 2 times (x 71B)
Class com.amazon.ion.IonDecimal                                                       : loaded 2 times (x 68B)
Class com.google.common.cache.LocalCache$EntryFactory$2                               : loaded 2 times (x 81B)
Class com.google.protobuf.UnknownFieldSet$Field                                       : loaded 2 times (x 70B)
Class it.unimi.dsi.fastutil.objects.ObjectSpliterator                                 : loaded 2 times (x 68B)
Class kotlin.reflect.jvm.internal.impl.builtins.functions.FunctionTypeKind            : loaded 2 times (x 70B)
Class org.jetbrains.kotlin.tooling.core.HasMutableExtras                              : loaded 2 times (x 68B)
Class kotlin.properties.ReadWriteProperty                                             : loaded 2 times (x 68B)
Class com.amazon.ion.impl._Private_IonSymbol                                          : loaded 2 times (x 68B)
Class com.amazon.ion.impl._Private_IonBinaryWriterBuilder$Mutable                     : loaded 2 times (x 113B)
Class org.gradle.tooling.model.BuildIdentifier                                        : loaded 2 times (x 68B)
Class com.intellij.openapi.diagnostic.DefaultLogger                                   : loaded 2 times (x 98B)
Class jdk.internal.jimage.decompressor.ResourceDecompressor                           : loaded 2 times (x 68B)
Class com.google.protobuf.ByteString$ByteArrayCopier                                  : loaded 2 times (x 68B)
Class org.gradle.tooling.internal.adapter.ProtocolToModelAdapter$PropertyCachingMethodInvoker: loaded 2 times (x 74B)
Class com.google.protobuf.ProtocolMessageEnum                                         : loaded 2 times (x 68B)
Class kotlin.coroutines.CoroutineContext$Element                                      : loaded 2 times (x 68B)
Class com.intellij.openapi.diagnostic.Logger$Factory                                  : loaded 2 times (x 68B)
Class org.gradle.tooling.model.build.JavaEnvironment                                  : loaded 2 times (x 68B)
Class com.android.prefs.AndroidLocationsException                                     : loaded 2 times (x 80B)
Class com.google.common.cache.LocalCache$EntryFactory$1                               : loaded 2 times (x 81B)
Class [Lcom.google.protobuf.ProtocolMessageEnum;                                      : loaded 2 times (x 67B)
Class kotlin.reflect.jvm.internal.impl.resolve.jvm.JvmPrimitiveType                   : loaded 2 times (x 77B)
Class com.google.common.hash.HashFunction                                             : loaded 2 times (x 68B)
Class com.android.ide.common.resources.DataFile$FileType                              : loaded 2 times (x 77B)
Class kotlin.reflect.jvm.internal.impl.builtins.CompanionObjectMapping                : loaded 2 times (x 69B)
Class com.google.gson.stream.JsonReader$1                                             : loaded 2 times (x 70B)
Class com.google.common.base.Ticker$1                                                 : loaded 2 times (x 70B)
Class org.gradle.api.internal.DefaultClassPathRegistry                                : loaded 2 times (x 74B)
Class com.google.gson.TypeAdapter                                                     : loaded 2 times (x 71B)
Class org.jetbrains.kotlin.config.LanguageOrApiVersion                                : loaded 2 times (x 68B)
Class com.google.common.base.Splitter$5                                               : loaded 2 times (x 78B)
Class com.intellij.util.text.CharArrayCharSequence                                    : loaded 2 times (x 99B)
Class com.android.tools.lint.model.LintModelModuleType                                : loaded 2 times (x 77B)
Class com.google.common.collect.Iterators$SingletonIterator                           : loaded 2 times (x 79B)
Class com.google.common.util.concurrent.AbstractFuture$Cancellation                   : loaded 2 times (x 70B)
Class [Lorg.objectweb.asm.Symbol;                                                     : loaded 2 times (x 67B)
Class com.amazon.ion.impl.bin.AbstractIonWriter$WriteValueOptimization                : loaded 2 times (x 77B)
Class com.amazon.ion.impl.bin._Private_IonRawWriter                                   : loaded 2 times (x 68B)
Class com.google.common.collect.Multimaps$Entries                                     : loaded 2 times (x 116B)
Class com.amazon.ion.impl.lite.ContainerlessContext                                   : loaded 2 times (x 78B)
Class com.google.common.base.Predicates                                               : loaded 2 times (x 69B)
Class com.intellij.openapi.diagnostic.LogLevel                                        : loaded 2 times (x 77B)
Class com.amazon.ion.impl.bin.IonManagedBinaryWriter$UserState                        : loaded 2 times (x 83B)
Class org.objectweb.asm.tree.ClassNode                                                : loaded 2 times (x 89B)
Class com.android.tools.lint.model.DefaultLintModelMavenName                          : loaded 2 times (x 85B)
Class kotlin.reflect.jvm.internal.KPackageImpl                                        : loaded 2 times (x 83B)
Class com.google.protobuf.InvalidProtocolBufferException$InvalidWireTypeException     : loaded 2 times (x 86B)
Class org.gradle.api.internal.classpath.DefaultModuleRegistry$DefaultModule           : loaded 2 times (x 84B)
Class kotlin.coroutines.ContinuationInterceptor$Key                                   : loaded 2 times (x 69B)
Class com.amazon.ion.ReadOnlyValueException                                           : loaded 2 times (x 82B)
Class kotlin.io.FileSystemException                                                   : loaded 2 times (x 80B)
Class com.android.utils.DateProvider                                                  : loaded 2 times (x 68B)
Class org.gradle.tooling.model.build.GradleEnvironment                                : loaded 2 times (x 68B)
Class org.jetbrains.kotlin.config.ApiVersion$Companion                                : loaded 2 times (x 69B)
Class kotlin.reflect.jvm.internal.KClassImpl$Data$inheritedStaticMembers$2            : loaded 2 times (x 77B)
Class it.unimi.dsi.fastutil.ints.Int2ObjectMap$FastEntrySet                           : loaded 2 times (x 68B)
Class com.google.protobuf.AbstractMessage                                             : loaded 2 times (x 162B)
Class com.amazon.ion.IonException                                                     : loaded 2 times (x 82B)
Class org.jetbrains.kotlin.config.JvmDefaultMode$Companion                            : loaded 2 times (x 69B)
Class [Lorg.jetbrains.kotlin.config.JvmDefaultMode;                                   : loaded 2 times (x 67B)
Class kotlin.reflect.KMutableProperty                                                 : loaded 2 times (x 68B)
Class kotlin.reflect.KClassifier                                                      : loaded 2 times (x 68B)
Class [Lcom.android.builder.model.v2.ide.AaptOptions$Namespacing;                     : loaded 2 times (x 67B)
Class com.amazon.ion.BufferConfiguration$DataHandler                                  : loaded 2 times (x 68B)
Class com.android.ide.gradle.model.artifacts.AdditionalClassifierArtifacts            : loaded 2 times (x 68B)
Class com.google.common.collect.ImmutableSortedAsList                                 : loaded 2 times (x 181B)
Class com.amazon.ion.impl.bin.IonManagedBinaryWriter$SymbolState                      : loaded 2 times (x 78B)
Class org.jetbrains.plugins.gradle.tooling.serialization.ExternalTestsSerializationService$WriteContext: loaded 2 times (x 70B)
Class org.gradle.tooling.ToolingModelContract                                         : loaded 2 times (x 68B)
Class org.jetbrains.plugins.gradle.model.GradleSourceSetModel                         : loaded 2 times (x 68B)
Class gnu.trove.THash                                                                 : loaded 2 times (x 79B)
Class kotlin.collections.ReversedListReadOnly$listIterator$1                          : loaded 2 times (x 88B)
Class com.android.tools.lint.model.DefaultLintModelVariant$artifact$2                 : loaded 2 times (x 77B)
Class org.gradle.internal.time.TimeSource                                             : loaded 2 times (x 68B)
Class org.jetbrains.kotlin.config.JvmDefaultMode                                      : loaded 2 times (x 77B)
Class com.google.common.base.Suppliers$SupplierOfInstance                             : loaded 2 times (x 77B)
Class com.android.ide.gradle.model.ArtifactIdentifier                                 : loaded 2 times (x 68B)
Class org.objectweb.asm.RecordComponentVisitor                                        : loaded 2 times (x 75B)
Class com.intellij.gradle.toolingExtension.impl.model.dependencyModel.DependencyWriteContext: loaded 2 times (x 70B)
Class com.google.common.reflect.Invokable                                             : loaded 2 times (x 99B)
Class kotlin.reflect.jvm.internal.CachesKt$K_PACKAGE_CACHE$1                          : loaded 2 times (x 76B)
Class com.android.tools.lint.model.LintModelDependencies                              : loaded 2 times (x 68B)
Class [Lorg.jetbrains.kotlin.cli.common.CompilerSystemProperties;                     : loaded 2 times (x 67B)
Class com.amazon.ion.impl.bin.IonManagedBinaryWriter$SymbolState$1                    : loaded 2 times (x 78B)
Class com.amazon.ion.impl.bin.IonManagedBinaryWriter$SymbolState$2                    : loaded 2 times (x 78B)
Class com.amazon.ion.impl.bin.IonManagedBinaryWriter$SymbolState$3                    : loaded 2 times (x 78B)
Class com.intellij.util.containers.IntObjectHashMap$ArrayProducer                     : loaded 2 times (x 68B)
Class com.intellij.gradle.toolingExtension.util.GradleVersionSpecificsUtil            : loaded 2 times (x 69B)
Class com.android.ide.common.resources.DataFile                                       : loaded 2 times (x 81B)
Class com.android.tools.lint.model.DefaultLintModelModule                             : loaded 2 times (x 96B)
Class com.amazon.ion.impl.bin.IonManagedBinaryWriter$SymbolState$4                    : loaded 2 times (x 78B)
Class [Lcom.intellij.openapi.externalSystem.model.project.dependencies.ResolutionState;: loaded 2 times (x 67B)
Class com.amazon.ion.IonBlob                                                          : loaded 2 times (x 68B)
Class org.jetbrains.kotlin.cli.common.CompilerSystemProperties$value$2                : loaded 2 times (x 123B)
Class org.objectweb.asm.ClassTooLargeException                                        : loaded 2 times (x 81B)
Class com.intellij.openapi.externalSystem.model.project.dependencies.ResolutionState  : loaded 2 times (x 77B)
Class org.jetbrains.kotlin.config.LanguageVersion$Companion                           : loaded 2 times (x 69B)
Class com.google.protobuf.UnsafeUtil$MemoryAccessor                                   : loaded 2 times (x 89B)
Class com.intellij.gradle.toolingExtension.impl.model.sourceSetModel.GradleSourceSetSerialisationService: loaded 2 times (x 75B)
Class com.android.prefs.AndroidLocationsProvider                                      : loaded 2 times (x 68B)
Class org.gradle.api.internal.classpath.UnknownModuleException                        : loaded 2 times (x 80B)
Class com.android.builder.model.v2.ide.ProjectType                                    : loaded 2 times (x 77B)
Class com.amazon.ion.system.SimpleCatalog                                             : loaded 2 times (x 89B)
Class com.android.tools.analytics.Environment                                         : loaded 2 times (x 71B)
Class com.android.builder.model.v2.models.ModelBuilderParameter                       : loaded 2 times (x 68B)
Class com.google.common.util.concurrent.AbstractFuture$Listener                       : loaded 2 times (x 70B)
Class com.google.protobuf.CodedInputStream                                            : loaded 2 times (x 117B)
Class kotlin.reflect.KProperty0                                                       : loaded 2 times (x 68B)
Class com.android.tools.lint.model.DefaultLintModelVariant$mainArtifact$2             : loaded 2 times (x 77B)
Class com.amazon.ion.IonNumber                                                        : loaded 2 times (x 68B)
Class kotlin.reflect.KProperty1                                                       : loaded 2 times (x 68B)
Class kotlin.reflect.KProperty2                                                       : loaded 2 times (x 68B)
Class com.amazon.ion.IonBufferConfiguration$OversizedSymbolTableHandler               : loaded 2 times (x 68B)
Class com.intellij.gradle.toolingExtension.impl.model.buildScriptClasspathModel.GradleBuildScriptClasspathSerializationService: loaded 2 times (x 75B)
Class [Lcom.google.protobuf.Internal$EnumLite;                                        : loaded 2 times (x 67B)
Class com.intellij.gradle.toolingExtension.impl.model.sourceSetModel.GradleSourceSetSerialisationService$Companion: loaded 2 times (x 69B)
Class com.google.protobuf.NioByteString                                               : loaded 2 times (x 102B)
Class org.objectweb.asm.Edge                                                          : loaded 2 times (x 70B)
Class com.android.ide.gradle.model.GradlePluginModel                                  : loaded 2 times (x 68B)
Class com.android.tools.analytics.AnalyticsSettingsData$Companion                     : loaded 2 times (x 69B)
Class com.google.protobuf.Internal$ProtobufList                                       : loaded 2 times (x 68B)
Class [Lcom.android.prefs.VariableValue;                                              : loaded 2 times (x 67B)
Class ijJvmDebugger1_6g4imignl8qxtapamm7pfxqij$_run_closure1$_closure2                : loaded 2 times (x 138B)
Class kotlin.Lazy                                                                     : loaded 2 times (x 68B)
Class it.unimi.dsi.fastutil.objects.Object2IntMap$FastEntrySet                        : loaded 2 times (x 68B)
Class it.unimi.dsi.fastutil.longs.LongSet                                             : loaded 2 times (x 68B)
Class org.jetbrains.plugins.gradle.model.ProjectImportModelProvider                   : loaded 2 times (x 68B)
Class com.google.common.collect.ImmutableMapEntry$NonTerminalImmutableBiMapEntry      : loaded 2 times (x 83B)
Class org.gradle.tooling.model.UnsupportedMethodException                             : loaded 2 times (x 80B)
Class org.jetbrains.plugins.gradle.tooling.serialization.GradleExtensionsSerializationService: loaded 2 times (x 75B)
Class [Lcom.android.prefs.LocationValue;                                              : loaded 2 times (x 67B)
Class com.google.protobuf.MessageLiteOrBuilder                                        : loaded 2 times (x 68B)
Class com.android.builder.model.v2.ide.AaptOptions$Namespacing                        : loaded 2 times (x 77B)
Class com.amazon.ion.IonContainer                                                     : loaded 2 times (x 68B)
Class com.amazon.ion.impl.lite.ValueFactoryLite                                       : loaded 2 times (x 216B)
Class com.amazon.ion.impl._Private_IonWriterBase                                      : loaded 2 times (x 160B)
Class com.android.ide.gradle.model.LegacyAndroidGradlePluginPropertiesModelParameters : loaded 2 times (x 68B)
Class org.jetbrains.kotlin.config.LanguageFeature                                     : loaded 2 times (x 78B)
Class [Lcom.android.builder.model.v2.ide.BytecodeTransformation;                      : loaded 2 times (x 67B)
Class [Lorg.objectweb.asm.SymbolTable$Entry;                                          : loaded 2 times (x 67B)
Class com.android.utils.EnvironmentProvider                                           : loaded 2 times (x 68B)
Class com.intellij.openapi.util.text.CharSequenceWithStringHash                       : loaded 2 times (x 68B)
Class kotlin.collections.builders.AbstractMapBuilderEntrySet                          : loaded 2 times (x 142B)
Class com.android.ide.common.resources.DataItem                                       : loaded 2 times (x 88B)
Class kotlin.KotlinVersionCurrentValue                                                : loaded 2 times (x 69B)
Class kotlin.sequences.SequencesKt__SequencesKt$flatten$3                             : loaded 2 times (x 76B)
Class com.amazon.ion.impl.bin.IonRawBinaryWriter$ThrowingRunnable                     : loaded 2 times (x 68B)
Class com.google.common.collect.CollectSpliterators$1WithCharacteristics              : loaded 2 times (x 88B)
Class com.google.common.base.Suppliers$MemoizingSupplier                              : loaded 2 times (x 77B)
Class it.unimi.dsi.fastutil.ints.IntArraySet                                          : loaded 2 times (x 233B)
Class it.unimi.dsi.fastutil.Hash                                                      : loaded 2 times (x 68B)
Class com.google.common.base.Suppliers                                                : loaded 2 times (x 69B)
Class com.amazon.ion.impl._Private_IonTextWriterBuilder$Mutable                       : loaded 2 times (x 100B)
Class kotlin.reflect.jvm.internal.KDeclarationContainerImpl$Data$moduleData$2         : loaded 2 times (x 77B)
Class kotlin.reflect.jvm.internal.KClassifierImpl                                     : loaded 2 times (x 68B)
Class com.android.builder.model.v2.ide.AndroidLibraryData                             : loaded 2 times (x 68B)
Class org.jetbrains.plugins.gradle.model.IntelliJProjectSettings                      : loaded 2 times (x 68B)
Class kotlin.jvm.internal.MutablePropertyReference1Impl                               : loaded 2 times (x 135B)
Class com.amazon.ion.impl._Private_RecyclingQueue$ElementIterator                     : loaded 2 times (x 80B)
Class kotlin.sequences.SequencesKt__SequencesKt$flatten$1                             : loaded 2 times (x 76B)
Class kotlin.LazyKt__LazyJVMKt                                                        : loaded 2 times (x 69B)
Class org.gradle.internal.exceptions.DefaultMultiCauseException                       : loaded 2 times (x 93B)
Class com.amazon.ion.system.IonReaderBuilder                                          : loaded 2 times (x 93B)
Class com.google.common.cache.LoadingCache                                            : loaded 2 times (x 68B)
Class org.gradle.internal.service.ServiceLookupException                              : loaded 2 times (x 80B)
Class kotlin.SafePublicationLazyImpl$Companion                                        : loaded 2 times (x 69B)
Class org.jetbrains.kotlin.name.FqNameUnsafe                                          : loaded 2 times (x 70B)
Class com.android.tools.lint.model.DefaultLintModelVariant                            : loaded 2 times (x 99B)
Class com.android.prefs.LocationValue                                                 : loaded 2 times (x 68B)
Class jdk.internal.jimage.ImageStringsReader                                          : loaded 2 times (x 78B)
Class com.google.protobuf.ByteString                                                  : loaded 2 times (x 99B)
Class com.android.utils.DateProvider$1                                                : loaded 2 times (x 73B)
Class jdk.internal.jimage.decompressor.ResourceDecompressorFactory                    : loaded 2 times (x 72B)
Class com.android.builder.model.v2.models.ProjectSyncIssues                           : loaded 2 times (x 68B)
Class com.google.common.base.Present                                                  : loaded 2 times (x 79B)
Class com.amazon.ion.impl.bin._Private_IonManagedWriter                               : loaded 2 times (x 68B)
Class kotlin.reflect.jvm.internal.KMutableProperty1Impl                               : loaded 2 times (x 133B)
Class com.android.builder.model.v2.dsl.BaseConfig                                     : loaded 2 times (x 68B)
Class com.android.ProgressManagerAdapter                                              : loaded 2 times (x 71B)
Class kotlin.reflect.jvm.internal.EmptyContainerForLocal                              : loaded 2 times (x 82B)
Class kotlin.text.DelimitedRangesSequence                                             : loaded 2 times (x 73B)
Class org.gradle.tooling.model.ProjectIdentifier                                      : loaded 2 times (x 68B)
Class it.unimi.dsi.fastutil.objects.ObjectIterator                                    : loaded 2 times (x 68B)
Class com.google.common.util.concurrent.AbstractFuture$Failure                        : loaded 2 times (x 70B)
Class [Lorg.gradle.api.internal.ClassPathProvider;                                    : loaded 2 times (x 67B)
Class jdk.internal.jimage.ImageReader$SharedImageReader$LocationVisitor               : loaded 2 times (x 68B)
Class kotlin.collections.MutableMapWithDefault                                        : loaded 2 times (x 68B)
Class com.google.common.util.concurrent.AbstractFuture$SafeAtomicHelper               : loaded 2 times (x 77B)
Class com.google.common.collect.ImmutableMultimap$Values                              : loaded 2 times (x 124B)
Class org.gradle.internal.operations.MultipleBuildOperationFailures                   : loaded 2 times (x 93B)
Class it.unimi.dsi.fastutil.objects.ObjectIterable                                    : loaded 2 times (x 68B)
Class com.intellij.openapi.util.io.FileUtilRt                                         : loaded 2 times (x 69B)
Class jdk.internal.jrtfs.SystemImage$2                                                : loaded 2 times (x 74B)
Class org.gradle.util.internal.GUtil                                                  : loaded 2 times (x 69B)
Class jdk.internal.jimage.decompressor.ZipDecompressor                                : loaded 2 times (x 73B)
Class it.unimi.dsi.fastutil.ints.AbstractIntSet                                       : loaded 2 times (x 231B)
Class kotlin.coroutines.ContinuationInterceptor                                       : loaded 2 times (x 68B)
Class com.amazon.ion.IonBufferConfiguration$Builder                                   : loaded 2 times (x 76B)
Class org.gradle.tooling.model.internal.ImmutableDomainObjectSet                      : loaded 2 times (x 153B)
Class jdk.internal.jrtfs.SystemImage$1                                                : loaded 2 times (x 76B)
Class kotlin.reflect.jvm.internal.ReflectProperties                                   : loaded 2 times (x 69B)
Class org.gradle.tooling.internal.adapter.MethodInvoker                               : loaded 2 times (x 68B)
Class org.jetbrains.plugins.gradle.model.AnnotationProcessingModel                    : loaded 2 times (x 68B)
Class com.google.common.cache.LocalCache$AbstractReferenceEntry                       : loaded 2 times (x 105B)
Class org.jetbrains.plugins.gradle.model.ExternalTask                                 : loaded 2 times (x 68B)
Class org.gradle.tooling.model.HierarchicalElement                                    : loaded 2 times (x 68B)
Class com.google.gson.stream.JsonWriter                                               : loaded 2 times (x 96B)
Class com.android.tools.lint.model.LintModelDependencyGraph                           : loaded 2 times (x 68B)
Class com.android.builder.model.v2.ide.BasicArtifact                                  : loaded 2 times (x 68B)
Class [Lkotlin.DeprecationLevel;                                                      : loaded 2 times (x 67B)
Class com.android.builder.model.v2.ide.Edge                                           : loaded 2 times (x 68B)
Class com.amazon.ion.system.IonTextWriterBuilder                                      : loaded 2 times (x 96B)
Class org.gradle.internal.classloader.ClassLoaderSpec                                 : loaded 2 times (x 69B)
Class org.gradle.internal.installation.GradleInstallation$1                           : loaded 2 times (x 73B)
Class com.android.builder.model.v2.models.ndk.NativeModelBuilderParameter             : loaded 2 times (x 68B)
Class org.gradle.api.internal.DefaultClassPathProvider                                : loaded 2 times (x 74B)
Class com.android.builder.model.v2.CustomSourceDirectory                              : loaded 2 times (x 68B)
Class com.android.tools.analytics.Environment$Companion                               : loaded 2 times (x 69B)
Class org.jetbrains.kotlin.idea.gradleTooling.KotlinMPPGradleModel                    : loaded 2 times (x 68B)
Class kotlin.jvm.JvmStatic                                                            : loaded 2 times (x 68B)
Class com.google.common.io.CharSink                                                   : loaded 2 times (x 77B)
Class com.google.common.cache.LocalCache$Segment                                      : loaded 2 times (x 152B)
Class org.objectweb.asm.Frame                                                         : loaded 2 times (x 71B)
Class com.google.common.cache.LocalCache$LocalManualCache                             : loaded 2 times (x 97B)
Class com.google.common.collect.MapMakerInternalMap$Strength                          : loaded 2 times (x 78B)
Class com.android.ide.gradle.model.dependencies.DeclaredDependencies                  : loaded 2 times (x 68B)
Class kotlin.sequences.DropSequence                                                   : loaded 2 times (x 77B)
Class [Lkotlin.reflect.KAnnotatedElement;                                             : loaded 2 times (x 67B)
Class com.google.protobuf.Internal$DoubleList                                         : loaded 2 times (x 68B)
Class com.google.common.cache.CacheLoader$1                                           : loaded 2 times (x 73B)
Class com.amazon.ion.impl.bin.Block                                                   : loaded 2 times (x 77B)
Class org.jetbrains.plugins.gradle.model.GradleExtension                              : loaded 2 times (x 68B)
Class com.amazon.ion.impl.LocalSymbolTable$Factory                                    : loaded 2 times (x 75B)
Class [Lcom.google.common.collect.MapMakerInternalMap$Strength;                       : loaded 2 times (x 67B)
Class com.amazon.ion.impl.bin.IonManagedBinaryWriter                                  : loaded 2 times (x 164B)
Class org.gradle.tooling.internal.adapter.ProtocolToModelAdapter$AdaptingMethodInvoker: loaded 2 times (x 74B)
Class com.android.prefs.AndroidPathLocator                                            : loaded 2 times (x 71B)
Class com.amazon.ion.impl.IonWriterSystem                                             : loaded 2 times (x 169B)
Class org.jetbrains.plugins.gradle.tooling.util.IntObjectMap                          : loaded 2 times (x 71B)
Class org.gradle.tooling.model.idea.IdeaModuleDependency                              : loaded 2 times (x 68B)
Class [Lcom.amazon.ion.impl.bin.IonManagedBinaryWriter$ImportedSymbolResolverMode;    : loaded 2 times (x 67B)
Class com.google.common.util.concurrent.AbstractFuture$TrustedFuture                  : loaded 2 times (x 95B)
Class kotlin.sequences.TakeWhileSequence                                              : loaded 2 times (x 73B)
Class org.jetbrains.plugins.gradle.tooling.serialization.RepositoriesModelSerializationService$ReadContext: loaded 2 times (x 70B)
Class [Lkotlin.LazyThreadSafetyMode;                                                  : loaded 2 times (x 67B)
Class com.android.tools.lint.model.DefaultLintModelLibrary                            : loaded 2 times (x 84B)
Class kotlin.collections.IndexedValue                                                 : loaded 2 times (x 70B)
Class kotlin.SafePublicationLazyImpl                                                  : loaded 2 times (x 74B)
Class com.amazon.ion.impl.bin.IonRawBinaryWriter                                      : loaded 2 times (x 167B)
Class com.amazon.ion.impl._Private_IonSystem                                          : loaded 2 times (x 68B)
Class org.gradle.internal.classloader.InstrumentingClassLoader                        : loaded 2 times (x 68B)
Class com.google.common.collect.MapMakerInternalMap$InternalEntry                     : loaded 2 times (x 68B)
Class kotlin.reflect.KProperty$Accessor                                               : loaded 2 times (x 68B)
Class [Lcom.amazon.ion.util.GzipStreamInterceptor;                                    : loaded 2 times (x 67B)
Class com.google.protobuf.Descriptors$GenericDescriptor                               : loaded 2 times (x 73B)
Class kotlin.collections.State                                                        : loaded 2 times (x 77B)
Class org.jetbrains.kotlin.idea.projectModel.KotlinTaskProperties                     : loaded 2 times (x 68B)
Class [Lcom.android.tools.analytics.Environment$SystemProperty;                       : loaded 2 times (x 67B)
Class com.google.common.collect.Maps$ViewCachingAbstractMap                           : loaded 2 times (x 123B)
Class com.amazon.ion.impl._Private_IonBinaryWriterBuilder                             : loaded 2 times (x 113B)
Class org.jetbrains.kotlin.config.ExplicitApiMode$Companion                           : loaded 2 times (x 69B)
Class [Lcom.google.common.cache.Weigher;                                              : loaded 2 times (x 67B)
Class com.google.protobuf.GeneratedMessageV3$BuilderParent                            : loaded 2 times (x 68B)
Class kotlin.annotation.AnnotationTarget                                              : loaded 2 times (x 77B)
Class kotlin.text.StringsKt__StringsKt$splitToSequence$1                              : loaded 2 times (x 77B)
Class [Lcom.android.builder.model.v2.ide.ProjectType;                                 : loaded 2 times (x 67B)
Class com.amazon.ion.SymbolTable                                                      : loaded 2 times (x 68B)
Class kotlin.text.StringsKt__StringsKt$splitToSequence$2                              : loaded 2 times (x 77B)
Class com.android.tools.lint.model.LintModelModuleLoader                              : loaded 2 times (x 68B)
Class [Lcom.android.tools.analytics.Environment$EnvironmentVariable;                  : loaded 2 times (x 67B)
Class com.google.protobuf.ExtensionRegistryFactory                                    : loaded 2 times (x 69B)
Class com.amazon.ion.IonReader                                                        : loaded 2 times (x 68B)
Class org.jetbrains.kotlin.util.capitalizeDecapitalize.CapitalizeDecapitalizeKt       : loaded 2 times (x 69B)
Class com.amazon.ion.impl.bin.Symbols$2                                               : loaded 2 times (x 105B)
Class com.google.common.collect.MapMakerInternalMap                                   : loaded 2 times (x 159B)
Class com.amazon.ion.impl.bin.utf8.Pool                                               : loaded 2 times (x 72B)
Class it.unimi.dsi.fastutil.ints.IntCollection                                        : loaded 2 times (x 68B)
Class [Lcom.android.builder.model.v2.ide.TestInfo$Execution;                          : loaded 2 times (x 67B)
Class com.google.common.collect.ImmutableMapKeySet                                    : loaded 2 times (x 148B)
Class it.unimi.dsi.fastutil.ints.IntArrays$Segment                                    : loaded 2 times (x 69B)
Class kotlin.reflect.jvm.internal.KCallableImpl                                       : loaded 2 times (x 103B)
Class org.jetbrains.kotlin.tooling.core.Extras                                        : loaded 2 times (x 68B)
Class ijJvmDebugger1_6g4imignl8qxtapamm7pfxqij                                        : loaded 2 times (x 177B)
Class kotlin.reflect.jvm.internal.KMutableProperty1Impl$_setter$1                     : loaded 2 times (x 77B)
Class kotlin.properties.Delegates                                                     : loaded 2 times (x 69B)
Class org.objectweb.asm.SymbolTable                                                   : loaded 2 times (x 70B)
Class com.amazon.ion.impl.bin.BlockAllocatorProvider                                  : loaded 2 times (x 70B)
Class kotlin.reflect.KMutableProperty0                                                : loaded 2 times (x 68B)
Class com.android.tools.lint.model.PathVariables$Companion$PATH_COMPARATOR$1          : loaded 2 times (x 76B)
Class org.gradle.tooling.internal.adapter.ProtocolToModelAdapter$ViewGraphDetails$1   : loaded 2 times (x 75B)
Class kotlin.reflect.KMutableProperty1                                                : loaded 2 times (x 68B)
Class com.android.tools.lint.model.PathVariables$Companion$PATH_COMPARATOR$2          : loaded 2 times (x 76B)
Class [Lorg.objectweb.asm.AnnotationVisitor;                                          : loaded 2 times (x 67B)
Class kotlin.reflect.KMutableProperty2                                                : loaded 2 times (x 68B)
Class com.android.tools.lint.model.PathVariables$Companion$PATH_COMPARATOR$3          : loaded 2 times (x 76B)
Class com.google.common.cache.CacheStats                                              : loaded 2 times (x 69B)
Class com.android.tools.lint.model.PathVariables$Companion$PATH_COMPARATOR$4          : loaded 2 times (x 76B)
Class com.intellij.gradle.toolingExtension.impl.model.buildScriptClasspathModel.GradleBuildScriptClasspathSerializationService$ReadContext: loaded 2 times (x 70B)
Class com.google.protobuf.Internal$LongList                                           : loaded 2 times (x 68B)
Class org.jetbrains.kotlin.config.MavenComparableVersion$IntegerItem                  : loaded 2 times (x 78B)
Class org.jetbrains.plugins.gradle.model.ExternalLibraryDependency                    : loaded 2 times (x 68B)
Class it.unimi.dsi.fastutil.ints.IntSet                                               : loaded 2 times (x 68B)
Class com.amazon.ion.IonDatagram                                                      : loaded 2 times (x 68B)
Class com.android.tools.lint.model.LintModelMavenName$Companion                       : loaded 2 times (x 69B)
Class org.gradle.internal.classloader.VisitableURLClassLoader                         : loaded 2 times (x 115B)
Class com.google.common.cache.LocalCache$LocalLoadingCache                            : loaded 2 times (x 132B)
Class [Lcom.amazon.ion.impl.bin.IonManagedBinaryWriter$UserState;                     : loaded 2 times (x 67B)
Class kotlin.reflect.jvm.internal.RuntimeTypeMapper                                   : loaded 2 times (x 69B)
Class [Lkotlin.collections.State;                                                     : loaded 2 times (x 67B)
Class jdk.internal.jimage.ImageBufferCache$2                                          : loaded 2 times (x 89B)
Class com.google.common.collect.HashBiMap$BiEntry                                     : loaded 2 times (x 81B)
Class kotlin.reflect.jvm.internal.KCallableImpl$_returnType$1                         : loaded 2 times (x 77B)
Class kotlin.reflect.jvm.internal.KPropertyImpl$_javaField$1                          : loaded 2 times (x 77B)
Class kotlin.sequences.TakeWhileSequence$iterator$1                                   : loaded 2 times (x 77B)
Class jdk.internal.jimage.ImageBufferCache$1                                          : loaded 2 times (x 78B)
Class com.amazon.ion.impl.bin.IntList                                                 : loaded 2 times (x 75B)
Class kotlin.reflect.jvm.internal.KClassImpl$Data                                     : loaded 2 times (x 70B)
Class com.android.utils.EnvironmentProvider$DirectEnvironmentProvider                 : loaded 2 times (x 78B)
Class com.google.common.collect.ImmutableMultimap$Keys                                : loaded 2 times (x 164B)
Class com.google.common.util.concurrent.AbstractFuture$AtomicHelper                   : loaded 2 times (x 76B)
Class com.google.common.collect.MapMakerInternalMap$AbstractWeakKeyEntry              : loaded 2 times (x 85B)
Class org.objectweb.asm.FieldWriter                                                   : loaded 2 times (x 76B)
Class kotlin.reflect.KMutableProperty$Setter                                          : loaded 2 times (x 68B)
Class org.jetbrains.kotlin.load.java.JvmAbi                                           : loaded 2 times (x 69B)
Class com.google.common.collect.MapMakerInternalMap$InternalEntryHelper               : loaded 2 times (x 68B)
Class org.jetbrains.plugins.gradle.model.IntelliJSettings                             : loaded 2 times (x 68B)
Class org.jetbrains.plugins.gradle.model.GradleProperty                               : loaded 2 times (x 68B)
Class kotlin.reflect.jvm.internal.ReflectionFactoryImpl                               : loaded 2 times (x 89B)
Class com.google.protobuf.Internal$BooleanList                                        : loaded 2 times (x 68B)
Class com.amazon.ion.IonStruct                                                        : loaded 2 times (x 68B)
Class com.amazon.ion.impl.lite.IonLobLite                                             : loaded 2 times (x 182B)
Class org.gradle.api.internal.ClassPathRegistry                                       : loaded 2 times (x 68B)
Class com.amazon.ion.impl.lite.IonStructLite                                          : loaded 2 times (x 296B)
Class com.google.protobuf.Internal$EnumLite                                           : loaded 2 times (x 68B)
Class com.google.common.collect.RegularImmutableBiMap$Inverse                         : loaded 2 times (x 141B)
Class com.google.gson.stream.JsonReader                                               : loaded 2 times (x 95B)
Class com.google.common.cache.LocalCache$EntryFactory                                 : loaded 2 times (x 81B)
Class com.google.gson.stream.MalformedJsonException                                   : loaded 2 times (x 80B)
Class org.gradle.tooling.internal.adapter.ProtocolToModelAdapter$1                    : loaded 2 times (x 73B)
Class ijKotlinCoroutineJvmDebugInit1_86wycl9dm7hd8kuc3uev0p8uy$_run_closure1$_closure2: loaded 2 times (x 137B)
Class com.google.common.util.concurrent.UncheckedExecutionException                   : loaded 2 times (x 80B)
Class com.google.common.hash.Hasher                                                   : loaded 2 times (x 68B)
Class org.gradle.internal.classloader.VisitableURLClassLoader$InstrumentingVisitableURLClassLoader: loaded 2 times (x 121B)
Class com.google.common.cache.LocalCache$StrongEntry                                  : loaded 2 times (x 106B)
Class com.android.tools.lint.model.PathVariables                                      : loaded 2 times (x 70B)
Class org.gradle.internal.classloader.ClassLoaderHierarchy                            : loaded 2 times (x 68B)
Class com.amazon.ion.util.GzipStreamInterceptor                                       : loaded 2 times (x 83B)
Class com.android.tools.lint.model.LintModelSerialization$LintModelSerializationFileAdapter$WhenMappings: loaded 2 times (x 69B)
Class [Lkotlin.reflect.jvm.internal.impl.name.ClassId;                                : loaded 2 times (x 67B)
Class com.android.builder.model.v2.ide.AndroidGradlePluginProjectFlags                : loaded 2 times (x 68B)
Class com.android.tools.lint.model.LintModelNamespacingMode                           : loaded 2 times (x 77B)
Class com.google.protobuf.Utf8$UnsafeProcessor                                        : loaded 2 times (x 75B)
Class kotlin.jvm.internal.MutablePropertyReference                                    : loaded 2 times (x 117B)
Class com.amazon.ion.UnexpectedEofException                                           : loaded 2 times (x 82B)
Class it.unimi.dsi.fastutil.longs.LongCollection                                      : loaded 2 times (x 68B)
Class kotlin.jvm.internal.PropertyReference2                                          : loaded 2 times (x 125B)
Class org.gradle.internal.exceptions.MultiCauseException                              : loaded 2 times (x 68B)
Class com.amazon.ion.impl.lite.IonSexpLite                                            : loaded 2 times (x 450B)
Class com.google.protobuf.Utf8                                                        : loaded 2 times (x 69B)
Class com.google.protobuf.MessageOrBuilder                                            : loaded 2 times (x 68B)
Class com.amazon.ion.impl.bin.IonManagedBinaryWriter$UserState$1                      : loaded 2 times (x 83B)
Class [Lcom.amazon.ion.impl.bin.IonRawBinaryWriter$ContainerType;                     : loaded 2 times (x 67B)
Class com.amazon.ion.impl.bin.IonManagedBinaryWriter$UserState$2                      : loaded 2 times (x 83B)
Class [Lcom.amazon.ion.impl.bin.IonRawBinaryWriter$StreamCloseMode;                   : loaded 2 times (x 67B)
Class com.android.builder.model.v2.models.VariantDependenciesAdjacencyList            : loaded 2 times (x 68B)
Class com.amazon.ion.impl.bin.IonManagedBinaryWriter$UserState$3                      : loaded 2 times (x 83B)
Class kotlin.collections.builders.MapBuilder                                          : loaded 2 times (x 110B)
Class org.jetbrains.kotlin.tooling.core.KotlinToolingVersion                          : loaded 2 times (x 73B)
Class com.amazon.ion.impl.bin.IonManagedBinaryWriter$UserState$4                      : loaded 2 times (x 83B)
Class org.jetbrains.plugins.gradle.model.RepositoryModels                             : loaded 2 times (x 68B)
Class org.jetbrains.plugins.gradle.model.ExternalProject                              : loaded 2 times (x 68B)
Class com.amazon.ion.IonTimestamp                                                     : loaded 2 times (x 68B)
Class org.jetbrains.kotlin.cli.jvm.compiler.KotlinCoreEnvironment$Companion           : loaded 2 times (x 69B)
Class com.google.common.collect.Lists$ReverseList                                     : loaded 2 times (x 160B)
Class [Lcom.android.tools.lint.model.LintModelSerialization$TargetFile;               : loaded 2 times (x 67B)
Class jdk.internal.jimage.ImageReader                                                 : loaded 2 times (x 73B)
Class com.intellij.openapi.externalSystem.model.project.IExternalSystemSourceType     : loaded 2 times (x 68B)
Class com.amazon.ion.impl.SymbolTokenImpl                                             : loaded 2 times (x 79B)
Class com.google.protobuf.ByteString$LiteralByteString                                : loaded 2 times (x 104B)
Class kotlin.jvm.internal.PropertyReference1                                          : loaded 2 times (x 125B)
Class kotlin.jvm.internal.PropertyReference0                                          : loaded 2 times (x 125B)
Class org.gradle.tooling.internal.adapter.ProtocolToModelAdapter$SafeMethodInvoker    : loaded 2 times (x 74B)
Class org.gradle.tooling.model.kotlin.dsl.KotlinDslScriptModel                        : loaded 2 times (x 68B)
Class [Lcom.android.prefs.Global;                                                     : loaded 2 times (x 67B)
Class com.google.common.collect.MapMakerInternalMap$WeakValueReference                : loaded 2 times (x 68B)
Class org.jetbrains.kotlin.idea.gradleTooling.model.kapt.KaptGradleModel              : loaded 2 times (x 68B)
Class com.android.builder.model.v2.ide.ViewBindingOptions                             : loaded 2 times (x 68B)
Class com.google.common.collect.Lists$ReverseList$1                                   : loaded 2 times (x 97B)
Class com.google.protobuf.AbstractMessage$Builder                                     : loaded 2 times (x 255B)
Class com.android.tools.lint.model.LintModelSourceProvider                            : loaded 2 times (x 68B)
Class com.amazon.ion.impl._Private_Utils                                              : loaded 2 times (x 69B)
Class org.jetbrains.plugins.gradle.model.GradleTaskModel                              : loaded 2 times (x 68B)
Class org.jetbrains.kotlin.config.LanguageVersionSettings                             : loaded 2 times (x 68B)
Class com.google.common.cache.Weigher                                                 : loaded 2 times (x 68B)
Class com.google.common.collect.Cut                                                   : loaded 2 times (x 86B)
Class com.android.prefs.Global                                                        : loaded 2 times (x 78B)
Class ijJvmDebugger1_6g4imignl8qxtapamm7pfxqij$_run_closure1                          : loaded 2 times (x 137B)
Class com.amazon.ion.impl._Private_IonTextWriterBuilder                               : loaded 2 times (x 100B)
Class kotlin.collections.IndexingIterator                                             : loaded 2 times (x 77B)
Class com.google.common.collect.MapMakerInternalMap$StrongValueEntry                  : loaded 2 times (x 68B)
Class com.google.protobuf.AbstractMessageLite$Builder$LimitedInputStream              : loaded 2 times (x 90B)
Class kotlin.coroutines.jvm.internal.SuspendLambda                                    : loaded 2 times (x 89B)
Class androidx.compose.lint.NamesKt                                                   : loaded 2 times (x 69B)
Class com.google.protobuf.Utf8$SafeProcessor                                          : loaded 2 times (x 75B)
Class kotlin.collections.IndexingIterable                                             : loaded 2 times (x 77B)
Class it.unimi.dsi.fastutil.objects.ReferenceSet                                      : loaded 2 times (x 68B)
Class com.android.builder.model.v2.AndroidModel                                       : loaded 2 times (x 68B)
Class org.jetbrains.plugins.gradle.tooling.serialization.ToolingStreamApiUtils        : loaded 2 times (x 69B)
Class org.gradle.internal.InternalTransformer                                         : loaded 2 times (x 68B)
Class com.android.builder.model.v2.ide.LintOptions                                    : loaded 2 times (x 68B)
Class com.google.protobuf.ExtensionRegistry$ExtensionInfo                             : loaded 2 times (x 70B)
Class io.opentelemetry.api.trace.DefaultTracer                                        : loaded 2 times (x 72B)
Class com.android.tools.lint.model.LintModelLibraryResolver                           : loaded 2 times (x 68B)
Class org.jetbrains.kotlin.idea.gradleTooling.KotlinGradleModel                       : loaded 2 times (x 68B)
Class com.google.protobuf.AbstractMessage$BuilderParent                               : loaded 2 times (x 68B)
Class org.gradle.tooling.internal.gradle.DefaultBuildIdentifier                       : loaded 2 times (x 77B)
Class kotlin.reflect.jvm.internal.impl.builtins.StandardNames$FqNames                 : loaded 2 times (x 69B)
Class org.gradle.internal.service.ServiceLocator                                      : loaded 2 times (x 68B)
Class com.google.common.hash.Hashing                                                  : loaded 2 times (x 69B)
Class Settings_gradle$1                                                               : loaded 2 times (x 72B)
Class it.unimi.dsi.fastutil.Stack                                                     : loaded 2 times (x 68B)
Class com.amazon.ion.impl._Private_RecyclingQueue                                     : loaded 2 times (x 78B)
Class org.jetbrains.plugins.gradle.model.ExternalDependency                           : loaded 2 times (x 68B)
Class com.amazon.ion.impl.bin.IonManagedBinaryWriter$ImportedSymbolResolverMode$1$1$1 : loaded 2 times (x 74B)
Class org.jetbrains.plugins.gradle.javaModel.JavaGradleManifestModel                  : loaded 2 times (x 68B)
Class org.jetbrains.kotlin.config.MavenComparableVersion                              : loaded 2 times (x 76B)
Class org.jetbrains.plugins.gradle.tooling.serialization.KotlinDslScriptsModelSerializationService: loaded 2 times (x 79B)
Class com.google.common.util.concurrent.SettableFuture                                : loaded 2 times (x 95B)
Class org.gradle.tooling.internal.adapter.ProtocolToModelAdapter$MethodInvocationCache: loaded 2 times (x 71B)
Class kotlin.reflect.jvm.internal.KClassImpl$Data$declaredStaticMembers$2             : loaded 2 times (x 77B)
Class com.amazon.ion.IonString                                                        : loaded 2 times (x 68B)
Class kotlin.text.StringsKt__StringsKt$rangesDelimitedBy$1                            : loaded 2 times (x 77B)
Class [Lcom.android.builder.model.v2.ide.CodeShrinker;                                : loaded 2 times (x 67B)
Class kotlin.text.StringsKt__StringsKt$rangesDelimitedBy$2                            : loaded 2 times (x 77B)
Class com.google.common.collect.ImmutableBiMap$Builder                                : loaded 2 times (x 80B)
Class com.amazon.ion.IonLoader                                                        : loaded 2 times (x 68B)
Class com.amazon.ion.impl._Private_SymtabExtendsCache                                 : loaded 2 times (x 70B)
Class com.android.builder.model.v2.models.Versions$Companion                          : loaded 2 times (x 69B)
Class com.amazon.ion.IonBinaryWriter                                                  : loaded 2 times (x 68B)
Class io.opentelemetry.api.trace.DefaultTracerProvider                                : loaded 2 times (x 77B)
Class com.google.common.cache.CacheBuilder$OneWeigher                                 : loaded 2 times (x 80B)
Class kotlin.UnsafeLazyImpl                                                           : loaded 2 times (x 74B)
Class com.intellij.openapi.diagnostic.Logger$DefaultFactory                           : loaded 2 times (x 72B)
Class com.google.common.collect.ForwardingSet                                         : loaded 2 times (x 149B)
Class org.jetbrains.plugins.gradle.model.AnnotationProcessingConfig                   : loaded 2 times (x 68B)
Class com.google.common.collect.Cut$BelowValue                                        : loaded 2 times (x 86B)
Class [Lkotlin.reflect.jvm.internal.impl.builtins.PrimitiveType;                      : loaded 2 times (x 67B)
Class com.android.tools.lint.model.LintModelAndroidLibrary                            : loaded 2 times (x 68B)
Class com.google.gson.internal.JsonReaderInternalAccess                               : loaded 2 times (x 70B)
Class jdk.internal.jimage.BasicImageReader$1                                          : loaded 2 times (x 75B)
Class org.jetbrains.plugins.gradle.tooling.serialization.ExternalTestsSerializationService: loaded 2 times (x 75B)
Class org.jetbrains.kotlin.name.Name                                                  : loaded 2 times (x 73B)
Class org.gradle.tooling.model.kotlin.dsl.KotlinDslScriptsModel                       : loaded 2 times (x 68B)
Class com.amazon.ion.util.InputStreamInterceptor                                      : loaded 2 times (x 68B)
Class kotlin.reflect.jvm.internal.KClassImpl$Data$declaredMembers$2                   : loaded 2 times (x 77B)
Class kotlin.text.DelimitedRangesSequence$iterator$1                                  : loaded 2 times (x 77B)
Class org.jetbrains.plugins.gradle.tooling.serialization.ProjectDependenciesSerializationService$WriteContext: loaded 2 times (x 70B)
Class com.google.protobuf.GeneratedMessageV3$Builder                                  : loaded 2 times (x 274B)
Class com.android.builder.model.v2.ide.BundleInfo                                     : loaded 2 times (x 68B)
Class com.google.common.collect.MapMaker                                              : loaded 2 times (x 70B)
Class kotlin.LazyKt__LazyKt                                                           : loaded 2 times (x 69B)
Class com.android.builder.model.v2.models.AndroidProject                              : loaded 2 times (x 68B)
Class com.google.common.collect.HashBiMap                                             : loaded 2 times (x 141B)
Class com.android.tools.lint.model.LintModelJavaArtifact                              : loaded 2 times (x 68B)
Class [Lcom.android.tools.lint.model.LintModelArtifactType;                           : loaded 2 times (x 67B)
Class com.intellij.gradle.toolingExtension.impl.model.sourceSetDependencyModel.GradleSourceSetDependencySerialisationService: loaded 2 times (x 75B)
Class gnu.trove.TObjectIntProcedure                                                   : loaded 2 times (x 68B)
Class kotlin.io.TerminateException                                                    : loaded 2 times (x 80B)
Class org.gradle.tooling.internal.adapter.WeakIdentityHashMap                         : loaded 2 times (x 74B)
Class kotlin.reflect.jvm.internal.KProperty2Impl$_getter$1                            : loaded 2 times (x 77B)
Class kotlin.reflect.jvm.internal.KDeclarationContainerImpl                           : loaded 2 times (x 82B)
Class com.android.tools.lint.model.LintModelAndroidArtifact                           : loaded 2 times (x 68B)
Class Settings_gradle$1$1                                                             : loaded 2 times (x 72B)
Class com.google.common.collect.ImmutableMultiset                                     : loaded 2 times (x 161B)
Class [Lorg.jetbrains.kotlin.config.LanguageVersion;                                  : loaded 2 times (x 67B)
Class org.gradle.internal.exceptions.NonGradleCauseExceptionsHolder                   : loaded 2 times (x 68B)
Class org.gradle.internal.classpath.DefaultClassPath$ImmutableUniqueList              : loaded 2 times (x 159B)
Class com.amazon.ion.IonBool                                                          : loaded 2 times (x 68B)
Class jdk.internal.jimage.ImageBufferCache                                            : loaded 2 times (x 69B)
Class com.amazon.ion.impl.bin.IonRawBinaryWriter$ContainerInfo                        : loaded 2 times (x 72B)
Class com.intellij.gradle.toolingExtension.impl.model.sourceSetDependencyModel.GradleSourceSetDependencySerialisationService$Companion: loaded 2 times (x 69B)
Class org.gradle.internal.time.DefaultTimer                                           : loaded 2 times (x 78B)
Class org.gradle.api.internal.classpath.DefaultModuleRegistry                         : loaded 2 times (x 84B)
Class com.google.common.collect.ImmutableMultimap$1                                   : loaded 2 times (x 80B)
Class com.google.common.collect.ImmutableMultimap$2                                   : loaded 2 times (x 79B)
Class com.intellij.util.ThrowableConsumer                                             : loaded 2 times (x 68B)
Class com.google.common.collect.Cut$AboveValue                                        : loaded 2 times (x 86B)
Class com.android.tools.lint.model.DefaultLintModelBuildFeatures                      : loaded 2 times (x 75B)
Class com.android.tools.analytics.Environment$EnvironmentVariable                     : loaded 2 times (x 77B)
Class org.gradle.internal.classpath.TransformedClassPath                              : loaded 2 times (x 94B)
Class com.google.common.cache.RemovalListener                                         : loaded 2 times (x 68B)
Class com.amazon.ion.impl.bin.IonManagedBinaryWriter$ImportDescriptor                 : loaded 2 times (x 74B)
Class com.amazon.ion.system.IonBinaryWriterBuilder                                    : loaded 2 times (x 97B)
Class com.google.common.io.FileWriteMode                                              : loaded 2 times (x 77B)
Class it.unimi.dsi.fastutil.longs.LongIterable                                        : loaded 2 times (x 68B)
Class [Lcom.android.resources.Density;                                                : loaded 2 times (x 67B)
Class com.google.common.reflect.TypeToken$SimpleTypeToken                             : loaded 2 times (x 71B)
Class org.gradle.internal.classpath.ClassPath                                         : loaded 2 times (x 68B)
Class org.jetbrains.kotlin.tooling.core.HasExtras                                     : loaded 2 times (x 68B)
Class com.amazon.ion.impl.bin.utf8.Utf8StringEncoderPool$1                            : loaded 2 times (x 74B)
Class com.google.common.util.concurrent.AbstractFuture$Trusted                        : loaded 2 times (x 68B)
Class org.gradle.tooling.internal.adapter.ProtocolToModelAdapter$InvocationHandlerImpl: loaded 2 times (x 75B)
Class com.google.common.cache.CacheLoader$SupplierToCacheLoader                       : loaded 2 times (x 73B)
Class kotlin.reflect.jvm.internal.impl.builtins.PrimitiveType$typeFqName$2            : loaded 2 times (x 77B)
Class kotlin.LazyThreadSafetyMode                                                     : loaded 2 times (x 77B)
Class com.amazon.ion.impl._Private_RecyclingStack$$Iterator                           : loaded 2 times (x 97B)
Class kotlin.reflect.jvm.internal.KClassImpl$Data$allStaticMembers$2                  : loaded 2 times (x 77B)
Class com.android.tools.lint.model.LintModelModule                                    : loaded 2 times (x 68B)
Class kotlin.reflect.jvm.internal.impl.builtins.StandardNames                         : loaded 2 times (x 69B)
Class org.jetbrains.plugins.gradle.tooling.serialization.AnnotationProcessingModelSerializationService$WriteContext: loaded 2 times (x 70B)
Class com.android.tools.analytics.AnalyticsSettings$optedIn$1                         : loaded 2 times (x 76B)
Class com.android.tools.analytics.AnalyticsSettings                                   : loaded 2 times (x 69B)
Class com.amazon.ion.impl._Private_IonReaderBuilder$Mutable                           : loaded 2 times (x 95B)
Class kotlin.jvm.internal.markers.KMutableMap$Entry                                   : loaded 2 times (x 68B)
Class [Lkotlin.reflect.jvm.internal.impl.resolve.jvm.JvmPrimitiveType;                : loaded 2 times (x 67B)
Class Settings_gradle                                                                 : loaded 2 times (x 126B)
Class kotlin.jvm.functions.Function10                                                 : loaded 2 times (x 68B)
Class org.jetbrains.plugins.gradle.tooling.serialization.internal.IdeaProjectSerializationService$ReadContext: loaded 2 times (x 70B)
Class gnu.trove.TObjectIntHashMap                                                     : loaded 2 times (x 107B)
Class org.gradle.tooling.model.idea.IdeaLanguageLevel                                 : loaded 2 times (x 68B)
Class it.unimi.dsi.fastutil.objects.Object2IntFunction                                : loaded 2 times (x 68B)
Class kotlin.jvm.functions.Function11                                                 : loaded 2 times (x 68B)
Class kotlin.coroutines.jvm.internal.Boxing                                           : loaded 2 times (x 69B)
Class kotlin.jvm.functions.Function12                                                 : loaded 2 times (x 68B)
Class com.android.prefs.PathLocator$singlePathOf$values$2                             : loaded 2 times (x 76B)
Class kotlin.jvm.functions.Function13                                                 : loaded 2 times (x 68B)
Class kotlin.reflect.jvm.internal.ComputableClassValue                                : loaded 2 times (x 78B)
Class org.gradle.util.internal.DefaultGradleVersion                                   : loaded 2 times (x 80B)
Class com.amazon.ion.impl._Private_RecyclingQueue$Recycler                            : loaded 2 times (x 68B)
Class kotlin.jvm.functions.Function14                                                 : loaded 2 times (x 68B)
Class com.android.prefs.PathLocator$singlePathOf$values$1                             : loaded 2 times (x 77B)
Class it.unimi.dsi.fastutil.ints.IntIterable                                          : loaded 2 times (x 68B)
Class kotlin.jvm.functions.Function15                                                 : loaded 2 times (x 68B)
Class com.android.builder.model.v2.ide.BasicVariant                                   : loaded 2 times (x 68B)
Class com.google.common.collect.Lists$TransformingRandomAccessList                    : loaded 2 times (x 159B)
Class kotlin.jvm.functions.Function16                                                 : loaded 2 times (x 68B)
Class org.objectweb.asm.ModuleVisitor                                                 : loaded 2 times (x 79B)
Class kotlin.jvm.functions.Function17                                                 : loaded 2 times (x 68B)
Class com.intellij.gradle.toolingExtension.impl.model.taskModel.GradleTaskSerialisationService: loaded 2 times (x 74B)
Class kotlin.jvm.functions.Function18                                                 : loaded 2 times (x 68B)
Class com.android.builder.model.v2.ide.SourceSetContainer                             : loaded 2 times (x 68B)
Class org.gradle.util.internal.DefaultGradleVersion$Stage                             : loaded 2 times (x 73B)
Class kotlin.jvm.functions.Function19                                                 : loaded 2 times (x 68B)
Class com.google.protobuf.Descriptors$FieldDescriptor                                 : loaded 2 times (x 86B)
Class com.android.ide.common.repository.AgpVersion$PreviewKind$WhenMappings           : loaded 2 times (x 69B)
Class com.amazon.ion.impl._Private_Utils$1                                            : loaded 2 times (x 87B)
Class kotlin.jdk7.AutoCloseableKt                                                     : loaded 2 times (x 69B)
Class com.google.common.collect.Cut$BelowAll                                          : loaded 2 times (x 86B)
Class com.google.protobuf.CodedInputStream$IterableDirectByteBufferDecoder            : loaded 2 times (x 118B)
Class com.amazon.ion.impl.lite.IonIntLite                                             : loaded 2 times (x 187B)
Class org.gradle.tooling.internal.adapter.ProtocolToModelAdapter$ViewDecoration       : loaded 2 times (x 68B)
Class it.unimi.dsi.fastutil.ints.IntIterator                                          : loaded 2 times (x 68B)
Class it.unimi.dsi.fastutil.objects.ObjectSet                                         : loaded 2 times (x 68B)
Class kotlin.reflect.jvm.internal.impl.builtins.PrimitiveType$Companion               : loaded 2 times (x 69B)
Class kotlin.jvm.internal.markers.KMutableListIterator                                : loaded 2 times (x 68B)
Class com.android.builder.model.v2.dsl.BuildType                                      : loaded 2 times (x 68B)
Class com.google.protobuf.UnsafeUtil$Android32MemoryAccessor                          : loaded 2 times (x 89B)
Class kotlin.SynchronizedLazyImpl                                                     : loaded 2 times (x 74B)
Class com.google.protobuf.GeneratedMessageV3$Builder$BuilderParentImpl                : loaded 2 times (x 76B)
Class it.unimi.dsi.fastutil.ints.IntArrays                                            : loaded 2 times (x 69B)
Class com.google.common.util.concurrent.ExecutionError                                : loaded 2 times (x 80B)
Class com.google.common.io.ByteSink$AsCharSink                                        : loaded 2 times (x 78B)
Class kotlin.sequences.SequencesKt___SequencesKt$sortedWith$1                         : loaded 2 times (x 73B)
Class it.unimi.dsi.fastutil.ints.AbstractInt2ObjectMap                                : loaded 2 times (x 213B)
Class [Lcom.google.common.collect.MapMakerInternalMap$Segment;                        : loaded 2 times (x 67B)
Class com.android.tools.lint.model.LintModelJavaLibrary                               : loaded 2 times (x 68B)
Class org.jetbrains.plugins.gradle.model.UnresolvedExternalDependency                 : loaded 2 times (x 68B)
Class com.intellij.gradle.toolingExtension.impl.util.collectionUtil.GradleCollections : loaded 2 times (x 69B)
Class kotlin.jvm.internal.markers.KMutableSet                                         : loaded 2 times (x 68B)
Class com.amazon.ion.impl._Private_LocalSymbolTable                                   : loaded 2 times (x 68B)
Class com.amazon.ion.ValueFactory                                                     : loaded 2 times (x 68B)
Class kotlin.DeprecationLevel                                                         : loaded 2 times (x 77B)
Class com.android.ide.gradle.model.AdditionalClassifierArtifactsModelParameter        : loaded 2 times (x 68B)
Class jdk.internal.jimage.ImageReader$Directory                                       : loaded 2 times (x 82B)
Class com.android.utils.XmlUtils                                                      : loaded 2 times (x 69B)
Class com.google.common.cache.LocalCache                                              : loaded 2 times (x 185B)
Class org.gradle.util.GradleVersion                                                   : loaded 2 times (x 79B)
Class kotlin.jvm.internal.PropertyReference                                           : loaded 2 times (x 113B)
Class com.intellij.gradle.toolingExtension.impl.model.sourceSetDependencyModel.GradleSourceSetDependencySerialisationService$SourceSetDependencyModelWriteContext: loaded 2 times (x 70B)
Class org.jetbrains.kotlin.name.FqNameUnsafe$1                                        : loaded 2 times (x 72B)
Class com.google.common.hash.HashCode$BytesHashCode                                   : loaded 2 times (x 79B)
Class kotlin.jvm.functions.Function20                                                 : loaded 2 times (x 68B)
Class com.amazon.ion.util._Private_FastAppendable                                     : loaded 2 times (x 68B)
Class kotlin.sequences.SequencesKt___SequencesJvmKt$filterIsInstance$1                : loaded 2 times (x 77B)
Class com.android.resources.ResourceEnum                                              : loaded 2 times (x 68B)
Class kotlin.jvm.functions.Function21                                                 : loaded 2 times (x 68B)
Class kotlin.jvm.functions.Function22                                                 : loaded 2 times (x 68B)
Class com.google.common.util.concurrent.AbstractFuture$UnsafeAtomicHelper$1           : loaded 2 times (x 74B)
Class com.google.protobuf.ByteString$BoundedByteString                                : loaded 2 times (x 104B)
Class [Lcom.android.resources.ResourceEnum;                                           : loaded 2 times (x 67B)
Class kotlin.sequences.DropSequence$iterator$1                                        : loaded 2 times (x 77B)
Class com.android.sdklib.AndroidVersion$AndroidVersionException                       : loaded 2 times (x 80B)
Class org.jetbrains.plugins.gradle.tooling.util.IntObjectMap$ObjectFactory            : loaded 2 times (x 68B)
Class [Lkotlin.Function;                                                              : loaded 2 times (x 67B)
Class [Lcom.android.builder.model.v2.ide.LibraryType;                                 : loaded 2 times (x 67B)
Class org.gradle.internal.installation.GradleInstallation                             : loaded 2 times (x 73B)
Class org.jetbrains.plugins.gradle.ExternalDependencyId                               : loaded 2 times (x 68B)
Class com.amazon.ion.impl._Private_RecyclingQueue$ElementFactory                      : loaded 2 times (x 68B)
Class com.amazon.ion.impl.lite.IonDecimalLite                                         : loaded 2 times (x 186B)
Class org.jetbrains.plugins.gradle.tooling.util.IntObjectMap$1                        : loaded 2 times (x 75B)
Class [Lcom.amazon.ion.impl.bin.AbstractIonWriter$WriteValueOptimization;             : loaded 2 times (x 67B)
Class com.amazon.ion.Decimal                                                          : loaded 2 times (x 131B)
Class kotlin.reflect.jvm.internal.CachesKt$K_CLASS_CACHE$1                            : loaded 2 times (x 76B)
Class com.google.common.collect.AbstractMultimap$Entries                              : loaded 2 times (x 118B)
Class org.jetbrains.kotlin.config.MavenComparableVersion$ListItem                     : loaded 2 times (x 178B)
Class com.amazon.ion.impl.lite.IonTimestampLite                                       : loaded 2 times (x 190B)
Class com.google.protobuf.ExtensionLite                                               : loaded 2 times (x 75B)
Class kotlin.reflect.jvm.internal.KDeclarationContainerImpl$Companion                 : loaded 2 times (x 69B)
Class com.google.protobuf.Internal$EnumLiteMap                                        : loaded 2 times (x 68B)
Class org.gradle.tooling.internal.adapter.ProtocolToModelAdapter$ViewGraphDetails     : loaded 2 times (x 70B)
Class com.google.common.reflect.Invokable$ConstructorInvokable                        : loaded 2 times (x 103B)
Class com.google.protobuf.SingleFieldBuilderV3                                        : loaded 2 times (x 82B)
Class kotlin.collections.builders.MapBuilder$Companion                                : loaded 2 times (x 69B)
Class com.amazon.ion.system.IonSystemBuilder                                          : loaded 2 times (x 73B)
Class kotlin.reflect.jvm.internal.CachesKt$CACHE_FOR_NULLABLE_BASE_CLASSIFIERS$1      : loaded 2 times (x 76B)
Class com.amazon.ion.IonWriter                                                        : loaded 2 times (x 68B)
Class com.google.common.reflect.TypeCapture                                           : loaded 2 times (x 69B)
Class kotlin.io.ByteStreamsKt                                                         : loaded 2 times (x 69B)
Class com.google.common.collect.ComparisonChain                                       : loaded 2 times (x 78B)
Class kotlin.io.CloseableKt                                                           : loaded 2 times (x 69B)
Class org.jetbrains.kotlin.idea.gradleTooling.AndroidAwareGradleModelProvider         : loaded 2 times (x 77B)
Class com.android.prefs.AbstractAndroidLocations                                      : loaded 2 times (x 80B)
Class com.google.common.hash.HashCode                                                 : loaded 2 times (x 78B)
Class kotlin.reflect.jvm.internal.impl.builtins.functions.FunctionTypeKind$SuspendFunction: loaded 2 times (x 70B)
Class com.amazon.ion.IonType                                                          : loaded 2 times (x 77B)


---------------  S Y S T E M  ---------------

OS:
 Windows 10 , 64 bit Build 19041 (10.0.19041.5915)
OS uptime: 0 days 3:24 hours

CPU: total 2 (initial active 2) (2 cores per cpu, 1 threads per core) family 21 model 16 stepping 1 microcode 0x0, cx8, cmov, fxsr, mmx, 3dnowpref, sse, sse2, sse3, ssse3, sse4a, sse4.1, sse4.2, popcnt, lzcnt, tsc, tscinvbit, avx, aes, clmul, bmi1, fma, vzeroupper, clflush
Processor Information for all 2 processors :
  Max Mhz: 2500, Current Mhz: 2500, Mhz Limit: 2500

Memory: 4k page, system-wide physical 7602M (522M free)
TotalPageFile size 11698M (AvailPageFile size 2134M)
current process WorkingSet (physical memory assigned to process): 3188M, peak: 3270M
current process commit charge ("private bytes"): 4223M, peak: 4223M

vm_info: OpenJDK 64-Bit Server VM (17.0.14+1-b1367.22) for windows-amd64 JRE (17.0.14+1-b1367.22), built on 2025-01-30 by "builduser" with MS VC++ 16.10 / 16.11 (VS2019)

END.
